,filepath,category
0,/mnt/hbnas/datasets/video_classification_videos/h264-vp9-150s/trans-150s/Beauty & Fashion/Yuya/Yuya165.webm,News
1,/mnt/hbnas/datasets/video_classification_videos/h264-vp9-150s/trans-150s/Beauty & Fashion/Yuya/Yuya9.webm,News
2,/mnt/hbnas/datasets/video_classification_videos/h264-vp9-150s/trans-150s/Beauty & Fashion/Yuya/Yuya24.webm,News
3,/mnt/hbnas/datasets/video_classification_videos/h264-vp9-150s/trans-150s/Beauty & Fashion/Yuya/Yuya336.webm,News
4,/mnt/hbnas/datasets/video_classification_videos/h264-vp9-150s/trans-150s/Beauty & Fashion/Yuya/Yuya91.webm,News
5,/mnt/hbnas/datasets/video_classification_videos/h264-vp9-150s/trans-150s/Beauty & Fashion/Yuya/Yuya420.webm,News
6,/mnt/hbnas/datasets/video_classification_videos/h264-vp9-150s/trans-150s/Beauty & Fashion/Yuya/Yuya204.webm,News
7,/mnt/hbnas/datasets/video_classification_videos/h264-vp9-150s/trans-150s/Beauty & Fashion/Yuya/Yuya237.webm,News
8,/mnt/hbnas/datasets/video_classification_videos/h264-vp9-150s/trans-150s/Beauty & Fashion/Yuya/Yuya82.webm,News
9,/mnt/hbnas/datasets/video_classification_videos/h264-vp9-150s/trans-150s/Beauty & Fashion/Yuya/Yuya39.webm,News
10,/mnt/hbnas/datasets/video_classification_videos/h264-vp9-150s/trans-150s/Beauty & Fashion/Yuya/Yuya73.webm,News
11,/mnt/hbnas/datasets/video_classification_videos/h264-vp9-150s/trans-150s/Beauty & Fashion/Yuya/Yuya412.webm,News
12,/mnt/hbnas/datasets/video_classification_videos/h264-vp9-150s/trans-150s/Beauty & Fashion/Yuya/Yuya501.webm,News
13,/mnt/hbnas/datasets/video_classification_videos/h264-vp9-150s/trans-150s/Beauty & Fashion/Yuya/Yuya318.webm,News
14,/mnt/hbnas/datasets/video_classification_videos/h264-vp9-150s/trans-150s/Beauty & Fashion/Yuya/Yuya291.webm,News
15,/mnt/hbnas/datasets/video_classification_videos/h264-vp9-150s/trans-150s/Beauty & Fashion/Yuya/Yuya194.webm,News
16,/mnt/hbnas/datasets/video_classification_videos/h264-vp9-150s/trans-150s/Beauty & Fashion/Yuya/Yuya280.webm,News
17,/mnt/hbnas/datasets/video_classification_videos/h264-vp9-150s/trans-150s/Beauty & Fashion/Yuya/Yuya480.webm,News
18,/mnt/hbnas/datasets/video_classification_videos/h264-vp9-150s/trans-150s/Beauty & Fashion/Yuya/Yuya471.webm,News
19,/mnt/hbnas/datasets/video_classification_videos/h264-vp9-150s/trans-150s/Beauty & Fashion/Yuya/Yuya211.webm,News
20,/mnt/hbnas/datasets/video_classification_videos/h264-vp9-150s/trans-150s/Beauty & Fashion/Yuya/Yuya311.webm,Food
21,/mnt/hbnas/datasets/video_classification_videos/h264-vp9-150s/trans-150s/Beauty & Fashion/Yuya/Yuya388.webm,News
22,/mnt/hbnas/datasets/video_classification_videos/h264-vp9-150s/trans-150s/Beauty & Fashion/Yuya/Yuya76.webm,News
23,/mnt/hbnas/datasets/video_classification_videos/h264-vp9-150s/trans-150s/Beauty & Fashion/Yuya/Yuya360.webm,News
24,/mnt/hbnas/datasets/video_classification_videos/h264-vp9-150s/trans-150s/Beauty & Fashion/Yuya/Yuya111.webm,News
25,/mnt/hbnas/datasets/video_classification_videos/h264-vp9-150s/trans-150s/Beauty & Fashion/Yuya/Yuya446.webm,News
26,/mnt/hbnas/datasets/video_classification_videos/h264-vp9-150s/trans-150s/Beauty & Fashion/Yuya/Yuya527.webm,News
27,/mnt/hbnas/datasets/video_classification_videos/h264-vp9-150s/trans-150s/Beauty & Fashion/Yuya/Yuya502.webm,News
28,/mnt/hbnas/datasets/video_classification_videos/h264-vp9-150s/trans-150s/Beauty & Fashion/Yuya/Yuya267.webm,News
29,/mnt/hbnas/datasets/video_classification_videos/h264-vp9-150s/trans-150s/Beauty & Fashion/Yuya/Yuya266.webm,News
30,/mnt/hbnas/datasets/video_classification_videos/h264-vp9-150s/trans-150s/Beauty & Fashion/Yuya/Yuya359.webm,News
31,/mnt/hbnas/datasets/video_classification_videos/h264-vp9-150s/trans-150s/Beauty & Fashion/Yuya/Yuya299.webm,News
32,/mnt/hbnas/datasets/video_classification_videos/h264-vp9-150s/trans-150s/Beauty & Fashion/Yuya/Yuya499.webm,News
33,/mnt/hbnas/datasets/video_classification_videos/h264-vp9-150s/trans-150s/Beauty & Fashion/Yuya/Yuya367.webm,News
34,/mnt/hbnas/datasets/video_classification_videos/h264-vp9-150s/trans-150s/Beauty & Fashion/Yuya/Yuya208.webm,News
35,/mnt/hbnas/datasets/video_classification_videos/h264-vp9-150s/trans-150s/Beauty & Fashion/Yuya/Yuya255.webm,News
36,/mnt/hbnas/datasets/video_classification_videos/h264-vp9-150s/trans-150s/Beauty & Fashion/Yuya/Yuya529.webm,News
37,/mnt/hbnas/datasets/video_classification_videos/h264-vp9-150s/trans-150s/Beauty & Fashion/Yuya/Yuya503.webm,News
38,/mnt/hbnas/datasets/video_classification_videos/h264-vp9-150s/trans-150s/Beauty & Fashion/Yuya/Yuya409.webm,News
39,/mnt/hbnas/datasets/video_classification_videos/h264-vp9-150s/trans-150s/Beauty & Fashion/Yuya/Yuya361.webm,News
40,/mnt/hbnas/datasets/video_classification_videos/h264-vp9-150s/trans-150s/Beauty & Fashion/Yuya/Yuya174.webm,News
41,/mnt/hbnas/datasets/video_classification_videos/h264-vp9-150s/trans-150s/Beauty & Fashion/Yuya/Yuya175.webm,News
42,/mnt/hbnas/datasets/video_classification_videos/h264-vp9-150s/trans-150s/Beauty & Fashion/Yuya/Yuya343.webm,Food
43,/mnt/hbnas/datasets/video_classification_videos/h264-vp9-150s/trans-150s/Beauty & Fashion/Yuya/Yuya80.webm,News
44,/mnt/hbnas/datasets/video_classification_videos/h264-vp9-150s/trans-150s/Beauty & Fashion/Yuya/Yuya46.webm,Food
45,/mnt/hbnas/datasets/video_classification_videos/h264-vp9-150s/trans-150s/Beauty & Fashion/Yuya/Yuya19.webm,News
46,/mnt/hbnas/datasets/video_classification_videos/h264-vp9-150s/trans-150s/Beauty & Fashion/Yuya/Yuya21.webm,News
47,/mnt/hbnas/datasets/video_classification_videos/h264-vp9-150s/trans-150s/Beauty & Fashion/Yuya/Yuya281.webm,News
48,/mnt/hbnas/datasets/video_classification_videos/h264-vp9-150s/trans-150s/Beauty & Fashion/Yuya/Yuya100.webm,News
49,/mnt/hbnas/datasets/video_classification_videos/h264-vp9-150s/trans-150s/Beauty & Fashion/Yuya/Yuya491.webm,News
50,/mnt/hbnas/datasets/video_classification_videos/h264-vp9-150s/trans-150s/Beauty & Fashion/Yuya/Yuya418.webm,News
51,/mnt/hbnas/datasets/video_classification_videos/h264-vp9-150s/trans-150s/Beauty & Fashion/Yuya/Yuya526.webm,News
52,/mnt/hbnas/datasets/video_classification_videos/h264-vp9-150s/trans-150s/Beauty & Fashion/Yuya/Yuya539.webm,News
53,/mnt/hbnas/datasets/video_classification_videos/h264-vp9-150s/trans-150s/Beauty & Fashion/Yuya/Yuya385.webm,News
54,/mnt/hbnas/datasets/video_classification_videos/h264-vp9-150s/trans-150s/Beauty & Fashion/Yuya/Yuya368.webm,Game
55,/mnt/hbnas/datasets/video_classification_videos/h264-vp9-150s/trans-150s/Beauty & Fashion/Yuya/Yuya240.webm,News
56,/mnt/hbnas/datasets/video_classification_videos/h264-vp9-150s/trans-150s/Beauty & Fashion/Yuya/Yuya114.webm,News
57,/mnt/hbnas/datasets/video_classification_videos/h264-vp9-150s/trans-150s/Beauty & Fashion/Yuya/Yuya25.webm,News
58,/mnt/hbnas/datasets/video_classification_videos/h264-vp9-150s/trans-150s/Beauty & Fashion/Yuya/Yuya276.webm,News
59,/mnt/hbnas/datasets/video_classification_videos/h264-vp9-150s/trans-150s/Beauty & Fashion/Yuya/Yuya47.webm,News
60,/mnt/hbnas/datasets/video_classification_videos/h264-vp9-150s/trans-150s/Beauty & Fashion/Yuya/Yuya166.webm,News
61,/mnt/hbnas/datasets/video_classification_videos/h264-vp9-150s/trans-150s/Beauty & Fashion/Yuya/Yuya374.webm,News
62,/mnt/hbnas/datasets/video_classification_videos/h264-vp9-150s/trans-150s/Beauty & Fashion/Yuya/Yuya461.webm,News
63,/mnt/hbnas/datasets/video_classification_videos/h264-vp9-150s/trans-150s/Beauty & Fashion/Yuya/Yuya169.webm,News
64,/mnt/hbnas/datasets/video_classification_videos/h264-vp9-150s/trans-150s/Beauty & Fashion/Yuya/Yuya38.webm,News
65,/mnt/hbnas/datasets/video_classification_videos/h264-vp9-150s/trans-150s/Beauty & Fashion/Yuya/Yuya157.webm,News
66,/mnt/hbnas/datasets/video_classification_videos/h264-vp9-150s/trans-150s/Beauty & Fashion/Yuya/Yuya214.webm,News
67,/mnt/hbnas/datasets/video_classification_videos/h264-vp9-150s/trans-150s/Beauty & Fashion/Yuya/Yuya207.webm,News
68,/mnt/hbnas/datasets/video_classification_videos/h264-vp9-150s/trans-150s/Beauty & Fashion/Yuya/Yuya170.webm,News
69,/mnt/hbnas/datasets/video_classification_videos/h264-vp9-150s/trans-150s/Beauty & Fashion/Yuya/Yuya23.webm,News
70,/mnt/hbnas/datasets/video_classification_videos/h264-vp9-150s/trans-150s/Beauty & Fashion/Yuya/Yuya238.webm,News
71,/mnt/hbnas/datasets/video_classification_videos/h264-vp9-150s/trans-150s/Beauty & Fashion/Yuya/Yuya364.webm,News
72,/mnt/hbnas/datasets/video_classification_videos/h264-vp9-150s/trans-150s/Beauty & Fashion/Yuya/Yuya478.webm,News
73,/mnt/hbnas/datasets/video_classification_videos/h264-vp9-150s/trans-150s/Beauty & Fashion/Yuya/Yuya347.webm,News
74,/mnt/hbnas/datasets/video_classification_videos/h264-vp9-150s/trans-150s/Beauty & Fashion/Yuya/Yuya272.webm,News
75,/mnt/hbnas/datasets/video_classification_videos/h264-vp9-150s/trans-150s/Beauty & Fashion/Yuya/Yuya485.webm,News
76,/mnt/hbnas/datasets/video_classification_videos/h264-vp9-150s/trans-150s/Beauty & Fashion/Yuya/Yuya458.webm,News
77,/mnt/hbnas/datasets/video_classification_videos/h264-vp9-150s/trans-150s/Beauty & Fashion/Yuya/Yuya52.webm,News
78,/mnt/hbnas/datasets/video_classification_videos/h264-vp9-150s/trans-150s/Beauty & Fashion/Yuya/Yuya172.webm,News
79,/mnt/hbnas/datasets/video_classification_videos/h264-vp9-150s/trans-150s/Beauty & Fashion/Nikkie/Nikkie164.webm,News
80,/mnt/hbnas/datasets/video_classification_videos/h264-vp9-150s/trans-150s/Beauty & Fashion/Nikkie/Nikkie698.webm,News
81,/mnt/hbnas/datasets/video_classification_videos/h264-vp9-150s/trans-150s/Beauty & Fashion/Nikkie/Nikkie588.webm,Game
82,/mnt/hbnas/datasets/video_classification_videos/h264-vp9-150s/trans-150s/Beauty & Fashion/Nikkie/Nikkie330.webm,News
83,/mnt/hbnas/datasets/video_classification_videos/h264-vp9-150s/trans-150s/Beauty & Fashion/Nikkie/Nikkie471.webm,News
84,/mnt/hbnas/datasets/video_classification_videos/h264-vp9-150s/trans-150s/Beauty & Fashion/Nikkie/Nikkie528.webm,News
85,/mnt/hbnas/datasets/video_classification_videos/h264-vp9-150s/trans-150s/Beauty & Fashion/Nikkie/Nikkie13.webm,News
86,/mnt/hbnas/datasets/video_classification_videos/h264-vp9-150s/trans-150s/Beauty & Fashion/Nikkie/Nikkie227.webm,News
87,/mnt/hbnas/datasets/video_classification_videos/h264-vp9-150s/trans-150s/Beauty & Fashion/Nikkie/Nikkie176.webm,News
88,/mnt/hbnas/datasets/video_classification_videos/h264-vp9-150s/trans-150s/Beauty & Fashion/Nikkie/Nikkie219.webm,News
89,/mnt/hbnas/datasets/video_classification_videos/h264-vp9-150s/trans-150s/Beauty & Fashion/Nikkie/Nikkie583.webm,News
90,/mnt/hbnas/datasets/video_classification_videos/h264-vp9-150s/trans-150s/Beauty & Fashion/Nikkie/Nikkie173.webm,News
91,/mnt/hbnas/datasets/video_classification_videos/h264-vp9-150s/trans-150s/Beauty & Fashion/Nikkie/Nikkie255.webm,News
92,/mnt/hbnas/datasets/video_classification_videos/h264-vp9-150s/trans-150s/Beauty & Fashion/Nikkie/Nikkie382.webm,News
93,/mnt/hbnas/datasets/video_classification_videos/h264-vp9-150s/trans-150s/Beauty & Fashion/Nikkie/Nikkie512.webm,News
94,/mnt/hbnas/datasets/video_classification_videos/h264-vp9-150s/trans-150s/Beauty & Fashion/Nikkie/Nikkie83.webm,News
95,/mnt/hbnas/datasets/video_classification_videos/h264-vp9-150s/trans-150s/Beauty & Fashion/Nikkie/Nikkie279.webm,News
96,/mnt/hbnas/datasets/video_classification_videos/h264-vp9-150s/trans-150s/Beauty & Fashion/Nikkie/Nikkie142.webm,News
97,/mnt/hbnas/datasets/video_classification_videos/h264-vp9-150s/trans-150s/Beauty & Fashion/Nikkie/Nikkie263.webm,News
98,/mnt/hbnas/datasets/video_classification_videos/h264-vp9-150s/trans-150s/Beauty & Fashion/Nikkie/Nikkie211.webm,News
99,/mnt/hbnas/datasets/video_classification_videos/h264-vp9-150s/trans-150s/Beauty & Fashion/Nikkie/Nikkie384.webm,News
100,/mnt/hbnas/datasets/video_classification_videos/h264-vp9-150s/trans-150s/Beauty & Fashion/Nikkie/Nikkie145.webm,Game
101,/mnt/hbnas/datasets/video_classification_videos/h264-vp9-150s/trans-150s/Beauty & Fashion/Nikkie/Nikkie538.webm,News
102,/mnt/hbnas/datasets/video_classification_videos/h264-vp9-150s/trans-150s/Beauty & Fashion/Nikkie/Nikkie190.webm,News
103,/mnt/hbnas/datasets/video_classification_videos/h264-vp9-150s/trans-150s/Beauty & Fashion/Nikkie/Nikkie624.webm,News
104,/mnt/hbnas/datasets/video_classification_videos/h264-vp9-150s/trans-150s/Beauty & Fashion/Nikkie/Nikkie695.webm,News
105,/mnt/hbnas/datasets/video_classification_videos/h264-vp9-150s/trans-150s/Beauty & Fashion/Nikkie/Nikkie488.webm,News
106,/mnt/hbnas/datasets/video_classification_videos/h264-vp9-150s/trans-150s/Beauty & Fashion/Nikkie/Nikkie510.webm,News
107,/mnt/hbnas/datasets/video_classification_videos/h264-vp9-150s/trans-150s/Beauty & Fashion/Nikkie/Nikkie490.webm,News
108,/mnt/hbnas/datasets/video_classification_videos/h264-vp9-150s/trans-150s/Beauty & Fashion/Nikkie/Nikkie218.webm,News
109,/mnt/hbnas/datasets/video_classification_videos/h264-vp9-150s/trans-150s/Beauty & Fashion/Nikkie/Nikkie553.webm,News
110,/mnt/hbnas/datasets/video_classification_videos/h264-vp9-150s/trans-150s/Beauty & Fashion/Nikkie/Nikkie310.webm,News
111,/mnt/hbnas/datasets/video_classification_videos/h264-vp9-150s/trans-150s/Beauty & Fashion/Nikkie/Nikkie264.webm,News
112,/mnt/hbnas/datasets/video_classification_videos/h264-vp9-150s/trans-150s/Beauty & Fashion/Nikkie/Nikkie228.webm,News
113,/mnt/hbnas/datasets/video_classification_videos/h264-vp9-150s/trans-150s/Beauty & Fashion/Nikkie/Nikkie578.webm,News
114,/mnt/hbnas/datasets/video_classification_videos/h264-vp9-150s/trans-150s/Beauty & Fashion/Nikkie/Nikkie103.webm,News
115,/mnt/hbnas/datasets/video_classification_videos/h264-vp9-150s/trans-150s/Beauty & Fashion/Nikkie/Nikkie324.webm,News
116,/mnt/hbnas/datasets/video_classification_videos/h264-vp9-150s/trans-150s/Beauty & Fashion/Nikkie/Nikkie354.webm,News
117,/mnt/hbnas/datasets/video_classification_videos/h264-vp9-150s/trans-150s/Beauty & Fashion/Nikkie/Nikkie765.webm,News
118,/mnt/hbnas/datasets/video_classification_videos/h264-vp9-150s/trans-150s/Beauty & Fashion/Nikkie/Nikkie558.webm,News
119,/mnt/hbnas/datasets/video_classification_videos/h264-vp9-150s/trans-150s/Beauty & Fashion/Nikkie/Nikkie374.webm,News
120,/mnt/hbnas/datasets/video_classification_videos/h264-vp9-150s/trans-150s/Beauty & Fashion/Nikkie/Nikkie380.webm,News
121,/mnt/hbnas/datasets/video_classification_videos/h264-vp9-150s/trans-150s/Beauty & Fashion/Nikkie/Nikkie107.webm,News
122,/mnt/hbnas/datasets/video_classification_videos/h264-vp9-150s/trans-150s/Beauty & Fashion/Nikkie/Nikkie398.webm,News
123,/mnt/hbnas/datasets/video_classification_videos/h264-vp9-150s/trans-150s/Beauty & Fashion/Nikkie/Nikkie728.webm,News
124,/mnt/hbnas/datasets/video_classification_videos/h264-vp9-150s/trans-150s/Beauty & Fashion/Nikkie/Nikkie437.webm,News
125,/mnt/hbnas/datasets/video_classification_videos/h264-vp9-150s/trans-150s/Beauty & Fashion/Nikkie/Nikkie524.webm,Food
126,/mnt/hbnas/datasets/video_classification_videos/h264-vp9-150s/trans-150s/Beauty & Fashion/Nikkie/Nikkie561.webm,News
127,/mnt/hbnas/datasets/video_classification_videos/h264-vp9-150s/trans-150s/Beauty & Fashion/Nikkie/Nikkie48.webm,News
128,/mnt/hbnas/datasets/video_classification_videos/h264-vp9-150s/trans-150s/Beauty & Fashion/Nikkie/Nikkie547.webm,News
129,/mnt/hbnas/datasets/video_classification_videos/h264-vp9-150s/trans-150s/Beauty & Fashion/Nikkie/Nikkie254.webm,News
130,/mnt/hbnas/datasets/video_classification_videos/h264-vp9-150s/trans-150s/Beauty & Fashion/Nikkie/Nikkie590.webm,News
131,/mnt/hbnas/datasets/video_classification_videos/h264-vp9-150s/trans-150s/Beauty & Fashion/Nikkie/Nikkie177.webm,News
132,/mnt/hbnas/datasets/video_classification_videos/h264-vp9-150s/trans-150s/Beauty & Fashion/Nikkie/Nikkie118.webm,News
133,/mnt/hbnas/datasets/video_classification_videos/h264-vp9-150s/trans-150s/Beauty & Fashion/Nikkie/Nikkie427.webm,News
134,/mnt/hbnas/datasets/video_classification_videos/h264-vp9-150s/trans-150s/Beauty & Fashion/Nikkie/Nikkie616.webm,News
135,/mnt/hbnas/datasets/video_classification_videos/h264-vp9-150s/trans-150s/Beauty & Fashion/Nikkie/Nikkie634.webm,News
136,/mnt/hbnas/datasets/video_classification_videos/h264-vp9-150s/trans-150s/Beauty & Fashion/Nikkie/Nikkie549.webm,News
137,/mnt/hbnas/datasets/video_classification_videos/h264-vp9-150s/trans-150s/Beauty & Fashion/Nikkie/Nikkie137.webm,Food
138,/mnt/hbnas/datasets/video_classification_videos/h264-vp9-150s/trans-150s/Beauty & Fashion/Nikkie/Nikkie571.webm,News
139,/mnt/hbnas/datasets/video_classification_videos/h264-vp9-150s/trans-150s/Beauty & Fashion/Nikkie/Nikkie568.webm,News
140,/mnt/hbnas/datasets/video_classification_videos/h264-vp9-150s/trans-150s/Beauty & Fashion/Nikkie/Nikkie714.webm,News
141,/mnt/hbnas/datasets/video_classification_videos/h264-vp9-150s/trans-150s/Beauty & Fashion/Nikkie/Nikkie565.webm,News
142,/mnt/hbnas/datasets/video_classification_videos/h264-vp9-150s/trans-150s/Beauty & Fashion/Nikkie/Nikkie686.webm,News
143,/mnt/hbnas/datasets/video_classification_videos/h264-vp9-150s/trans-150s/Beauty & Fashion/Nikkie/Nikkie656.webm,News
144,/mnt/hbnas/datasets/video_classification_videos/h264-vp9-150s/trans-150s/Beauty & Fashion/Nikkie/Nikkie202.webm,News
145,/mnt/hbnas/datasets/video_classification_videos/h264-vp9-150s/trans-150s/Beauty & Fashion/Nikkie/Nikkie75.webm,News
146,/mnt/hbnas/datasets/video_classification_videos/h264-vp9-150s/trans-150s/Beauty & Fashion/Nikkie/Nikkie186.webm,News
147,/mnt/hbnas/datasets/video_classification_videos/h264-vp9-150s/trans-150s/Beauty & Fashion/Nikkie/Nikkie308.webm,News
148,/mnt/hbnas/datasets/video_classification_videos/h264-vp9-150s/trans-150s/Beauty & Fashion/Nikkie/Nikkie215.webm,News
149,/mnt/hbnas/datasets/video_classification_videos/h264-vp9-150s/trans-150s/Beauty & Fashion/Nikkie/Nikkie498.webm,News
150,/mnt/hbnas/datasets/video_classification_videos/h264-vp9-150s/trans-150s/Beauty & Fashion/Nikkie/Nikkie250.webm,News
151,/mnt/hbnas/datasets/video_classification_videos/h264-vp9-150s/trans-150s/Beauty & Fashion/Nikkie/Nikkie623.webm,News
152,/mnt/hbnas/datasets/video_classification_videos/h264-vp9-150s/trans-150s/Beauty & Fashion/Nikkie/Nikkie631.webm,News
153,/mnt/hbnas/datasets/video_classification_videos/h264-vp9-150s/trans-150s/Beauty & Fashion/Nikkie/Nikkie170.webm,News
154,/mnt/hbnas/datasets/video_classification_videos/h264-vp9-150s/trans-150s/Beauty & Fashion/Nikkie/Nikkie515.webm,News
155,/mnt/hbnas/datasets/video_classification_videos/h264-vp9-150s/trans-150s/Beauty & Fashion/Nikkie/Nikkie577.webm,News
156,/mnt/hbnas/datasets/video_classification_videos/h264-vp9-150s/trans-150s/Beauty & Fashion/Nikkie/Nikkie135.webm,Game
157,/mnt/hbnas/datasets/video_classification_videos/h264-vp9-150s/trans-150s/Beauty & Fashion/Nikkie/Nikkie108.webm,News
158,/mnt/hbnas/datasets/video_classification_videos/h264-vp9-150s/trans-150s/Beauty & Fashion/Nikkie/Nikkie352.webm,News
159,/mnt/hbnas/datasets/video_classification_videos/h264-vp9-150s/trans-150s/Beauty & Fashion/Nikkie/Nikkie239.webm,News
160,/mnt/hbnas/datasets/video_classification_videos/h264-vp9-150s/trans-150s/Beauty & Fashion/Nikkie/Nikkie628.webm,News
161,/mnt/hbnas/datasets/video_classification_videos/h264-vp9-150s/trans-150s/Beauty & Fashion/Nikkie/Nikkie410.webm,News
162,/mnt/hbnas/datasets/video_classification_videos/h264-vp9-150s/trans-150s/Beauty & Fashion/Nikkie/Nikkie614.webm,News
163,/mnt/hbnas/datasets/video_classification_videos/h264-vp9-150s/trans-150s/Beauty & Fashion/Nikkie/Nikkie206.webm,News
164,/mnt/hbnas/datasets/video_classification_videos/h264-vp9-150s/trans-150s/Beauty & Fashion/Nikkie/Nikkie552.webm,News
165,/mnt/hbnas/datasets/video_classification_videos/h264-vp9-150s/trans-150s/Beauty & Fashion/Nikkie/Nikkie373.webm,News
166,/mnt/hbnas/datasets/video_classification_videos/h264-vp9-150s/trans-150s/Beauty & Fashion/Nikkie/Nikkie653.webm,News
167,/mnt/hbnas/datasets/video_classification_videos/h264-vp9-150s/trans-150s/Beauty & Fashion/Nikkie/Nikkie155.webm,News
168,/mnt/hbnas/datasets/video_classification_videos/h264-vp9-150s/trans-150s/Beauty & Fashion/Nikkie/Nikkie735.webm,News
169,/mnt/hbnas/datasets/video_classification_videos/h264-vp9-150s/trans-150s/Beauty & Fashion/Nikkie/Nikkie556.webm,News
170,/mnt/hbnas/datasets/video_classification_videos/h264-vp9-150s/trans-150s/Beauty & Fashion/Nikkie/Nikkie194.webm,News
171,/mnt/hbnas/datasets/video_classification_videos/h264-vp9-150s/trans-150s/Beauty & Fashion/Nikkie/Nikkie506.webm,News
172,/mnt/hbnas/datasets/video_classification_videos/h264-vp9-150s/trans-150s/Beauty & Fashion/Nikkie/Nikkie625.webm,News
173,/mnt/hbnas/datasets/video_classification_videos/h264-vp9-150s/trans-150s/Beauty & Fashion/Nikkie/Nikkie705.webm,News
174,/mnt/hbnas/datasets/video_classification_videos/h264-vp9-150s/trans-150s/Beauty & Fashion/Nikkie/Nikkie607.webm,News
175,/mnt/hbnas/datasets/video_classification_videos/h264-vp9-150s/trans-150s/Beauty & Fashion/Nikkie/Nikkie390.webm,News
176,/mnt/hbnas/datasets/video_classification_videos/h264-vp9-150s/trans-150s/Beauty & Fashion/Nikkie/Nikkie80.webm,News
177,/mnt/hbnas/datasets/video_classification_videos/h264-vp9-150s/trans-150s/Beauty & Fashion/Nikkie/Nikkie204.webm,News
178,/mnt/hbnas/datasets/video_classification_videos/h264-vp9-150s/trans-150s/Beauty & Fashion/Nikkie/Nikkie120.webm,Game
179,/mnt/hbnas/datasets/video_classification_videos/h264-vp9-150s/trans-150s/Beauty & Fashion/Nikkie/Nikkie237.webm,News
180,/mnt/hbnas/datasets/video_classification_videos/h264-vp9-150s/trans-150s/Beauty & Fashion/Nikkie/Nikkie95.webm,News
181,/mnt/hbnas/datasets/video_classification_videos/h264-vp9-150s/trans-150s/Beauty & Fashion/Nikkie/Nikkie508.webm,News
182,/mnt/hbnas/datasets/video_classification_videos/h264-vp9-150s/trans-150s/Beauty & Fashion/Nikkie/Nikkie76.webm,News
183,/mnt/hbnas/datasets/video_classification_videos/h264-vp9-150s/trans-150s/Beauty & Fashion/Nikkie/Nikkie742.webm,News
184,/mnt/hbnas/datasets/video_classification_videos/h264-vp9-150s/trans-150s/Beauty & Fashion/Nikkie/Nikkie540.webm,News
185,/mnt/hbnas/datasets/video_classification_videos/h264-vp9-150s/trans-150s/Beauty & Fashion/Nikkie/Nikkie418.webm,News
186,/mnt/hbnas/datasets/video_classification_videos/h264-vp9-150s/trans-150s/Beauty & Fashion/Nikkie/Nikkie174.webm,News
187,/mnt/hbnas/datasets/video_classification_videos/h264-vp9-150s/trans-150s/Beauty & Fashion/Nikkie/Nikkie388.webm,News
188,/mnt/hbnas/datasets/video_classification_videos/h264-vp9-150s/trans-150s/Beauty & Fashion/Nikkie/Nikkie56.webm,News
189,/mnt/hbnas/datasets/video_classification_videos/h264-vp9-150s/trans-150s/Beauty & Fashion/James charles/james408.webm,News
190,/mnt/hbnas/datasets/video_classification_videos/h264-vp9-150s/trans-150s/Beauty & Fashion/James charles/james275.webm,News
191,/mnt/hbnas/datasets/video_classification_videos/h264-vp9-150s/trans-150s/Beauty & Fashion/James charles/james247.webm,Game
192,/mnt/hbnas/datasets/video_classification_videos/h264-vp9-150s/trans-150s/Beauty & Fashion/James charles/james135.webm,Game
193,/mnt/hbnas/datasets/video_classification_videos/h264-vp9-150s/trans-150s/Beauty & Fashion/James charles/james417.webm,News
194,/mnt/hbnas/datasets/video_classification_videos/h264-vp9-150s/trans-150s/Beauty & Fashion/James charles/james41.webm,Music
195,/mnt/hbnas/datasets/video_classification_videos/h264-vp9-150s/trans-150s/Beauty & Fashion/James charles/james148.webm,News
196,/mnt/hbnas/datasets/video_classification_videos/h264-vp9-150s/trans-150s/Beauty & Fashion/James charles/james209.webm,News
197,/mnt/hbnas/datasets/video_classification_videos/h264-vp9-150s/trans-150s/Beauty & Fashion/James charles/james29.webm,News
198,/mnt/hbnas/datasets/video_classification_videos/h264-vp9-150s/trans-150s/Beauty & Fashion/James charles/james329.webm,News
199,/mnt/hbnas/datasets/video_classification_videos/h264-vp9-150s/trans-150s/Beauty & Fashion/James charles/james201.webm,Game
200,/mnt/hbnas/datasets/video_classification_videos/h264-vp9-150s/trans-150s/Beauty & Fashion/James charles/james410.webm,Movie
201,/mnt/hbnas/datasets/video_classification_videos/h264-vp9-150s/trans-150s/Beauty & Fashion/James charles/james61.webm,News
202,/mnt/hbnas/datasets/video_classification_videos/h264-vp9-150s/trans-150s/Beauty & Fashion/James charles/james346.webm,Music
203,/mnt/hbnas/datasets/video_classification_videos/h264-vp9-150s/trans-150s/Beauty & Fashion/James charles/james55.webm,News
204,/mnt/hbnas/datasets/video_classification_videos/h264-vp9-150s/trans-150s/Beauty & Fashion/James charles/james314.webm,Music
205,/mnt/hbnas/datasets/video_classification_videos/h264-vp9-150s/trans-150s/Beauty & Fashion/James charles/james400.webm,News
206,/mnt/hbnas/datasets/video_classification_videos/h264-vp9-150s/trans-150s/Beauty & Fashion/James charles/james236.webm,News
207,/mnt/hbnas/datasets/video_classification_videos/h264-vp9-150s/trans-150s/Beauty & Fashion/James charles/james140.webm,News
208,/mnt/hbnas/datasets/video_classification_videos/h264-vp9-150s/trans-150s/Beauty & Fashion/James charles/james235.webm,News
209,/mnt/hbnas/datasets/video_classification_videos/h264-vp9-150s/trans-150s/Beauty & Fashion/James charles/james85.webm,News
210,/mnt/hbnas/datasets/video_classification_videos/h264-vp9-150s/trans-150s/Beauty & Fashion/James charles/james252.webm,Music
211,/mnt/hbnas/datasets/video_classification_videos/h264-vp9-150s/trans-150s/Beauty & Fashion/James charles/james78.webm,News
212,/mnt/hbnas/datasets/video_classification_videos/h264-vp9-150s/trans-150s/Beauty & Fashion/James charles/james98.webm,News
213,/mnt/hbnas/datasets/video_classification_videos/h264-vp9-150s/trans-150s/Beauty & Fashion/James charles/james398.webm,News
214,/mnt/hbnas/datasets/video_classification_videos/h264-vp9-150s/trans-150s/Beauty & Fashion/James charles/james360.webm,News
215,/mnt/hbnas/datasets/video_classification_videos/h264-vp9-150s/trans-150s/Beauty & Fashion/James charles/james7.webm,News
216,/mnt/hbnas/datasets/video_classification_videos/h264-vp9-150s/trans-150s/Beauty & Fashion/James charles/james64.webm,News
217,/mnt/hbnas/datasets/video_classification_videos/h264-vp9-150s/trans-150s/Beauty & Fashion/James charles/james141.webm,News
218,/mnt/hbnas/datasets/video_classification_videos/h264-vp9-150s/trans-150s/Beauty & Fashion/James charles/james390.webm,News
219,/mnt/hbnas/datasets/video_classification_videos/h264-vp9-150s/trans-150s/Beauty & Fashion/James charles/james328.webm,News
220,/mnt/hbnas/datasets/video_classification_videos/h264-vp9-150s/trans-150s/Beauty & Fashion/James charles/james74.webm,Food
221,/mnt/hbnas/datasets/video_classification_videos/h264-vp9-150s/trans-150s/Beauty & Fashion/James charles/james386.webm,News
222,/mnt/hbnas/datasets/video_classification_videos/h264-vp9-150s/trans-150s/Beauty & Fashion/James charles/james288.webm,Music
223,/mnt/hbnas/datasets/video_classification_videos/h264-vp9-150s/trans-150s/Beauty & Fashion/James charles/james198.webm,Game
224,/mnt/hbnas/datasets/video_classification_videos/h264-vp9-150s/trans-150s/Beauty & Fashion/James charles/james65.webm,News
225,/mnt/hbnas/datasets/video_classification_videos/h264-vp9-150s/trans-150s/Beauty & Fashion/James charles/james51.webm,News
226,/mnt/hbnas/datasets/video_classification_videos/h264-vp9-150s/trans-150s/Beauty & Fashion/James charles/james143.webm,News
227,/mnt/hbnas/datasets/video_classification_videos/h264-vp9-150s/trans-150s/Beauty & Fashion/James charles/james100.webm,Game
228,/mnt/hbnas/datasets/video_classification_videos/h264-vp9-150s/trans-150s/Beauty & Fashion/James charles/james21.webm,News
229,/mnt/hbnas/datasets/video_classification_videos/h264-vp9-150s/trans-150s/Beauty & Fashion/James charles/james122.webm,News
230,/mnt/hbnas/datasets/video_classification_videos/h264-vp9-150s/trans-150s/Beauty & Fashion/James charles/james362.webm,News
231,/mnt/hbnas/datasets/video_classification_videos/h264-vp9-150s/trans-150s/Beauty & Fashion/James charles/james199.webm,News
232,/mnt/hbnas/datasets/video_classification_videos/h264-vp9-150s/trans-150s/Beauty & Fashion/James charles/james409.webm,Game
233,/mnt/hbnas/datasets/video_classification_videos/h264-vp9-150s/trans-150s/Beauty & Fashion/James charles/james334.webm,News
234,/mnt/hbnas/datasets/video_classification_videos/h264-vp9-150s/trans-150s/Beauty & Fashion/James charles/james368.webm,News
235,/mnt/hbnas/datasets/video_classification_videos/h264-vp9-150s/trans-150s/Beauty & Fashion/James charles/james231.webm,News
236,/mnt/hbnas/datasets/video_classification_videos/h264-vp9-150s/trans-150s/Beauty & Fashion/James charles/james187.webm,News
237,/mnt/hbnas/datasets/video_classification_videos/h264-vp9-150s/trans-150s/Beauty & Fashion/James charles/james208.webm,News
238,/mnt/hbnas/datasets/video_classification_videos/h264-vp9-150s/trans-150s/Beauty & Fashion/James charles/james296.webm,News
239,/mnt/hbnas/datasets/video_classification_videos/h264-vp9-150s/trans-150s/Beauty & Fashion/James charles/james38.webm,News
240,/mnt/hbnas/datasets/video_classification_videos/h264-vp9-150s/trans-150s/Beauty & Fashion/James charles/james300.webm,News
241,/mnt/hbnas/datasets/video_classification_videos/h264-vp9-150s/trans-150s/Beauty & Fashion/James charles/james203.webm,News
242,/mnt/hbnas/datasets/video_classification_videos/h264-vp9-150s/trans-150s/Beauty & Fashion/Zoella/Zoella300.webm,News
243,/mnt/hbnas/datasets/video_classification_videos/h264-vp9-150s/trans-150s/Beauty & Fashion/Zoella/Zoella63.webm,Music
244,/mnt/hbnas/datasets/video_classification_videos/h264-vp9-150s/trans-150s/Beauty & Fashion/Zoella/Zoella291.webm,Game
245,/mnt/hbnas/datasets/video_classification_videos/h264-vp9-150s/trans-150s/Beauty & Fashion/Zoella/Zoella182.webm,News
246,/mnt/hbnas/datasets/video_classification_videos/h264-vp9-150s/trans-150s/Beauty & Fashion/Zoella/Zoella237.webm,News
247,/mnt/hbnas/datasets/video_classification_videos/h264-vp9-150s/trans-150s/Beauty & Fashion/Zoella/Zoella51.webm,News
248,/mnt/hbnas/datasets/video_classification_videos/h264-vp9-150s/trans-150s/Beauty & Fashion/Zoella/Zoella335.webm,News
249,/mnt/hbnas/datasets/video_classification_videos/h264-vp9-150s/trans-150s/Beauty & Fashion/Zoella/Zoella158.webm,News
250,/mnt/hbnas/datasets/video_classification_videos/h264-vp9-150s/trans-150s/Beauty & Fashion/Zoella/Zoella176.webm,News
251,/mnt/hbnas/datasets/video_classification_videos/h264-vp9-150s/trans-150s/Beauty & Fashion/Zoella/Zoella189.webm,News
252,/mnt/hbnas/datasets/video_classification_videos/h264-vp9-150s/trans-150s/Beauty & Fashion/Zoella/Zoella144.webm,News
253,/mnt/hbnas/datasets/video_classification_videos/h264-vp9-150s/trans-150s/Beauty & Fashion/Zoella/Zoella23.webm,News
254,/mnt/hbnas/datasets/video_classification_videos/h264-vp9-150s/trans-150s/Beauty & Fashion/Zoella/Zoella109.webm,Game
255,/mnt/hbnas/datasets/video_classification_videos/h264-vp9-150s/trans-150s/Beauty & Fashion/Zoella/Zoella372.webm,Game
256,/mnt/hbnas/datasets/video_classification_videos/h264-vp9-150s/trans-150s/Beauty & Fashion/Zoella/Zoella35.webm,News
257,/mnt/hbnas/datasets/video_classification_videos/h264-vp9-150s/trans-150s/Beauty & Fashion/Zoella/Zoella264.webm,Music
258,/mnt/hbnas/datasets/video_classification_videos/h264-vp9-150s/trans-150s/Beauty & Fashion/Zoella/Zoella49.webm,News
259,/mnt/hbnas/datasets/video_classification_videos/h264-vp9-150s/trans-150s/Beauty & Fashion/Zoella/Zoella261.webm,News
260,/mnt/hbnas/datasets/video_classification_videos/h264-vp9-150s/trans-150s/Beauty & Fashion/Zoella/Zoella28.webm,News
261,/mnt/hbnas/datasets/video_classification_videos/h264-vp9-150s/trans-150s/Beauty & Fashion/Zoella/Zoella179.webm,News
262,/mnt/hbnas/datasets/video_classification_videos/h264-vp9-150s/trans-150s/Beauty & Fashion/Zoella/Zoella350.webm,Music
263,/mnt/hbnas/datasets/video_classification_videos/h264-vp9-150s/trans-150s/Beauty & Fashion/Zoella/Zoella177.webm,News
264,/mnt/hbnas/datasets/video_classification_videos/h264-vp9-150s/trans-150s/Beauty & Fashion/Zoella/Zoella27.webm,Music
265,/mnt/hbnas/datasets/video_classification_videos/h264-vp9-150s/trans-150s/Beauty & Fashion/Zoella/Zoella19.webm,News
266,/mnt/hbnas/datasets/video_classification_videos/h264-vp9-150s/trans-150s/Beauty & Fashion/Zoella/Zoella362.webm,Music
267,/mnt/hbnas/datasets/video_classification_videos/h264-vp9-150s/trans-150s/Beauty & Fashion/Zoella/Zoella271.webm,Game
268,/mnt/hbnas/datasets/video_classification_videos/h264-vp9-150s/trans-150s/Beauty & Fashion/Zoella/Zoella320.webm,Game
269,/mnt/hbnas/datasets/video_classification_videos/h264-vp9-150s/trans-150s/Beauty & Fashion/Zoella/Zoella302.webm,Music
270,/mnt/hbnas/datasets/video_classification_videos/h264-vp9-150s/trans-150s/Beauty & Fashion/Zoella/Zoella248.webm,News
271,/mnt/hbnas/datasets/video_classification_videos/h264-vp9-150s/trans-150s/Beauty & Fashion/Zoella/Zoella36.webm,Game
272,/mnt/hbnas/datasets/video_classification_videos/h264-vp9-150s/trans-150s/Beauty & Fashion/Zoella/Zoella318.webm,News
273,/mnt/hbnas/datasets/video_classification_videos/h264-vp9-150s/trans-150s/Beauty & Fashion/Zoella/Zoella149.webm,Game
274,/mnt/hbnas/datasets/video_classification_videos/h264-vp9-150s/trans-150s/Beauty & Fashion/Zoella/Zoella323.webm,Game
275,/mnt/hbnas/datasets/video_classification_videos/h264-vp9-150s/trans-150s/Beauty & Fashion/Zoella/Zoella375.webm,News
276,/mnt/hbnas/datasets/video_classification_videos/h264-vp9-150s/trans-150s/Beauty & Fashion/Zoella/Zoella147.webm,News
277,/mnt/hbnas/datasets/video_classification_videos/h264-vp9-150s/trans-150s/Beauty & Fashion/Zoella/Zoella310.webm,News
278,/mnt/hbnas/datasets/video_classification_videos/h264-vp9-150s/trans-150s/Beauty & Fashion/Zoella/Zoella54.webm,Music
279,/mnt/hbnas/datasets/video_classification_videos/h264-vp9-150s/trans-150s/Beauty & Fashion/Zoella/Zoella243.webm,Game
280,/mnt/hbnas/datasets/video_classification_videos/h264-vp9-150s/trans-150s/Beauty & Fashion/Zoella/Zoella120.webm,News
281,/mnt/hbnas/datasets/video_classification_videos/h264-vp9-150s/trans-150s/Beauty & Fashion/Zoella/Zoella266.webm,Game
282,/mnt/hbnas/datasets/video_classification_videos/h264-vp9-150s/trans-150s/Beauty & Fashion/Zoella/Zoella118.webm,News
283,/mnt/hbnas/datasets/video_classification_videos/h264-vp9-150s/trans-150s/Beauty & Fashion/Zoella/Zoella115.webm,Music
284,/mnt/hbnas/datasets/video_classification_videos/h264-vp9-150s/trans-150s/Beauty & Fashion/Zoella/Zoella239.webm,News
285,/mnt/hbnas/datasets/video_classification_videos/h264-vp9-150s/trans-150s/Beauty & Fashion/Zoella/Zoella226.webm,News
286,/mnt/hbnas/datasets/video_classification_videos/h264-vp9-150s/trans-150s/Beauty & Fashion/Zoella/Zoella132.webm,Game
287,/mnt/hbnas/datasets/video_classification_videos/h264-vp9-150s/trans-150s/Beauty & Fashion/Zoella/Zoella287.webm,Food
288,/mnt/hbnas/datasets/video_classification_videos/h264-vp9-150s/trans-150s/Beauty & Fashion/Zoella/Zoella250.webm,News
289,/mnt/hbnas/datasets/video_classification_videos/h264-vp9-150s/trans-150s/Beauty & Fashion/Zoella/Zoella347.webm,News
290,/mnt/hbnas/datasets/video_classification_videos/h264-vp9-150s/trans-150s/Beauty & Fashion/Zoella/Zoella102.webm,Game
291,/mnt/hbnas/datasets/video_classification_videos/h264-vp9-150s/trans-150s/Beauty & Fashion/Zoella/Zoella55.webm,Music
292,/mnt/hbnas/datasets/video_classification_videos/h264-vp9-150s/trans-150s/Beauty & Fashion/Zoella/Zoella282.webm,News
293,/mnt/hbnas/datasets/video_classification_videos/h264-vp9-150s/trans-150s/Beauty & Fashion/Zoella/Zoella121.webm,News
294,/mnt/hbnas/datasets/video_classification_videos/h264-vp9-150s/trans-150s/Beauty & Fashion/Zoella/Zoella247.webm,Game
295,/mnt/hbnas/datasets/video_classification_videos/h264-vp9-150s/trans-150s/Beauty & Fashion/Zoella/Zoella61.webm,Music
296,/mnt/hbnas/datasets/video_classification_videos/h264-vp9-150s/trans-150s/Beauty & Fashion/Zoella/Zoella207.webm,News
297,/mnt/hbnas/datasets/video_classification_videos/h264-vp9-150s/trans-150s/Beauty & Fashion/Zoella/Zoella369.webm,Music
298,/mnt/hbnas/datasets/video_classification_videos/h264-vp9-150s/trans-150s/Beauty & Fashion/Zoella/Zoella135.webm,News
299,/mnt/hbnas/datasets/video_classification_videos/h264-vp9-150s/trans-150s/Beauty & Fashion/Zoella/Zoella70.webm,News
300,/mnt/hbnas/datasets/video_classification_videos/h264-vp9-150s/trans-150s/Beauty & Fashion/Zoella/Zoella78.webm,Music
301,/mnt/hbnas/datasets/video_classification_videos/h264-vp9-150s/trans-150s/Beauty & Fashion/Tati/Tati535.webm,News
302,/mnt/hbnas/datasets/video_classification_videos/h264-vp9-150s/trans-150s/Beauty & Fashion/Tati/Tati288.webm,News
303,/mnt/hbnas/datasets/video_classification_videos/h264-vp9-150s/trans-150s/Beauty & Fashion/Tati/Tati426.webm,News
304,/mnt/hbnas/datasets/video_classification_videos/h264-vp9-150s/trans-150s/Beauty & Fashion/Tati/Tati164.webm,Game
305,/mnt/hbnas/datasets/video_classification_videos/h264-vp9-150s/trans-150s/Beauty & Fashion/Tati/Tati33.webm,News
306,/mnt/hbnas/datasets/video_classification_videos/h264-vp9-150s/trans-150s/Beauty & Fashion/Tati/Tati676.webm,News
307,/mnt/hbnas/datasets/video_classification_videos/h264-vp9-150s/trans-150s/Beauty & Fashion/Tati/Tati416.webm,News
308,/mnt/hbnas/datasets/video_classification_videos/h264-vp9-150s/trans-150s/Beauty & Fashion/Tati/Tati452.webm,News
309,/mnt/hbnas/datasets/video_classification_videos/h264-vp9-150s/trans-150s/Beauty & Fashion/Tati/Tati115.webm,News
310,/mnt/hbnas/datasets/video_classification_videos/h264-vp9-150s/trans-150s/Beauty & Fashion/Tati/Tati465.webm,News
311,/mnt/hbnas/datasets/video_classification_videos/h264-vp9-150s/trans-150s/Beauty & Fashion/Tati/Tati10.webm,News
312,/mnt/hbnas/datasets/video_classification_videos/h264-vp9-150s/trans-150s/Beauty & Fashion/Tati/Tati237.webm,News
313,/mnt/hbnas/datasets/video_classification_videos/h264-vp9-150s/trans-150s/Beauty & Fashion/Tati/Tati523.webm,News
314,/mnt/hbnas/datasets/video_classification_videos/h264-vp9-150s/trans-150s/Beauty & Fashion/Tati/Tati442.webm,News
315,/mnt/hbnas/datasets/video_classification_videos/h264-vp9-150s/trans-150s/Beauty & Fashion/Tati/Tati234.webm,News
316,/mnt/hbnas/datasets/video_classification_videos/h264-vp9-150s/trans-150s/Beauty & Fashion/Tati/Tati100.webm,News
317,/mnt/hbnas/datasets/video_classification_videos/h264-vp9-150s/trans-150s/Beauty & Fashion/Tati/Tati396.webm,News
318,/mnt/hbnas/datasets/video_classification_videos/h264-vp9-150s/trans-150s/Beauty & Fashion/Tati/Tati6.webm,News
319,/mnt/hbnas/datasets/video_classification_videos/h264-vp9-150s/trans-150s/Beauty & Fashion/Tati/Tati60.webm,News
320,/mnt/hbnas/datasets/video_classification_videos/h264-vp9-150s/trans-150s/Beauty & Fashion/Tati/Tati30.webm,News
321,/mnt/hbnas/datasets/video_classification_videos/h264-vp9-150s/trans-150s/Beauty & Fashion/Tati/Tati505.webm,News
322,/mnt/hbnas/datasets/video_classification_videos/h264-vp9-150s/trans-150s/Beauty & Fashion/Tati/Tati674.webm,News
323,/mnt/hbnas/datasets/video_classification_videos/h264-vp9-150s/trans-150s/Beauty & Fashion/Tati/Tati572.webm,News
324,/mnt/hbnas/datasets/video_classification_videos/h264-vp9-150s/trans-150s/Beauty & Fashion/Tati/Tati55.webm,News
325,/mnt/hbnas/datasets/video_classification_videos/h264-vp9-150s/trans-150s/Beauty & Fashion/Tati/Tati614.webm,News
326,/mnt/hbnas/datasets/video_classification_videos/h264-vp9-150s/trans-150s/Beauty & Fashion/Tati/Tati355.webm,News
327,/mnt/hbnas/datasets/video_classification_videos/h264-vp9-150s/trans-150s/Beauty & Fashion/Tati/Tati594.webm,News
328,/mnt/hbnas/datasets/video_classification_videos/h264-vp9-150s/trans-150s/Beauty & Fashion/Tati/Tati137.webm,News
329,/mnt/hbnas/datasets/video_classification_videos/h264-vp9-150s/trans-150s/Beauty & Fashion/Tati/Tati598.webm,News
330,/mnt/hbnas/datasets/video_classification_videos/h264-vp9-150s/trans-150s/Beauty & Fashion/Tati/Tati138.webm,News
331,/mnt/hbnas/datasets/video_classification_videos/h264-vp9-150s/trans-150s/Beauty & Fashion/Tati/Tati578.webm,News
332,/mnt/hbnas/datasets/video_classification_videos/h264-vp9-150s/trans-150s/Beauty & Fashion/Tati/Tati602.webm,News
333,/mnt/hbnas/datasets/video_classification_videos/h264-vp9-150s/trans-150s/Beauty & Fashion/Tati/Tati620.webm,News
334,/mnt/hbnas/datasets/video_classification_videos/h264-vp9-150s/trans-150s/Beauty & Fashion/Tati/Tati195.webm,News
335,/mnt/hbnas/datasets/video_classification_videos/h264-vp9-150s/trans-150s/Beauty & Fashion/Tati/Tati575.webm,News
336,/mnt/hbnas/datasets/video_classification_videos/h264-vp9-150s/trans-150s/Beauty & Fashion/Tati/Tati163.webm,News
337,/mnt/hbnas/datasets/video_classification_videos/h264-vp9-150s/trans-150s/Beauty & Fashion/Tati/Tati662.webm,News
338,/mnt/hbnas/datasets/video_classification_videos/h264-vp9-150s/trans-150s/Beauty & Fashion/Tati/Tati46.webm,News
339,/mnt/hbnas/datasets/video_classification_videos/h264-vp9-150s/trans-150s/Beauty & Fashion/Tati/Tati197.webm,News
340,/mnt/hbnas/datasets/video_classification_videos/h264-vp9-150s/trans-150s/Beauty & Fashion/Tati/Tati107.webm,News
341,/mnt/hbnas/datasets/video_classification_videos/h264-vp9-150s/trans-150s/Beauty & Fashion/Tati/Tati681.webm,News
342,/mnt/hbnas/datasets/video_classification_videos/h264-vp9-150s/trans-150s/Beauty & Fashion/Tati/Tati68.webm,News
343,/mnt/hbnas/datasets/video_classification_videos/h264-vp9-150s/trans-150s/Beauty & Fashion/Tati/Tati203.webm,News
344,/mnt/hbnas/datasets/video_classification_videos/h264-vp9-150s/trans-150s/Beauty & Fashion/Tati/Tati421.webm,News
345,/mnt/hbnas/datasets/video_classification_videos/h264-vp9-150s/trans-150s/Beauty & Fashion/Tati/Tati513.webm,News
346,/mnt/hbnas/datasets/video_classification_videos/h264-vp9-150s/trans-150s/Beauty & Fashion/Tati/Tati679.webm,News
347,/mnt/hbnas/datasets/video_classification_videos/h264-vp9-150s/trans-150s/Beauty & Fashion/Tati/Tati395.webm,News
348,/mnt/hbnas/datasets/video_classification_videos/h264-vp9-150s/trans-150s/Beauty & Fashion/Tati/Tati32.webm,News
349,/mnt/hbnas/datasets/video_classification_videos/h264-vp9-150s/trans-150s/Beauty & Fashion/Tati/Tati485.webm,News
350,/mnt/hbnas/datasets/video_classification_videos/h264-vp9-150s/trans-150s/Beauty & Fashion/Tati/Tati207.webm,News
351,/mnt/hbnas/datasets/video_classification_videos/h264-vp9-150s/trans-150s/Beauty & Fashion/Tati/Tati593.webm,News
352,/mnt/hbnas/datasets/video_classification_videos/h264-vp9-150s/trans-150s/Beauty & Fashion/Tati/Tati16.webm,News
353,/mnt/hbnas/datasets/video_classification_videos/h264-vp9-150s/trans-150s/Beauty & Fashion/Tati/Tati312.webm,News
354,/mnt/hbnas/datasets/video_classification_videos/h264-vp9-150s/trans-150s/Beauty & Fashion/Tati/Tati42.webm,News
355,/mnt/hbnas/datasets/video_classification_videos/h264-vp9-150s/trans-150s/Beauty & Fashion/Tati/Tati103.webm,News
356,/mnt/hbnas/datasets/video_classification_videos/h264-vp9-150s/trans-150s/Beauty & Fashion/Tati/Tati545.webm,News
357,/mnt/hbnas/datasets/video_classification_videos/h264-vp9-150s/trans-150s/Beauty & Fashion/Tati/Tati188.webm,News
358,/mnt/hbnas/datasets/video_classification_videos/h264-vp9-150s/trans-150s/Beauty & Fashion/Tati/Tati148.webm,News
359,/mnt/hbnas/datasets/video_classification_videos/h264-vp9-150s/trans-150s/Beauty & Fashion/Tati/Tati186.webm,News
360,/mnt/hbnas/datasets/video_classification_videos/h264-vp9-150s/trans-150s/Beauty & Fashion/Tati/Tati84.webm,News
361,/mnt/hbnas/datasets/video_classification_videos/h264-vp9-150s/trans-150s/Beauty & Fashion/Tati/Tati311.webm,News
362,/mnt/hbnas/datasets/video_classification_videos/h264-vp9-150s/trans-150s/Beauty & Fashion/Tati/Tati680.webm,News
363,/mnt/hbnas/datasets/video_classification_videos/h264-vp9-150s/trans-150s/Beauty & Fashion/Tati/Tati349.webm,News
364,/mnt/hbnas/datasets/video_classification_videos/h264-vp9-150s/trans-150s/Beauty & Fashion/Tati/Tati480.webm,News
365,/mnt/hbnas/datasets/video_classification_videos/h264-vp9-150s/trans-150s/Beauty & Fashion/Tati/Tati160.webm,News
366,/mnt/hbnas/datasets/video_classification_videos/h264-vp9-150s/trans-150s/Beauty & Fashion/Tati/Tati61.webm,News
367,/mnt/hbnas/datasets/video_classification_videos/h264-vp9-150s/trans-150s/Beauty & Fashion/Tati/Tati491.webm,News
368,/mnt/hbnas/datasets/video_classification_videos/h264-vp9-150s/trans-150s/Beauty & Fashion/Tati/Tati4.webm,News
369,/mnt/hbnas/datasets/video_classification_videos/h264-vp9-150s/trans-150s/Beauty & Fashion/Tati/Tati611.webm,News
370,/mnt/hbnas/datasets/video_classification_videos/h264-vp9-150s/trans-150s/Beauty & Fashion/Tati/Tati50.webm,News
371,/mnt/hbnas/datasets/video_classification_videos/h264-vp9-150s/trans-150s/Beauty & Fashion/Tati/Tati2.webm,News
372,/mnt/hbnas/datasets/video_classification_videos/h264-vp9-150s/trans-150s/Beauty & Fashion/Tati/Tati157.webm,News
373,/mnt/hbnas/datasets/video_classification_videos/h264-vp9-150s/trans-150s/Beauty & Fashion/Tati/Tati364.webm,News
374,/mnt/hbnas/datasets/video_classification_videos/h264-vp9-150s/trans-150s/Beauty & Fashion/Tati/Tati226.webm,Game
375,/mnt/hbnas/datasets/video_classification_videos/h264-vp9-150s/trans-150s/Beauty & Fashion/Tati/Tati371.webm,News
376,/mnt/hbnas/datasets/video_classification_videos/h264-vp9-150s/trans-150s/Beauty & Fashion/Tati/Tati615.webm,News
377,/mnt/hbnas/datasets/video_classification_videos/h264-vp9-150s/trans-150s/Beauty & Fashion/Tati/Tati400.webm,News
378,/mnt/hbnas/datasets/video_classification_videos/h264-vp9-150s/trans-150s/Beauty & Fashion/Tati/Tati249.webm,News
379,/mnt/hbnas/datasets/video_classification_videos/h264-vp9-150s/trans-150s/Beauty & Fashion/Tati/Tati397.webm,News
380,/mnt/hbnas/datasets/video_classification_videos/h264-vp9-150s/trans-150s/Beauty & Fashion/Tati/Tati54.webm,News
381,/mnt/hbnas/datasets/video_classification_videos/h264-vp9-150s/trans-150s/Beauty & Fashion/Tati/Tati127.webm,News
382,/mnt/hbnas/datasets/video_classification_videos/h264-vp9-150s/trans-150s/Beauty & Fashion/Tati/Tati12.webm,News
383,/mnt/hbnas/datasets/video_classification_videos/h264-vp9-150s/trans-150s/Beauty & Fashion/Tati/Tati517.webm,News
384,/mnt/hbnas/datasets/video_classification_videos/h264-vp9-150s/trans-150s/Beauty & Fashion/Tati/Tati81.webm,News
385,/mnt/hbnas/datasets/video_classification_videos/h264-vp9-150s/trans-150s/Beauty & Fashion/Tati/Tati691.webm,News
386,/mnt/hbnas/datasets/video_classification_videos/h264-vp9-150s/trans-150s/Beauty & Fashion/Tati/Tati603.webm,News
387,/mnt/hbnas/datasets/video_classification_videos/h264-vp9-150s/trans-150s/Beauty & Fashion/Tati/Tati228.webm,Game
388,/mnt/hbnas/datasets/video_classification_videos/h264-vp9-150s/trans-150s/Beauty & Fashion/Tati/Tati175.webm,News
389,/mnt/hbnas/datasets/video_classification_videos/h264-vp9-150s/trans-150s/Beauty & Fashion/Tati/Tati525.webm,News
390,/mnt/hbnas/datasets/video_classification_videos/h264-vp9-150s/trans-150s/Beauty & Fashion/Tati/Tati609.webm,News
391,/mnt/hbnas/datasets/video_classification_videos/h264-vp9-150s/trans-150s/Beauty & Fashion/Tati/Tati471.webm,News
392,/mnt/hbnas/datasets/video_classification_videos/h264-vp9-150s/trans-150s/Beauty & Fashion/Tati/Tati220.webm,News
393,/mnt/hbnas/datasets/video_classification_videos/h264-vp9-150s/trans-150s/Beauty & Fashion/Tati/Tati577.webm,News
394,/mnt/hbnas/datasets/video_classification_videos/h264-vp9-150s/trans-150s/Beauty & Fashion/Tati/Tati604.webm,News
395,/mnt/hbnas/datasets/video_classification_videos/h264-vp9-150s/trans-150s/Beauty & Fashion/Tati/Tati165.webm,News
396,/mnt/hbnas/datasets/video_classification_videos/h264-vp9-150s/trans-150s/Beauty & Fashion/Tati/Tati204.webm,News
397,/mnt/hbnas/datasets/video_classification_videos/h264-vp9-150s/trans-150s/Beauty & Fashion/Tati/Tati376.webm,News
398,/mnt/hbnas/datasets/video_classification_videos/h264-vp9-150s/trans-150s/Beauty & Fashion/Tati/Tati633.webm,News
399,/mnt/hbnas/datasets/video_classification_videos/h264-vp9-150s/trans-150s/Beauty & Fashion/Tati/Tati420.webm,News
400,/mnt/hbnas/datasets/video_classification_videos/h264-vp9-150s/trans-150s/Cooking & Health/everyday food/everyday829.webm,News
401,/mnt/hbnas/datasets/video_classification_videos/h264-vp9-150s/trans-150s/Cooking & Health/everyday food/everyday791.webm,News
402,/mnt/hbnas/datasets/video_classification_videos/h264-vp9-150s/trans-150s/Cooking & Health/everyday food/everyday480.webm,News
403,/mnt/hbnas/datasets/video_classification_videos/h264-vp9-150s/trans-150s/Cooking & Health/everyday food/everyday316.webm,News
404,/mnt/hbnas/datasets/video_classification_videos/h264-vp9-150s/trans-150s/Cooking & Health/everyday food/everyday303.webm,News
405,/mnt/hbnas/datasets/video_classification_videos/h264-vp9-150s/trans-150s/Cooking & Health/everyday food/everyday234.webm,News
406,/mnt/hbnas/datasets/video_classification_videos/h264-vp9-150s/trans-150s/Cooking & Health/everyday food/everyday660.webm,News
407,/mnt/hbnas/datasets/video_classification_videos/h264-vp9-150s/trans-150s/Cooking & Health/everyday food/everyday644.webm,News
408,/mnt/hbnas/datasets/video_classification_videos/h264-vp9-150s/trans-150s/Cooking & Health/everyday food/everyday411.webm,News
409,/mnt/hbnas/datasets/video_classification_videos/h264-vp9-150s/trans-150s/Cooking & Health/everyday food/everyday94.webm,News
410,/mnt/hbnas/datasets/video_classification_videos/h264-vp9-150s/trans-150s/Cooking & Health/everyday food/everyday759.webm,News
411,/mnt/hbnas/datasets/video_classification_videos/h264-vp9-150s/trans-150s/Cooking & Health/everyday food/everyday556.webm,News
412,/mnt/hbnas/datasets/video_classification_videos/h264-vp9-150s/trans-150s/Cooking & Health/everyday food/everyday643.webm,News
413,/mnt/hbnas/datasets/video_classification_videos/h264-vp9-150s/trans-150s/Cooking & Health/everyday food/everyday735.webm,News
414,/mnt/hbnas/datasets/video_classification_videos/h264-vp9-150s/trans-150s/Cooking & Health/everyday food/everyday425.webm,Game
415,/mnt/hbnas/datasets/video_classification_videos/h264-vp9-150s/trans-150s/Cooking & Health/everyday food/everyday120.webm,News
416,/mnt/hbnas/datasets/video_classification_videos/h264-vp9-150s/trans-150s/Cooking & Health/everyday food/everyday172.webm,Game
417,/mnt/hbnas/datasets/video_classification_videos/h264-vp9-150s/trans-150s/Cooking & Health/everyday food/everyday465.webm,News
418,/mnt/hbnas/datasets/video_classification_videos/h264-vp9-150s/trans-150s/Cooking & Health/everyday food/everyday764.webm,News
419,/mnt/hbnas/datasets/video_classification_videos/h264-vp9-150s/trans-150s/Cooking & Health/everyday food/everyday126.webm,News
420,/mnt/hbnas/datasets/video_classification_videos/h264-vp9-150s/trans-150s/Cooking & Health/everyday food/everyday476.webm,News
421,/mnt/hbnas/datasets/video_classification_videos/h264-vp9-150s/trans-150s/Cooking & Health/everyday food/everyday818.webm,News
422,/mnt/hbnas/datasets/video_classification_videos/h264-vp9-150s/trans-150s/Cooking & Health/everyday food/everyday468.webm,News
423,/mnt/hbnas/datasets/video_classification_videos/h264-vp9-150s/trans-150s/Cooking & Health/everyday food/everyday614.webm,News
424,/mnt/hbnas/datasets/video_classification_videos/h264-vp9-150s/trans-150s/Cooking & Health/everyday food/everyday38.webm,News
425,/mnt/hbnas/datasets/video_classification_videos/h264-vp9-150s/trans-150s/Cooking & Health/everyday food/everyday570.webm,News
426,/mnt/hbnas/datasets/video_classification_videos/h264-vp9-150s/trans-150s/Cooking & Health/everyday food/everyday290.webm,News
427,/mnt/hbnas/datasets/video_classification_videos/h264-vp9-150s/trans-150s/Cooking & Health/everyday food/everyday16.webm,Game
428,/mnt/hbnas/datasets/video_classification_videos/h264-vp9-150s/trans-150s/Cooking & Health/everyday food/everyday104.webm,News
429,/mnt/hbnas/datasets/video_classification_videos/h264-vp9-150s/trans-150s/Cooking & Health/everyday food/everyday193.webm,Game
430,/mnt/hbnas/datasets/video_classification_videos/h264-vp9-150s/trans-150s/Cooking & Health/everyday food/everyday821.webm,News
431,/mnt/hbnas/datasets/video_classification_videos/h264-vp9-150s/trans-150s/Cooking & Health/everyday food/everyday73.webm,News
432,/mnt/hbnas/datasets/video_classification_videos/h264-vp9-150s/trans-150s/Cooking & Health/everyday food/everyday575.webm,News
433,/mnt/hbnas/datasets/video_classification_videos/h264-vp9-150s/trans-150s/Cooking & Health/everyday food/everyday711.webm,Food
434,/mnt/hbnas/datasets/video_classification_videos/h264-vp9-150s/trans-150s/Cooking & Health/everyday food/everyday68.webm,News
435,/mnt/hbnas/datasets/video_classification_videos/h264-vp9-150s/trans-150s/Cooking & Health/everyday food/everyday286.webm,News
436,/mnt/hbnas/datasets/video_classification_videos/h264-vp9-150s/trans-150s/Cooking & Health/everyday food/everyday719.webm,News
437,/mnt/hbnas/datasets/video_classification_videos/h264-vp9-150s/trans-150s/Cooking & Health/everyday food/everyday300.webm,News
438,/mnt/hbnas/datasets/video_classification_videos/h264-vp9-150s/trans-150s/Cooking & Health/everyday food/everyday627.webm,News
439,/mnt/hbnas/datasets/video_classification_videos/h264-vp9-150s/trans-150s/Cooking & Health/everyday food/everyday247.webm,News
440,/mnt/hbnas/datasets/video_classification_videos/h264-vp9-150s/trans-150s/Cooking & Health/everyday food/everyday558.webm,News
441,/mnt/hbnas/datasets/video_classification_videos/h264-vp9-150s/trans-150s/Cooking & Health/everyday food/everyday108.webm,Game
442,/mnt/hbnas/datasets/video_classification_videos/h264-vp9-150s/trans-150s/Cooking & Health/everyday food/everyday399.webm,News
443,/mnt/hbnas/datasets/video_classification_videos/h264-vp9-150s/trans-150s/Cooking & Health/everyday food/everyday139.webm,News
444,/mnt/hbnas/datasets/video_classification_videos/h264-vp9-150s/trans-150s/Cooking & Health/everyday food/everyday362.webm,News
445,/mnt/hbnas/datasets/video_classification_videos/h264-vp9-150s/trans-150s/Cooking & Health/everyday food/everyday698.webm,News
446,/mnt/hbnas/datasets/video_classification_videos/h264-vp9-150s/trans-150s/Cooking & Health/everyday food/everyday146.webm,News
447,/mnt/hbnas/datasets/video_classification_videos/h264-vp9-150s/trans-150s/Cooking & Health/everyday food/everyday672.webm,News
448,/mnt/hbnas/datasets/video_classification_videos/h264-vp9-150s/trans-150s/Cooking & Health/everyday food/everyday29.webm,Game
449,/mnt/hbnas/datasets/video_classification_videos/h264-vp9-150s/trans-150s/Cooking & Health/everyday food/everyday283.webm,News
450,/mnt/hbnas/datasets/video_classification_videos/h264-vp9-150s/trans-150s/Cooking & Health/everyday food/everyday177.webm,News
451,/mnt/hbnas/datasets/video_classification_videos/h264-vp9-150s/trans-150s/Cooking & Health/everyday food/everyday714.webm,News
452,/mnt/hbnas/datasets/video_classification_videos/h264-vp9-150s/trans-150s/Cooking & Health/everyday food/everyday185.webm,News
453,/mnt/hbnas/datasets/video_classification_videos/h264-vp9-150s/trans-150s/Cooking & Health/everyday food/everyday140.webm,News
454,/mnt/hbnas/datasets/video_classification_videos/h264-vp9-150s/trans-150s/Cooking & Health/everyday food/everyday326.webm,News
455,/mnt/hbnas/datasets/video_classification_videos/h264-vp9-150s/trans-150s/Cooking & Health/everyday food/everyday754.webm,News
456,/mnt/hbnas/datasets/video_classification_videos/h264-vp9-150s/trans-150s/Cooking & Health/everyday food/everyday794.webm,News
457,/mnt/hbnas/datasets/video_classification_videos/h264-vp9-150s/trans-150s/Cooking & Health/everyday food/everyday689.webm,News
458,/mnt/hbnas/datasets/video_classification_videos/h264-vp9-150s/trans-150s/Cooking & Health/everyday food/everyday110.webm,News
459,/mnt/hbnas/datasets/video_classification_videos/h264-vp9-150s/trans-150s/Cooking & Health/everyday food/everyday562.webm,News
460,/mnt/hbnas/datasets/video_classification_videos/h264-vp9-150s/trans-150s/Cooking & Health/everyday food/everyday180.webm,News
461,/mnt/hbnas/datasets/video_classification_videos/h264-vp9-150s/trans-150s/Cooking & Health/everyday food/everyday179.webm,News
462,/mnt/hbnas/datasets/video_classification_videos/h264-vp9-150s/trans-150s/Cooking & Health/everyday food/everyday205.webm,News
463,/mnt/hbnas/datasets/video_classification_videos/h264-vp9-150s/trans-150s/Cooking & Health/everyday food/everyday365.webm,News
464,/mnt/hbnas/datasets/video_classification_videos/h264-vp9-150s/trans-150s/Cooking & Health/everyday food/everyday492.webm,News
465,/mnt/hbnas/datasets/video_classification_videos/h264-vp9-150s/trans-150s/Cooking & Health/everyday food/everyday183.webm,News
466,/mnt/hbnas/datasets/video_classification_videos/h264-vp9-150s/trans-150s/Cooking & Health/everyday food/everyday79.webm,News
467,/mnt/hbnas/datasets/video_classification_videos/h264-vp9-150s/trans-150s/Cooking & Health/everyday food/everyday675.webm,Game
468,/mnt/hbnas/datasets/video_classification_videos/h264-vp9-150s/trans-150s/Cooking & Health/everyday food/everyday181.webm,News
469,/mnt/hbnas/datasets/video_classification_videos/h264-vp9-150s/trans-150s/Cooking & Health/everyday food/everyday345.webm,News
470,/mnt/hbnas/datasets/video_classification_videos/h264-vp9-150s/trans-150s/Cooking & Health/everyday food/everyday1.webm,News
471,/mnt/hbnas/datasets/video_classification_videos/h264-vp9-150s/trans-150s/Cooking & Health/everyday food/everyday552.webm,News
472,/mnt/hbnas/datasets/video_classification_videos/h264-vp9-150s/trans-150s/Cooking & Health/everyday food/everyday799.webm,Game
473,/mnt/hbnas/datasets/video_classification_videos/h264-vp9-150s/trans-150s/Cooking & Health/everyday food/everyday340.webm,News
474,/mnt/hbnas/datasets/video_classification_videos/h264-vp9-150s/trans-150s/Cooking & Health/everyday food/everyday828.webm,News
475,/mnt/hbnas/datasets/video_classification_videos/h264-vp9-150s/trans-150s/Cooking & Health/everyday food/everyday117.webm,News
476,/mnt/hbnas/datasets/video_classification_videos/h264-vp9-150s/trans-150s/Cooking & Health/everyday food/everyday233.webm,News
477,/mnt/hbnas/datasets/video_classification_videos/h264-vp9-150s/trans-150s/Cooking & Health/Rosanna/Rosanna657.webm,News
478,/mnt/hbnas/datasets/video_classification_videos/h264-vp9-150s/trans-150s/Cooking & Health/Rosanna/Rosanna589.webm,Food
479,/mnt/hbnas/datasets/video_classification_videos/h264-vp9-150s/trans-150s/Cooking & Health/Rosanna/Rosanna652.webm,News
480,/mnt/hbnas/datasets/video_classification_videos/h264-vp9-150s/trans-150s/Cooking & Health/Rosanna/Rosanna630.webm,News
481,/mnt/hbnas/datasets/video_classification_videos/h264-vp9-150s/trans-150s/Cooking & Health/Rosanna/Rosanna95.webm,News
482,/mnt/hbnas/datasets/video_classification_videos/h264-vp9-150s/trans-150s/Cooking & Health/Rosanna/Rosanna163.webm,News
483,/mnt/hbnas/datasets/video_classification_videos/h264-vp9-150s/trans-150s/Cooking & Health/Rosanna/Rosanna229.webm,News
484,/mnt/hbnas/datasets/video_classification_videos/h264-vp9-150s/trans-150s/Cooking & Health/Rosanna/Rosanna476.webm,News
485,/mnt/hbnas/datasets/video_classification_videos/h264-vp9-150s/trans-150s/Cooking & Health/Rosanna/Rosanna492.webm,News
486,/mnt/hbnas/datasets/video_classification_videos/h264-vp9-150s/trans-150s/Cooking & Health/Rosanna/Rosanna432.webm,News
487,/mnt/hbnas/datasets/video_classification_videos/h264-vp9-150s/trans-150s/Cooking & Health/Rosanna/Rosanna271.webm,News
488,/mnt/hbnas/datasets/video_classification_videos/h264-vp9-150s/trans-150s/Cooking & Health/Rosanna/Rosanna549.webm,News
489,/mnt/hbnas/datasets/video_classification_videos/h264-vp9-150s/trans-150s/Cooking & Health/Rosanna/Rosanna193.webm,Food
490,/mnt/hbnas/datasets/video_classification_videos/h264-vp9-150s/trans-150s/Cooking & Health/Rosanna/Rosanna642.webm,News
491,/mnt/hbnas/datasets/video_classification_videos/h264-vp9-150s/trans-150s/Cooking & Health/Rosanna/Rosanna284.webm,News
492,/mnt/hbnas/datasets/video_classification_videos/h264-vp9-150s/trans-150s/Cooking & Health/Rosanna/Rosanna305.webm,News
493,/mnt/hbnas/datasets/video_classification_videos/h264-vp9-150s/trans-150s/Cooking & Health/Rosanna/Rosanna708.webm,News
494,/mnt/hbnas/datasets/video_classification_videos/h264-vp9-150s/trans-150s/Cooking & Health/Rosanna/Rosanna241.webm,News
495,/mnt/hbnas/datasets/video_classification_videos/h264-vp9-150s/trans-150s/Cooking & Health/Rosanna/Rosanna160.webm,News
496,/mnt/hbnas/datasets/video_classification_videos/h264-vp9-150s/trans-150s/Cooking & Health/Rosanna/Rosanna709.webm,News
497,/mnt/hbnas/datasets/video_classification_videos/h264-vp9-150s/trans-150s/Cooking & Health/Rosanna/Rosanna116.webm,News
498,/mnt/hbnas/datasets/video_classification_videos/h264-vp9-150s/trans-150s/Cooking & Health/Rosanna/Rosanna481.webm,News
499,/mnt/hbnas/datasets/video_classification_videos/h264-vp9-150s/trans-150s/Cooking & Health/Rosanna/Rosanna592.webm,News
500,/mnt/hbnas/datasets/video_classification_videos/h264-vp9-150s/trans-150s/Cooking & Health/Rosanna/Rosanna456.webm,News
501,/mnt/hbnas/datasets/video_classification_videos/h264-vp9-150s/trans-150s/Cooking & Health/Rosanna/Rosanna643.webm,News
502,/mnt/hbnas/datasets/video_classification_videos/h264-vp9-150s/trans-150s/Cooking & Health/Rosanna/Rosanna296.webm,Food
503,/mnt/hbnas/datasets/video_classification_videos/h264-vp9-150s/trans-150s/Cooking & Health/Rosanna/Rosanna417.webm,News
504,/mnt/hbnas/datasets/video_classification_videos/h264-vp9-150s/trans-150s/Cooking & Health/Rosanna/Rosanna680.webm,News
505,/mnt/hbnas/datasets/video_classification_videos/h264-vp9-150s/trans-150s/Cooking & Health/Rosanna/Rosanna398.webm,Game
506,/mnt/hbnas/datasets/video_classification_videos/h264-vp9-150s/trans-150s/Cooking & Health/Rosanna/Rosanna449.webm,News
507,/mnt/hbnas/datasets/video_classification_videos/h264-vp9-150s/trans-150s/Cooking & Health/Rosanna/Rosanna665.webm,Food
508,/mnt/hbnas/datasets/video_classification_videos/h264-vp9-150s/trans-150s/Cooking & Health/Rosanna/Rosanna108.webm,News
509,/mnt/hbnas/datasets/video_classification_videos/h264-vp9-150s/trans-150s/Cooking & Health/Rosanna/Rosanna738.webm,News
510,/mnt/hbnas/datasets/video_classification_videos/h264-vp9-150s/trans-150s/Cooking & Health/Rosanna/Rosanna409.webm,News
511,/mnt/hbnas/datasets/video_classification_videos/h264-vp9-150s/trans-150s/Cooking & Health/Rosanna/Rosanna81.webm,Food
512,/mnt/hbnas/datasets/video_classification_videos/h264-vp9-150s/trans-150s/Cooking & Health/Rosanna/Rosanna337.webm,Food
513,/mnt/hbnas/datasets/video_classification_videos/h264-vp9-150s/trans-150s/Cooking & Health/Rosanna/Rosanna468.webm,News
514,/mnt/hbnas/datasets/video_classification_videos/h264-vp9-150s/trans-150s/Cooking & Health/Rosanna/Rosanna491.webm,News
515,/mnt/hbnas/datasets/video_classification_videos/h264-vp9-150s/trans-150s/Cooking & Health/Rosanna/Rosanna808.webm,News
516,/mnt/hbnas/datasets/video_classification_videos/h264-vp9-150s/trans-150s/Cooking & Health/Rosanna/Rosanna469.webm,News
517,/mnt/hbnas/datasets/video_classification_videos/h264-vp9-150s/trans-150s/Cooking & Health/Rosanna/Rosanna35.webm,News
518,/mnt/hbnas/datasets/video_classification_videos/h264-vp9-150s/trans-150s/Cooking & Health/Rosanna/Rosanna667.webm,Game
519,/mnt/hbnas/datasets/video_classification_videos/h264-vp9-150s/trans-150s/Cooking & Health/Rosanna/Rosanna619.webm,News
520,/mnt/hbnas/datasets/video_classification_videos/h264-vp9-150s/trans-150s/Cooking & Health/Rosanna/Rosanna415.webm,News
521,/mnt/hbnas/datasets/video_classification_videos/h264-vp9-150s/trans-150s/Cooking & Health/Rosanna/Rosanna279.webm,News
522,/mnt/hbnas/datasets/video_classification_videos/h264-vp9-150s/trans-150s/Cooking & Health/Rosanna/Rosanna683.webm,News
523,/mnt/hbnas/datasets/video_classification_videos/h264-vp9-150s/trans-150s/Cooking & Health/Rosanna/Rosanna197.webm,Food
524,/mnt/hbnas/datasets/video_classification_videos/h264-vp9-150s/trans-150s/Cooking & Health/Rosanna/Rosanna314.webm,News
525,/mnt/hbnas/datasets/video_classification_videos/h264-vp9-150s/trans-150s/Cooking & Health/Rosanna/Rosanna306.webm,News
526,/mnt/hbnas/datasets/video_classification_videos/h264-vp9-150s/trans-150s/Cooking & Health/Rosanna/Rosanna721.webm,News
527,/mnt/hbnas/datasets/video_classification_videos/h264-vp9-150s/trans-150s/Cooking & Health/Rosanna/Rosanna370.webm,News
528,/mnt/hbnas/datasets/video_classification_videos/h264-vp9-150s/trans-150s/Cooking & Health/Rosanna/Rosanna141.webm,Food
529,/mnt/hbnas/datasets/video_classification_videos/h264-vp9-150s/trans-150s/Cooking & Health/Rosanna/Rosanna440.webm,News
530,/mnt/hbnas/datasets/video_classification_videos/h264-vp9-150s/trans-150s/Cooking & Health/Rosanna/Rosanna659.webm,News
531,/mnt/hbnas/datasets/video_classification_videos/h264-vp9-150s/trans-150s/Cooking & Health/Rosanna/Rosanna39.webm,News
532,/mnt/hbnas/datasets/video_classification_videos/h264-vp9-150s/trans-150s/Cooking & Health/Rosanna/Rosanna405.webm,News
533,/mnt/hbnas/datasets/video_classification_videos/h264-vp9-150s/trans-150s/Cooking & Health/Rosanna/Rosanna228.webm,Food
534,/mnt/hbnas/datasets/video_classification_videos/h264-vp9-150s/trans-150s/Cooking & Health/Rosanna/Rosanna310.webm,Game
535,/mnt/hbnas/datasets/video_classification_videos/h264-vp9-150s/trans-150s/Cooking & Health/Rosanna/Rosanna611.webm,News
536,/mnt/hbnas/datasets/video_classification_videos/h264-vp9-150s/trans-150s/Cooking & Health/Rosanna/Rosanna154.webm,Game
537,/mnt/hbnas/datasets/video_classification_videos/h264-vp9-150s/trans-150s/Cooking & Health/Rosanna/Rosanna504.webm,News
538,/mnt/hbnas/datasets/video_classification_videos/h264-vp9-150s/trans-150s/Cooking & Health/Rosanna/Rosanna366.webm,News
539,/mnt/hbnas/datasets/video_classification_videos/h264-vp9-150s/trans-150s/Cooking & Health/Rosanna/Rosanna384.webm,Food
540,/mnt/hbnas/datasets/video_classification_videos/h264-vp9-150s/trans-150s/Cooking & Health/Rosanna/Rosanna461.webm,News
541,/mnt/hbnas/datasets/video_classification_videos/h264-vp9-150s/trans-150s/Cooking & Health/Foodnetwork/foodnetwork407.webm,Food
542,/mnt/hbnas/datasets/video_classification_videos/h264-vp9-150s/trans-150s/Cooking & Health/Foodnetwork/foodnetwork604.webm,News
543,/mnt/hbnas/datasets/video_classification_videos/h264-vp9-150s/trans-150s/Cooking & Health/Foodnetwork/foodnetwork569.webm,News
544,/mnt/hbnas/datasets/video_classification_videos/h264-vp9-150s/trans-150s/Cooking & Health/Foodnetwork/foodnetwork420.webm,News
545,/mnt/hbnas/datasets/video_classification_videos/h264-vp9-150s/trans-150s/Cooking & Health/Foodnetwork/foodnetwork447.webm,News
546,/mnt/hbnas/datasets/video_classification_videos/h264-vp9-150s/trans-150s/Cooking & Health/Foodnetwork/foodnetwork492.webm,Game
547,/mnt/hbnas/datasets/video_classification_videos/h264-vp9-150s/trans-150s/Cooking & Health/Foodnetwork/foodnetwork413.webm,News
548,/mnt/hbnas/datasets/video_classification_videos/h264-vp9-150s/trans-150s/Cooking & Health/Foodnetwork/foodnetwork597.webm,Game
549,/mnt/hbnas/datasets/video_classification_videos/h264-vp9-150s/trans-150s/Cooking & Health/Foodnetwork/foodnetwork382.webm,Music
550,/mnt/hbnas/datasets/video_classification_videos/h264-vp9-150s/trans-150s/Cooking & Health/Foodnetwork/foodnetwork484.webm,News
551,/mnt/hbnas/datasets/video_classification_videos/h264-vp9-150s/trans-150s/Cooking & Health/Foodnetwork/foodnetwork426.webm,News
552,/mnt/hbnas/datasets/video_classification_videos/h264-vp9-150s/trans-150s/Cooking & Health/Foodnetwork/foodnetwork105.webm,Food
553,/mnt/hbnas/datasets/video_classification_videos/h264-vp9-150s/trans-150s/Cooking & Health/Foodnetwork/foodnetwork619.webm,Food
554,/mnt/hbnas/datasets/video_classification_videos/h264-vp9-150s/trans-150s/Cooking & Health/Foodnetwork/foodnetwork452.webm,News
555,/mnt/hbnas/datasets/video_classification_videos/h264-vp9-150s/trans-150s/Cooking & Health/Foodnetwork/foodnetwork480.webm,Game
556,/mnt/hbnas/datasets/video_classification_videos/h264-vp9-150s/trans-150s/Cooking & Health/Foodnetwork/foodnetwork48.webm,Game
557,/mnt/hbnas/datasets/video_classification_videos/h264-vp9-150s/trans-150s/Cooking & Health/Foodnetwork/foodnetwork556.webm,News
558,/mnt/hbnas/datasets/video_classification_videos/h264-vp9-150s/trans-150s/Cooking & Health/Foodnetwork/foodnetwork472.webm,News
559,/mnt/hbnas/datasets/video_classification_videos/h264-vp9-150s/trans-150s/Cooking & Health/Foodnetwork/foodnetwork286.webm,Food
560,/mnt/hbnas/datasets/video_classification_videos/h264-vp9-150s/trans-150s/Cooking & Health/Foodnetwork/foodnetwork737.webm,Game
561,/mnt/hbnas/datasets/video_classification_videos/h264-vp9-150s/trans-150s/Cooking & Health/Foodnetwork/foodnetwork309.webm,Game
562,/mnt/hbnas/datasets/video_classification_videos/h264-vp9-150s/trans-150s/Cooking & Health/Foodnetwork/foodnetwork323.webm,News
563,/mnt/hbnas/datasets/video_classification_videos/h264-vp9-150s/trans-150s/Cooking & Health/Foodnetwork/foodnetwork332.webm,Game
564,/mnt/hbnas/datasets/video_classification_videos/h264-vp9-150s/trans-150s/Cooking & Health/Foodnetwork/foodnetwork579.webm,Game
565,/mnt/hbnas/datasets/video_classification_videos/h264-vp9-150s/trans-150s/Cooking & Health/Foodnetwork/foodnetwork575.webm,Game
566,/mnt/hbnas/datasets/video_classification_videos/h264-vp9-150s/trans-150s/Cooking & Health/Foodnetwork/foodnetwork667.webm,Game
567,/mnt/hbnas/datasets/video_classification_videos/h264-vp9-150s/trans-150s/Cooking & Health/Foodnetwork/foodnetwork195.webm,News
568,/mnt/hbnas/datasets/video_classification_videos/h264-vp9-150s/trans-150s/Cooking & Health/Foodnetwork/foodnetwork328.webm,Game
569,/mnt/hbnas/datasets/video_classification_videos/h264-vp9-150s/trans-150s/Cooking & Health/Foodnetwork/foodnetwork724.webm,Music
570,/mnt/hbnas/datasets/video_classification_videos/h264-vp9-150s/trans-150s/Cooking & Health/Foodnetwork/foodnetwork580.webm,Game
571,/mnt/hbnas/datasets/video_classification_videos/h264-vp9-150s/trans-150s/Cooking & Health/Foodnetwork/foodnetwork84.webm,Food
572,/mnt/hbnas/datasets/video_classification_videos/h264-vp9-150s/trans-150s/Cooking & Health/Foodnetwork/foodnetwork406.webm,News
573,/mnt/hbnas/datasets/video_classification_videos/h264-vp9-150s/trans-150s/Cooking & Health/Foodnetwork/foodnetwork559.webm,News
574,/mnt/hbnas/datasets/video_classification_videos/h264-vp9-150s/trans-150s/Cooking & Health/Foodnetwork/foodnetwork510.webm,News
575,/mnt/hbnas/datasets/video_classification_videos/h264-vp9-150s/trans-150s/Cooking & Health/Foodnetwork/foodnetwork745.webm,News
576,/mnt/hbnas/datasets/video_classification_videos/h264-vp9-150s/trans-150s/Cooking & Health/Foodnetwork/foodnetwork520.webm,News
577,/mnt/hbnas/datasets/video_classification_videos/h264-vp9-150s/trans-150s/Cooking & Health/Foodnetwork/foodnetwork221.webm,Game
578,/mnt/hbnas/datasets/video_classification_videos/h264-vp9-150s/trans-150s/Cooking & Health/Foodnetwork/foodnetwork166.webm,News
579,/mnt/hbnas/datasets/video_classification_videos/h264-vp9-150s/trans-150s/Cooking & Health/Foodnetwork/foodnetwork742.webm,News
580,/mnt/hbnas/datasets/video_classification_videos/h264-vp9-150s/trans-150s/Cooking & Health/Foodnetwork/foodnetwork738.webm,Game
581,/mnt/hbnas/datasets/video_classification_videos/h264-vp9-150s/trans-150s/Cooking & Health/Foodnetwork/foodnetwork398.webm,Food
582,/mnt/hbnas/datasets/video_classification_videos/h264-vp9-150s/trans-150s/Cooking & Health/Foodnetwork/foodnetwork419.webm,Game
583,/mnt/hbnas/datasets/video_classification_videos/h264-vp9-150s/trans-150s/Cooking & Health/Foodnetwork/foodnetwork549.webm,News
584,/mnt/hbnas/datasets/video_classification_videos/h264-vp9-150s/trans-150s/Cooking & Health/Foodnetwork/foodnetwork177.webm,Sports
585,/mnt/hbnas/datasets/video_classification_videos/h264-vp9-150s/trans-150s/Cooking & Health/Foodnetwork/foodnetwork374.webm,News
586,/mnt/hbnas/datasets/video_classification_videos/h264-vp9-150s/trans-150s/Cooking & Health/Foodnetwork/foodnetwork131.webm,Game
587,/mnt/hbnas/datasets/video_classification_videos/h264-vp9-150s/trans-150s/Cooking & Health/Foodnetwork/foodnetwork101.webm,News
588,/mnt/hbnas/datasets/video_classification_videos/h264-vp9-150s/trans-150s/Cooking & Health/Foodnetwork/foodnetwork502.webm,Game
589,/mnt/hbnas/datasets/video_classification_videos/h264-vp9-150s/trans-150s/Cooking & Health/Maangchi/Maangchi160.webm,News
590,/mnt/hbnas/datasets/video_classification_videos/h264-vp9-150s/trans-150s/Cooking & Health/Maangchi/Maangchi318.webm,News
591,/mnt/hbnas/datasets/video_classification_videos/h264-vp9-150s/trans-150s/Cooking & Health/Maangchi/Maangchi263.webm,Game
592,/mnt/hbnas/datasets/video_classification_videos/h264-vp9-150s/trans-150s/Cooking & Health/Maangchi/Maangchi464.webm,News
593,/mnt/hbnas/datasets/video_classification_videos/h264-vp9-150s/trans-150s/Cooking & Health/Maangchi/Maangchi428.webm,News
594,/mnt/hbnas/datasets/video_classification_videos/h264-vp9-150s/trans-150s/Cooking & Health/Maangchi/Maangchi430.webm,News
595,/mnt/hbnas/datasets/video_classification_videos/h264-vp9-150s/trans-150s/Cooking & Health/Maangchi/Maangchi317.webm,News
596,/mnt/hbnas/datasets/video_classification_videos/h264-vp9-150s/trans-150s/Cooking & Health/Maangchi/Maangchi377.webm,News
597,/mnt/hbnas/datasets/video_classification_videos/h264-vp9-150s/trans-150s/Cooking & Health/Maangchi/Maangchi488.webm,News
598,/mnt/hbnas/datasets/video_classification_videos/h264-vp9-150s/trans-150s/Cooking & Health/Maangchi/Maangchi500.webm,News
599,/mnt/hbnas/datasets/video_classification_videos/h264-vp9-150s/trans-150s/Cooking & Health/Maangchi/Maangchi508.webm,News
600,/mnt/hbnas/datasets/video_classification_videos/h264-vp9-150s/trans-150s/Cooking & Health/Maangchi/Maangchi210.webm,News
601,/mnt/hbnas/datasets/video_classification_videos/h264-vp9-150s/trans-150s/Cooking & Health/Maangchi/Maangchi60.webm,News
602,/mnt/hbnas/datasets/video_classification_videos/h264-vp9-150s/trans-150s/Cooking & Health/Maangchi/Maangchi276.webm,Game
603,/mnt/hbnas/datasets/video_classification_videos/h264-vp9-150s/trans-150s/Cooking & Health/Maangchi/Maangchi192.webm,News
604,/mnt/hbnas/datasets/video_classification_videos/h264-vp9-150s/trans-150s/Cooking & Health/Maangchi/Maangchi133.webm,News
605,/mnt/hbnas/datasets/video_classification_videos/h264-vp9-150s/trans-150s/Cooking & Health/Maangchi/Maangchi272.webm,News
606,/mnt/hbnas/datasets/video_classification_videos/h264-vp9-150s/trans-150s/Cooking & Health/Maangchi/Maangchi75.webm,News
607,/mnt/hbnas/datasets/video_classification_videos/h264-vp9-150s/trans-150s/Cooking & Health/Maangchi/Maangchi459.webm,News
608,/mnt/hbnas/datasets/video_classification_videos/h264-vp9-150s/trans-150s/Cooking & Health/Maangchi/Maangchi137.webm,News
609,/mnt/hbnas/datasets/video_classification_videos/h264-vp9-150s/trans-150s/Cooking & Health/Maangchi/Maangchi323.webm,News
610,/mnt/hbnas/datasets/video_classification_videos/h264-vp9-150s/trans-150s/Cooking & Health/Maangchi/Maangchi363.webm,News
611,/mnt/hbnas/datasets/video_classification_videos/h264-vp9-150s/trans-150s/Cooking & Health/Maangchi/Maangchi194.webm,News
612,/mnt/hbnas/datasets/video_classification_videos/h264-vp9-150s/trans-150s/Cooking & Health/Maangchi/Maangchi57.webm,News
613,/mnt/hbnas/datasets/video_classification_videos/h264-vp9-150s/trans-150s/Cooking & Health/Maangchi/Maangchi172.webm,Game
614,/mnt/hbnas/datasets/video_classification_videos/h264-vp9-150s/trans-150s/Cooking & Health/Maangchi/Maangchi92.webm,News
615,/mnt/hbnas/datasets/video_classification_videos/h264-vp9-150s/trans-150s/Cooking & Health/Maangchi/Maangchi46.webm,Food
616,/mnt/hbnas/datasets/video_classification_videos/h264-vp9-150s/trans-150s/Cooking & Health/Maangchi/Maangchi149.webm,News
617,/mnt/hbnas/datasets/video_classification_videos/h264-vp9-150s/trans-150s/Cooking & Health/Maangchi/Maangchi331.webm,News
618,/mnt/hbnas/datasets/video_classification_videos/h264-vp9-150s/trans-150s/Cooking & Health/Maangchi/Maangchi450.webm,News
619,/mnt/hbnas/datasets/video_classification_videos/h264-vp9-150s/trans-150s/Cooking & Health/Maangchi/Maangchi370.webm,Food
620,/mnt/hbnas/datasets/video_classification_videos/h264-vp9-150s/trans-150s/Cooking & Health/Maangchi/Maangchi507.webm,News
621,/mnt/hbnas/datasets/video_classification_videos/h264-vp9-150s/trans-150s/Cooking & Health/Maangchi/Maangchi515.webm,Game
622,/mnt/hbnas/datasets/video_classification_videos/h264-vp9-150s/trans-150s/Cooking & Health/Maangchi/Maangchi427.webm,Game
623,/mnt/hbnas/datasets/video_classification_videos/h264-vp9-150s/trans-150s/Cooking & Health/Maangchi/Maangchi389.webm,News
624,/mnt/hbnas/datasets/video_classification_videos/h264-vp9-150s/trans-150s/Cooking & Health/Maangchi/Maangchi95.webm,News
625,/mnt/hbnas/datasets/video_classification_videos/h264-vp9-150s/trans-150s/Cooking & Health/Maangchi/Maangchi440.webm,Game
626,/mnt/hbnas/datasets/video_classification_videos/h264-vp9-150s/trans-150s/Cooking & Health/Maangchi/Maangchi39.webm,Game
627,/mnt/hbnas/datasets/video_classification_videos/h264-vp9-150s/trans-150s/Cooking & Health/Maangchi/Maangchi236.webm,News
628,/mnt/hbnas/datasets/video_classification_videos/h264-vp9-150s/trans-150s/Cooking & Health/Everyday food/everyday390.webm,News
629,/mnt/hbnas/datasets/video_classification_videos/h264-vp9-150s/trans-150s/Cooking & Health/Everyday food/everyday730.webm,Game
630,/mnt/hbnas/datasets/video_classification_videos/h264-vp9-150s/trans-150s/Cooking & Health/Everyday food/everyday273.webm,News
631,/mnt/hbnas/datasets/video_classification_videos/h264-vp9-150s/trans-150s/Cooking & Health/Everyday food/everyday472.webm,Game
632,/mnt/hbnas/datasets/video_classification_videos/h264-vp9-150s/trans-150s/Cooking & Health/Everyday food/everyday727.webm,News
633,/mnt/hbnas/datasets/video_classification_videos/h264-vp9-150s/trans-150s/Cooking & Health/Everyday food/everyday463.webm,Game
634,/mnt/hbnas/datasets/video_classification_videos/h264-vp9-150s/trans-150s/Cooking & Health/Everyday food/everyday441.webm,News
635,/mnt/hbnas/datasets/video_classification_videos/h264-vp9-150s/trans-150s/Cooking & Health/Everyday food/everyday309.webm,News
636,/mnt/hbnas/datasets/video_classification_videos/h264-vp9-150s/trans-150s/Cooking & Health/Everyday food/everyday47.webm,News
637,/mnt/hbnas/datasets/video_classification_videos/h264-vp9-150s/trans-150s/Cooking & Health/Everyday food/everyday599.webm,News
638,/mnt/hbnas/datasets/video_classification_videos/h264-vp9-150s/trans-150s/Cooking & Health/Everyday food/everyday416.webm,Food
639,/mnt/hbnas/datasets/video_classification_videos/h264-vp9-150s/trans-150s/Cooking & Health/Everyday food/everyday689.webm,News
640,/mnt/hbnas/datasets/video_classification_videos/h264-vp9-150s/trans-150s/Cooking & Health/Everyday food/everyday545.webm,News
641,/mnt/hbnas/datasets/video_classification_videos/h264-vp9-150s/trans-150s/Cooking & Health/Everyday food/everyday210.webm,News
642,/mnt/hbnas/datasets/video_classification_videos/h264-vp9-150s/trans-150s/Cooking & Health/Everyday food/everyday714.webm,News
643,/mnt/hbnas/datasets/video_classification_videos/h264-vp9-150s/trans-150s/Cooking & Health/Everyday food/everyday567.webm,News
644,/mnt/hbnas/datasets/video_classification_videos/h264-vp9-150s/trans-150s/Cooking & Health/Everyday food/everyday163.webm,News
645,/mnt/hbnas/datasets/video_classification_videos/h264-vp9-150s/trans-150s/Cooking & Health/Everyday food/everyday269.webm,News
646,/mnt/hbnas/datasets/video_classification_videos/h264-vp9-150s/trans-150s/Cooking & Health/Everyday food/everyday790.webm,News
647,/mnt/hbnas/datasets/video_classification_videos/h264-vp9-150s/trans-150s/Cooking & Health/Everyday food/everyday152.webm,News
648,/mnt/hbnas/datasets/video_classification_videos/h264-vp9-150s/trans-150s/Cooking & Health/Everyday food/everyday829.webm,News
649,/mnt/hbnas/datasets/video_classification_videos/h264-vp9-150s/trans-150s/Cooking & Health/Everyday food/everyday11.webm,News
650,/mnt/hbnas/datasets/video_classification_videos/h264-vp9-150s/trans-150s/Cooking & Health/Everyday food/everyday712.webm,News
651,/mnt/hbnas/datasets/video_classification_videos/h264-vp9-150s/trans-150s/Cooking & Health/Everyday food/everyday94.webm,News
652,/mnt/hbnas/datasets/video_classification_videos/h264-vp9-150s/trans-150s/Cooking & Health/Everyday food/everyday557.webm,News
653,/mnt/hbnas/datasets/video_classification_videos/h264-vp9-150s/trans-150s/Cooking & Health/Everyday food/everyday284.webm,News
654,/mnt/hbnas/datasets/video_classification_videos/h264-vp9-150s/trans-150s/Cooking & Health/Everyday food/everyday99.webm,News
655,/mnt/hbnas/datasets/video_classification_videos/h264-vp9-150s/trans-150s/Cooking & Health/Everyday food/everyday622.webm,News
656,/mnt/hbnas/datasets/video_classification_videos/h264-vp9-150s/trans-150s/Cooking & Health/Everyday food/everyday249.webm,News
657,/mnt/hbnas/datasets/video_classification_videos/h264-vp9-150s/trans-150s/Cooking & Health/Everyday food/everyday19.webm,News
658,/mnt/hbnas/datasets/video_classification_videos/h264-vp9-150s/trans-150s/Cooking & Health/Everyday food/everyday323.webm,News
659,/mnt/hbnas/datasets/video_classification_videos/h264-vp9-150s/trans-150s/Cooking & Health/Everyday food/everyday388.webm,News
660,/mnt/hbnas/datasets/video_classification_videos/h264-vp9-150s/trans-150s/Cooking & Health/Everyday food/everyday187.webm,News
661,/mnt/hbnas/datasets/video_classification_videos/h264-vp9-150s/trans-150s/Cooking & Health/Everyday food/everyday350.webm,News
662,/mnt/hbnas/datasets/video_classification_videos/h264-vp9-150s/trans-150s/Cooking & Health/Everyday food/everyday791.webm,News
663,/mnt/hbnas/datasets/video_classification_videos/h264-vp9-150s/trans-150s/Cooking & Health/Everyday food/everyday333.webm,News
664,/mnt/hbnas/datasets/video_classification_videos/h264-vp9-150s/trans-150s/Cooking & Health/Everyday food/everyday15.webm,News
665,/mnt/hbnas/datasets/video_classification_videos/h264-vp9-150s/trans-150s/Cooking & Health/Everyday food/everyday625.webm,News
666,/mnt/hbnas/datasets/video_classification_videos/h264-vp9-150s/trans-150s/Cooking & Health/Everyday food/everyday669.webm,News
667,/mnt/hbnas/datasets/video_classification_videos/h264-vp9-150s/trans-150s/Cooking & Health/Everyday food/everyday14.webm,News
668,/mnt/hbnas/datasets/video_classification_videos/h264-vp9-150s/trans-150s/Cooking & Health/Everyday food/everyday101.webm,News
669,/mnt/hbnas/datasets/video_classification_videos/h264-vp9-150s/trans-150s/Cooking & Health/Everyday food/everyday688.webm,News
670,/mnt/hbnas/datasets/video_classification_videos/h264-vp9-150s/trans-150s/Cooking & Health/Everyday food/everyday523.webm,News
671,/mnt/hbnas/datasets/video_classification_videos/h264-vp9-150s/trans-150s/Cooking & Health/Everyday food/everyday254.webm,News
672,/mnt/hbnas/datasets/video_classification_videos/h264-vp9-150s/trans-150s/Cooking & Health/Everyday food/everyday294.webm,News
673,/mnt/hbnas/datasets/video_classification_videos/h264-vp9-150s/trans-150s/Cooking & Health/Everyday food/everyday601.webm,News
674,/mnt/hbnas/datasets/video_classification_videos/h264-vp9-150s/trans-150s/Cooking & Health/Everyday food/everyday175.webm,Game
675,/mnt/hbnas/datasets/video_classification_videos/h264-vp9-150s/trans-150s/Cooking & Health/Everyday food/everyday28.webm,News
676,/mnt/hbnas/datasets/video_classification_videos/h264-vp9-150s/trans-150s/Cooking & Health/Everyday food/everyday191.webm,News
677,/mnt/hbnas/datasets/video_classification_videos/h264-vp9-150s/trans-150s/Cooking & Health/Everyday food/everyday131.webm,News
678,/mnt/hbnas/datasets/video_classification_videos/h264-vp9-150s/trans-150s/Cooking & Health/Everyday food/everyday694.webm,News
679,/mnt/hbnas/datasets/video_classification_videos/h264-vp9-150s/trans-150s/Cooking & Health/Everyday food/everyday513.webm,News
680,/mnt/hbnas/datasets/video_classification_videos/h264-vp9-150s/trans-150s/Cooking & Health/Everyday food/everyday491.webm,News
681,/mnt/hbnas/datasets/video_classification_videos/h264-vp9-150s/trans-150s/Cooking & Health/Everyday food/everyday353.webm,News
682,/mnt/hbnas/datasets/video_classification_videos/h264-vp9-150s/trans-150s/Cooking & Health/Everyday food/everyday243.webm,News
683,/mnt/hbnas/datasets/video_classification_videos/h264-vp9-150s/trans-150s/Cooking & Health/Everyday food/everyday354.webm,News
684,/mnt/hbnas/datasets/video_classification_videos/h264-vp9-150s/trans-150s/Cooking & Health/Everyday food/everyday645.webm,News
685,/mnt/hbnas/datasets/video_classification_videos/h264-vp9-150s/trans-150s/Cooking & Health/Everyday food/everyday366.webm,News
686,/mnt/hbnas/datasets/video_classification_videos/h264-vp9-150s/trans-150s/Cooking & Health/Everyday food/everyday147.webm,News
687,/mnt/hbnas/datasets/video_classification_videos/h264-vp9-150s/trans-150s/Cooking & Health/Everyday food/everyday555.webm,News
688,/mnt/hbnas/datasets/video_classification_videos/h264-vp9-150s/trans-150s/Cooking & Health/Everyday food/everyday675.webm,Game
689,/mnt/hbnas/datasets/video_classification_videos/h264-vp9-150s/trans-150s/Cooking & Health/Everyday food/everyday608.webm,News
690,/mnt/hbnas/datasets/video_classification_videos/h264-vp9-150s/trans-150s/Cooking & Health/Everyday food/everyday285.webm,News
691,/mnt/hbnas/datasets/video_classification_videos/h264-vp9-150s/trans-150s/Cooking & Health/Everyday food/everyday212.webm,News
692,/mnt/hbnas/datasets/video_classification_videos/h264-vp9-150s/trans-150s/Cooking & Health/Everyday food/everyday542.webm,News
693,/mnt/hbnas/datasets/video_classification_videos/h264-vp9-150s/trans-150s/Cooking & Health/Everyday food/everyday731.webm,News
694,/mnt/hbnas/datasets/video_classification_videos/h264-vp9-150s/trans-150s/Cooking & Health/Everyday food/everyday850.webm,Game
695,/mnt/hbnas/datasets/video_classification_videos/h264-vp9-150s/trans-150s/Cooking & Health/Everyday food/everyday729.webm,News
696,/mnt/hbnas/datasets/video_classification_videos/h264-vp9-150s/trans-150s/Cooking & Health/Everyday food/everyday535.webm,News
697,/mnt/hbnas/datasets/video_classification_videos/h264-vp9-150s/trans-150s/Cooking & Health/Everyday food/everyday344.webm,Game
698,/mnt/hbnas/datasets/video_classification_videos/h264-vp9-150s/trans-150s/Cooking & Health/Everyday food/everyday715.webm,News
699,/mnt/hbnas/datasets/video_classification_videos/h264-vp9-150s/trans-150s/Cooking & Health/Everyday food/everyday610.webm,News
700,/mnt/hbnas/datasets/video_classification_videos/h264-vp9-150s/trans-150s/Cooking & Health/Everyday food/everyday274.webm,News
701,/mnt/hbnas/datasets/video_classification_videos/h264-vp9-150s/trans-150s/Cooking & Health/Everyday food/everyday404.webm,News
702,/mnt/hbnas/datasets/video_classification_videos/h264-vp9-150s/trans-150s/Cooking & Health/Everyday food/everyday264.webm,News
703,/mnt/hbnas/datasets/video_classification_videos/h264-vp9-150s/trans-150s/Cooking & Health/Everyday food/everyday580.webm,News
704,/mnt/hbnas/datasets/video_classification_videos/h264-vp9-150s/trans-150s/Cooking & Health/Everyday food/everyday292.webm,News
705,/mnt/hbnas/datasets/video_classification_videos/h264-vp9-150s/trans-150s/Cooking & Health/Everyday food/everyday553.webm,News
706,/mnt/hbnas/datasets/video_classification_videos/h264-vp9-150s/trans-150s/Cooking & Health/Everyday food/everyday753.webm,News
707,/mnt/hbnas/datasets/video_classification_videos/h264-vp9-150s/trans-150s/Cooking & Health/Everyday food/everyday740.webm,News
708,/mnt/hbnas/datasets/video_classification_videos/h264-vp9-150s/trans-150s/Cooking & Health/Everyday food/everyday70.webm,News
709,/mnt/hbnas/datasets/video_classification_videos/h264-vp9-150s/trans-150s/Cooking & Health/NishaMadhulika/NishaMadhulika524.webm,News
710,/mnt/hbnas/datasets/video_classification_videos/h264-vp9-150s/trans-150s/Cooking & Health/NishaMadhulika/NishaMadhulika612.webm,News
711,/mnt/hbnas/datasets/video_classification_videos/h264-vp9-150s/trans-150s/Cooking & Health/NishaMadhulika/NishaMadhulika439.webm,News
712,/mnt/hbnas/datasets/video_classification_videos/h264-vp9-150s/trans-150s/Cooking & Health/NishaMadhulika/NishaMadhulika208.webm,News
713,/mnt/hbnas/datasets/video_classification_videos/h264-vp9-150s/trans-150s/Cooking & Health/NishaMadhulika/NishaMadhulika575.webm,News
714,/mnt/hbnas/datasets/video_classification_videos/h264-vp9-150s/trans-150s/Cooking & Health/NishaMadhulika/NishaMadhulika334.webm,News
715,/mnt/hbnas/datasets/video_classification_videos/h264-vp9-150s/trans-150s/Cooking & Health/NishaMadhulika/NishaMadhulika173.webm,News
716,/mnt/hbnas/datasets/video_classification_videos/h264-vp9-150s/trans-150s/Cooking & Health/NishaMadhulika/NishaMadhulika179.webm,News
717,/mnt/hbnas/datasets/video_classification_videos/h264-vp9-150s/trans-150s/Cooking & Health/NishaMadhulika/NishaMadhulika552.webm,News
718,/mnt/hbnas/datasets/video_classification_videos/h264-vp9-150s/trans-150s/Cooking & Health/NishaMadhulika/NishaMadhulika590.webm,News
719,/mnt/hbnas/datasets/video_classification_videos/h264-vp9-150s/trans-150s/Cooking & Health/NishaMadhulika/NishaMadhulika311.webm,News
720,/mnt/hbnas/datasets/video_classification_videos/h264-vp9-150s/trans-150s/Cooking & Health/NishaMadhulika/NishaMadhulika5.webm,News
721,/mnt/hbnas/datasets/video_classification_videos/h264-vp9-150s/trans-150s/Cooking & Health/NishaMadhulika/NishaMadhulika384.webm,News
722,/mnt/hbnas/datasets/video_classification_videos/h264-vp9-150s/trans-150s/Cooking & Health/NishaMadhulika/NishaMadhulika464.webm,News
723,/mnt/hbnas/datasets/video_classification_videos/h264-vp9-150s/trans-150s/Cooking & Health/NishaMadhulika/NishaMadhulika453.webm,News
724,/mnt/hbnas/datasets/video_classification_videos/h264-vp9-150s/trans-150s/Cooking & Health/NishaMadhulika/NishaMadhulika28.webm,News
725,/mnt/hbnas/datasets/video_classification_videos/h264-vp9-150s/trans-150s/Cooking & Health/NishaMadhulika/NishaMadhulika574.webm,News
726,/mnt/hbnas/datasets/video_classification_videos/h264-vp9-150s/trans-150s/Cooking & Health/NishaMadhulika/NishaMadhulika122.webm,Game
727,/mnt/hbnas/datasets/video_classification_videos/h264-vp9-150s/trans-150s/Cooking & Health/NishaMadhulika/NishaMadhulika509.webm,Game
728,/mnt/hbnas/datasets/video_classification_videos/h264-vp9-150s/trans-150s/Cooking & Health/NishaMadhulika/NishaMadhulika474.webm,News
729,/mnt/hbnas/datasets/video_classification_videos/h264-vp9-150s/trans-150s/Cooking & Health/NishaMadhulika/NishaMadhulika684.webm,News
730,/mnt/hbnas/datasets/video_classification_videos/h264-vp9-150s/trans-150s/Cooking & Health/NishaMadhulika/NishaMadhulika25.webm,News
731,/mnt/hbnas/datasets/video_classification_videos/h264-vp9-150s/trans-150s/Cooking & Health/NishaMadhulika/NishaMadhulika598.webm,News
732,/mnt/hbnas/datasets/video_classification_videos/h264-vp9-150s/trans-150s/Cooking & Health/NishaMadhulika/NishaMadhulika223.webm,News
733,/mnt/hbnas/datasets/video_classification_videos/h264-vp9-150s/trans-150s/Cooking & Health/NishaMadhulika/NishaMadhulika683.webm,News
734,/mnt/hbnas/datasets/video_classification_videos/h264-vp9-150s/trans-150s/Cooking & Health/NishaMadhulika/NishaMadhulika117.webm,News
735,/mnt/hbnas/datasets/video_classification_videos/h264-vp9-150s/trans-150s/Cooking & Health/NishaMadhulika/NishaMadhulika437.webm,Game
736,/mnt/hbnas/datasets/video_classification_videos/h264-vp9-150s/trans-150s/Cooking & Health/NishaMadhulika/NishaMadhulika292.webm,Game
737,/mnt/hbnas/datasets/video_classification_videos/h264-vp9-150s/trans-150s/Cooking & Health/NishaMadhulika/NishaMadhulika70.webm,News
738,/mnt/hbnas/datasets/video_classification_videos/h264-vp9-150s/trans-150s/Cooking & Health/NishaMadhulika/NishaMadhulika423.webm,Game
739,/mnt/hbnas/datasets/video_classification_videos/h264-vp9-150s/trans-150s/Cooking & Health/NishaMadhulika/NishaMadhulika10.webm,Game
740,/mnt/hbnas/datasets/video_classification_videos/h264-vp9-150s/trans-150s/Cooking & Health/NishaMadhulika/NishaMadhulika585.webm,News
741,/mnt/hbnas/datasets/video_classification_videos/h264-vp9-150s/trans-150s/Cooking & Health/NishaMadhulika/NishaMadhulika550.webm,News
742,/mnt/hbnas/datasets/video_classification_videos/h264-vp9-150s/trans-150s/Cooking & Health/NishaMadhulika/NishaMadhulika202.webm,Game
743,/mnt/hbnas/datasets/video_classification_videos/h264-vp9-150s/trans-150s/Cooking & Health/NishaMadhulika/NishaMadhulika146.webm,News
744,/mnt/hbnas/datasets/video_classification_videos/h264-vp9-150s/trans-150s/Cooking & Health/NishaMadhulika/NishaMadhulika617.webm,News
745,/mnt/hbnas/datasets/video_classification_videos/h264-vp9-150s/trans-150s/Cooking & Health/NishaMadhulika/NishaMadhulika110.webm,News
746,/mnt/hbnas/datasets/video_classification_videos/h264-vp9-150s/trans-150s/Cooking & Health/NishaMadhulika/NishaMadhulika466.webm,News
747,/mnt/hbnas/datasets/video_classification_videos/h264-vp9-150s/trans-150s/Cooking & Health/NishaMadhulika/NishaMadhulika673.webm,News
748,/mnt/hbnas/datasets/video_classification_videos/h264-vp9-150s/trans-150s/Cooking & Health/NishaMadhulika/NishaMadhulika95.webm,Food
749,/mnt/hbnas/datasets/video_classification_videos/h264-vp9-150s/trans-150s/Cooking & Health/NishaMadhulika/NishaMadhulika197.webm,Game
750,/mnt/hbnas/datasets/video_classification_videos/h264-vp9-150s/trans-150s/Cooking & Health/NishaMadhulika/NishaMadhulika277.webm,News
751,/mnt/hbnas/datasets/video_classification_videos/h264-vp9-150s/trans-150s/Cooking & Health/NishaMadhulika/NishaMadhulika568.webm,News
752,/mnt/hbnas/datasets/video_classification_videos/h264-vp9-150s/trans-150s/Cooking & Health/NishaMadhulika/NishaMadhulika611.webm,News
753,/mnt/hbnas/datasets/video_classification_videos/h264-vp9-150s/trans-150s/Cooking & Health/NishaMadhulika/NishaMadhulika360.webm,News
754,/mnt/hbnas/datasets/video_classification_videos/h264-vp9-150s/trans-150s/Cooking & Health/NishaMadhulika/NishaMadhulika414.webm,News
755,/mnt/hbnas/datasets/video_classification_videos/h264-vp9-150s/trans-150s/Cooking & Health/NishaMadhulika/NishaMadhulika31.webm,Game
756,/mnt/hbnas/datasets/video_classification_videos/h264-vp9-150s/trans-150s/Cooking & Health/NishaMadhulika/NishaMadhulika126.webm,News
757,/mnt/hbnas/datasets/video_classification_videos/h264-vp9-150s/trans-150s/Cooking & Health/NishaMadhulika/NishaMadhulika354.webm,News
758,/mnt/hbnas/datasets/video_classification_videos/h264-vp9-150s/trans-150s/Cooking & Health/NishaMadhulika/NishaMadhulika183.webm,News
759,/mnt/hbnas/datasets/video_classification_videos/h264-vp9-150s/trans-150s/Cooking & Health/NishaMadhulika/NishaMadhulika290.webm,News
760,/mnt/hbnas/datasets/video_classification_videos/h264-vp9-150s/trans-150s/Cooking & Health/NishaMadhulika/NishaMadhulika525.webm,News
761,/mnt/hbnas/datasets/video_classification_videos/h264-vp9-150s/trans-150s/Cooking & Health/Others/food3/meishi1225.webm,Sports
762,/mnt/hbnas/datasets/video_classification_videos/h264-vp9-150s/trans-150s/Cooking & Health/Others/food3/meishi1243.webm,News
763,/mnt/hbnas/datasets/video_classification_videos/h264-vp9-150s/trans-150s/Cooking & Health/Others/food3/meishi1274.webm,Game
764,/mnt/hbnas/datasets/video_classification_videos/h264-vp9-150s/trans-150s/Cooking & Health/Others/food3/meishi1230.webm,News
765,/mnt/hbnas/datasets/video_classification_videos/h264-vp9-150s/trans-150s/Cooking & Health/Others/food2/meishi522.webm,Game
766,/mnt/hbnas/datasets/video_classification_videos/h264-vp9-150s/trans-150s/Cooking & Health/Others/food2/meishi563.webm,Food
767,/mnt/hbnas/datasets/video_classification_videos/h264-vp9-150s/trans-150s/Cooking & Health/Others/food2/meishi547.webm,Game
768,/mnt/hbnas/datasets/video_classification_videos/h264-vp9-150s/trans-150s/Cooking & Health/Others/food2/meishi604.webm,Food
769,/mnt/hbnas/datasets/video_classification_videos/h264-vp9-150s/trans-150s/Cooking & Health/Others/food2/meishi594.webm,Game
770,/mnt/hbnas/datasets/video_classification_videos/h264-vp9-150s/trans-150s/Cooking & Health/Others/food2/meishi546.webm,News
771,/mnt/hbnas/datasets/video_classification_videos/h264-vp9-150s/trans-150s/Cooking & Health/Others/food2/meishi578.webm,Game
772,/mnt/hbnas/datasets/video_classification_videos/h264-vp9-150s/trans-150s/Cooking & Health/Others/food2/meishi502.webm,News
773,/mnt/hbnas/datasets/video_classification_videos/h264-vp9-150s/trans-150s/Cooking & Health/Others/food2/meishi506.webm,Music
774,/mnt/hbnas/datasets/video_classification_videos/h264-vp9-150s/trans-150s/Cooking & Health/Others/food1/meishi434.webm,Music
775,/mnt/hbnas/datasets/video_classification_videos/h264-vp9-150s/trans-150s/Cooking & Health/Others/food1/meishi362.webm,News
776,/mnt/hbnas/datasets/video_classification_videos/h264-vp9-150s/trans-150s/Cooking & Health/Others/food1/meishi314.webm,Food
777,/mnt/hbnas/datasets/video_classification_videos/h264-vp9-150s/trans-150s/Cooking & Health/Others/food1/meishi422.webm,News
778,/mnt/hbnas/datasets/video_classification_videos/h264-vp9-150s/trans-150s/Cooking & Health/Others/food1/meishi136.webm,News
779,/mnt/hbnas/datasets/video_classification_videos/h264-vp9-150s/trans-150s/Cooking & Health/Others/food1/meishi198.webm,News
780,/mnt/hbnas/datasets/video_classification_videos/h264-vp9-150s/trans-150s/Cooking & Health/Others/food1/meishi413.webm,Game
781,/mnt/hbnas/datasets/video_classification_videos/h264-vp9-150s/trans-150s/Cooking & Health/Others/food1/meishi387.webm,News
782,/mnt/hbnas/datasets/video_classification_videos/h264-vp9-150s/trans-150s/Cooking & Health/Others/food1/meishi452.webm,Game
783,/mnt/hbnas/datasets/video_classification_videos/h264-vp9-150s/trans-150s/Cooking & Health/Others/food1/meishi310.webm,News
784,/mnt/hbnas/datasets/video_classification_videos/h264-vp9-150s/trans-150s/Cooking & Health/Others/food1/meishi291.webm,Music
785,/mnt/hbnas/datasets/video_classification_videos/h264-vp9-150s/trans-150s/Cooking & Health/Others/food1/meishi138.webm,Game
786,/mnt/hbnas/datasets/video_classification_videos/h264-vp9-150s/trans-150s/Cooking & Health/Others/food1/meishi402.webm,News
787,/mnt/hbnas/datasets/video_classification_videos/h264-vp9-150s/trans-150s/Cooking & Health/Others/food4/meishi1328.webm,News
788,/mnt/hbnas/datasets/video_classification_videos/h264-vp9-150s/trans-150s/Cooking & Health/Others/food4/meishi1381.webm,Game
789,/mnt/hbnas/datasets/video_classification_videos/h264-vp9-150s/trans-150s/Cooking & Health/Others/food4/meishi1377.webm,Food
790,/mnt/hbnas/datasets/video_classification_videos/h264-vp9-150s/trans-150s/Cooking & Health/Others/food4/meishi1364.webm,News
791,/mnt/hbnas/datasets/video_classification_videos/h264-vp9-150s/trans-150s/Cooking & Health/Others/food4/meishi1393.webm,Game
792,/mnt/hbnas/datasets/video_classification_videos/h264-vp9-150s/trans-150s/Cooking & Health/Others/food4/meishi1392.webm,News
793,/mnt/hbnas/datasets/video_classification_videos/h264-vp9-150s/trans-150s/Cooking & Health/Others/food5/meishi1400.webm,Game
794,/mnt/hbnas/datasets/video_classification_videos/h264-vp9-150s/trans-150s/Cooking & Health/Others/food5/meishi1462.webm,Game
795,/mnt/hbnas/datasets/video_classification_videos/h264-vp9-150s/trans-150s/Cooking & Health/Others/food5/meishi1481.webm,Game
796,/mnt/hbnas/datasets/video_classification_videos/h264-vp9-150s/trans-150s/Cooking & Health/Others/food5/meishi1409.webm,Game
797,/mnt/hbnas/datasets/video_classification_videos/h264-vp9-150s/trans-150s/Cooking & Health/Others/food5/meishi1449.webm,News
798,/mnt/hbnas/datasets/video_classification_videos/h264-vp9-150s/trans-150s/Cooking & Health/Others/food5/meishi1440.webm,Game
799,/mnt/hbnas/datasets/video_classification_videos/h264-vp9-150s/trans-150s/Cooking & Health/Others/food5/meishi1493.webm,News
800,/mnt/hbnas/datasets/video_classification_videos/h264-vp9-150s/trans-150s/Education/Cocomelon/cocomelon(125).webm,News
801,/mnt/hbnas/datasets/video_classification_videos/h264-vp9-150s/trans-150s/Education/Cocomelon/cocomelon(129).webm,News
802,/mnt/hbnas/datasets/video_classification_videos/h264-vp9-150s/trans-150s/Education/Cocomelon/cocomelon(409).webm,News
803,/mnt/hbnas/datasets/video_classification_videos/h264-vp9-150s/trans-150s/Education/Cocomelon/cocomelon(44).webm,Food
804,/mnt/hbnas/datasets/video_classification_videos/h264-vp9-150s/trans-150s/Education/Cocomelon/cocomelon(689).webm,Sports
805,/mnt/hbnas/datasets/video_classification_videos/h264-vp9-150s/trans-150s/Education/Cocomelon/cocomelon(290).webm,Food
806,/mnt/hbnas/datasets/video_classification_videos/h264-vp9-150s/trans-150s/Education/Cocomelon/cocomelon(167).webm,Food
807,/mnt/hbnas/datasets/video_classification_videos/h264-vp9-150s/trans-150s/Education/Cocomelon/cocomelon(486).webm,Food
808,/mnt/hbnas/datasets/video_classification_videos/h264-vp9-150s/trans-150s/Education/Cocomelon/cocomelon(45).webm,Food
809,/mnt/hbnas/datasets/video_classification_videos/h264-vp9-150s/trans-150s/Education/Cocomelon/cocomelon(586).webm,News
810,/mnt/hbnas/datasets/video_classification_videos/h264-vp9-150s/trans-150s/Education/Cocomelon/cocomelon(686).webm,News
811,/mnt/hbnas/datasets/video_classification_videos/h264-vp9-150s/trans-150s/Education/Cocomelon/cocomelon(693).webm,Food
812,/mnt/hbnas/datasets/video_classification_videos/h264-vp9-150s/trans-150s/Education/Cocomelon/cocomelon(642).webm,News
813,/mnt/hbnas/datasets/video_classification_videos/h264-vp9-150s/trans-150s/Education/Cocomelon/cocomelon(221).webm,Food
814,/mnt/hbnas/datasets/video_classification_videos/h264-vp9-150s/trans-150s/Education/Cocomelon/cocomelon(590).webm,News
815,/mnt/hbnas/datasets/video_classification_videos/h264-vp9-150s/trans-150s/Education/Cocomelon/cocomelon(121).webm,News
816,/mnt/hbnas/datasets/video_classification_videos/h264-vp9-150s/trans-150s/Education/Cocomelon/cocomelon(633).webm,News
817,/mnt/hbnas/datasets/video_classification_videos/h264-vp9-150s/trans-150s/Education/Cocomelon/cocomelon(459).webm,News
818,/mnt/hbnas/datasets/video_classification_videos/h264-vp9-150s/trans-150s/Education/Cocomelon/cocomelon(268).webm,News
819,/mnt/hbnas/datasets/video_classification_videos/h264-vp9-150s/trans-150s/Education/Cocomelon/cocomelon(546).webm,Food
820,/mnt/hbnas/datasets/video_classification_videos/h264-vp9-150s/trans-150s/Education/Cocomelon/cocomelon(19).webm,News
821,/mnt/hbnas/datasets/video_classification_videos/h264-vp9-150s/trans-150s/Education/Cocomelon/cocomelon(460).webm,News
822,/mnt/hbnas/datasets/video_classification_videos/h264-vp9-150s/trans-150s/Education/Cocomelon/cocomelon(608).webm,News
823,/mnt/hbnas/datasets/video_classification_videos/h264-vp9-150s/trans-150s/Education/Cocomelon/cocomelon(555).webm,Food
824,/mnt/hbnas/datasets/video_classification_videos/h264-vp9-150s/trans-150s/Education/Cocomelon/cocomelon(104).webm,Food
825,/mnt/hbnas/datasets/video_classification_videos/h264-vp9-150s/trans-150s/Education/Cocomelon/cocomelon(65).webm,News
826,/mnt/hbnas/datasets/video_classification_videos/h264-vp9-150s/trans-150s/Education/Cocomelon/cocomelon(34).webm,News
827,/mnt/hbnas/datasets/video_classification_videos/h264-vp9-150s/trans-150s/Education/Cocomelon/cocomelon(677).webm,News
828,/mnt/hbnas/datasets/video_classification_videos/h264-vp9-150s/trans-150s/Education/Cocomelon/cocomelon(397).webm,Food
829,/mnt/hbnas/datasets/video_classification_videos/h264-vp9-150s/trans-150s/Education/Cocomelon/cocomelon(267).webm,News
830,/mnt/hbnas/datasets/video_classification_videos/h264-vp9-150s/trans-150s/Education/Cocomelon/cocomelon(24).webm,Music
831,/mnt/hbnas/datasets/video_classification_videos/h264-vp9-150s/trans-150s/Education/Cocomelon/cocomelon(222).webm,News
832,/mnt/hbnas/datasets/video_classification_videos/h264-vp9-150s/trans-150s/Education/Cocomelon/cocomelon(563).webm,Food
833,/mnt/hbnas/datasets/video_classification_videos/h264-vp9-150s/trans-150s/Education/Cocomelon/cocomelon(155).webm,Game
834,/mnt/hbnas/datasets/video_classification_videos/h264-vp9-150s/trans-150s/Education/Cocomelon/cocomelon(622).webm,Food
835,/mnt/hbnas/datasets/video_classification_videos/h264-vp9-150s/trans-150s/Education/Cocomelon/cocomelon(448).webm,Food
836,/mnt/hbnas/datasets/video_classification_videos/h264-vp9-150s/trans-150s/Education/Cocomelon/cocomelon(37).webm,News
837,/mnt/hbnas/datasets/video_classification_videos/h264-vp9-150s/trans-150s/Education/Cocomelon/cocomelon(169).webm,News
838,/mnt/hbnas/datasets/video_classification_videos/h264-vp9-150s/trans-150s/Education/Cocomelon/cocomelon(553).webm,Food
839,/mnt/hbnas/datasets/video_classification_videos/h264-vp9-150s/trans-150s/Education/Cocomelon/cocomelon(623).webm,News
840,/mnt/hbnas/datasets/video_classification_videos/h264-vp9-150s/trans-150s/Education/Cocomelon/cocomelon(580).webm,Food
841,/mnt/hbnas/datasets/video_classification_videos/h264-vp9-150s/trans-150s/Education/Cocomelon/cocomelon(148).webm,Food
842,/mnt/hbnas/datasets/video_classification_videos/h264-vp9-150s/trans-150s/Education/Cocomelon/cocomelon(218).webm,Music
843,/mnt/hbnas/datasets/video_classification_videos/h264-vp9-150s/trans-150s/Education/Cocomelon/cocomelon(330).webm,Food
844,/mnt/hbnas/datasets/video_classification_videos/h264-vp9-150s/trans-150s/Education/Cocomelon/cocomelon(307).webm,Food
845,/mnt/hbnas/datasets/video_classification_videos/h264-vp9-150s/trans-150s/Education/Cocomelon/cocomelon(287).webm,News
846,/mnt/hbnas/datasets/video_classification_videos/h264-vp9-150s/trans-150s/Education/Cocomelon/cocomelon(515).webm,News
847,/mnt/hbnas/datasets/video_classification_videos/h264-vp9-150s/trans-150s/Education/Cocomelon/cocomelon(619).webm,Food
848,/mnt/hbnas/datasets/video_classification_videos/h264-vp9-150s/trans-150s/Education/Cocomelon/cocomelon(436).webm,News
849,/mnt/hbnas/datasets/video_classification_videos/h264-vp9-150s/trans-150s/Education/Cocomelon/cocomelon(252).webm,Food
850,/mnt/hbnas/datasets/video_classification_videos/h264-vp9-150s/trans-150s/Education/Cocomelon/cocomelon(394).webm,Food
851,/mnt/hbnas/datasets/video_classification_videos/h264-vp9-150s/trans-150s/Education/Cocomelon/cocomelon(616).webm,Sports
852,/mnt/hbnas/datasets/video_classification_videos/h264-vp9-150s/trans-150s/Education/Cocomelon/cocomelon(575).webm,News
853,/mnt/hbnas/datasets/video_classification_videos/h264-vp9-150s/trans-150s/Education/Cocomelon/cocomelon(422).webm,Food
854,/mnt/hbnas/datasets/video_classification_videos/h264-vp9-150s/trans-150s/Education/Cocomelon/cocomelon(162).webm,News
855,/mnt/hbnas/datasets/video_classification_videos/h264-vp9-150s/trans-150s/Education/Cocomelon/cocomelon(704).webm,Food
856,/mnt/hbnas/datasets/video_classification_videos/h264-vp9-150s/trans-150s/Education/Cocomelon/cocomelon(627).webm,Food
857,/mnt/hbnas/datasets/video_classification_videos/h264-vp9-150s/trans-150s/Education/Cocomelon/cocomelon(145).webm,News
858,/mnt/hbnas/datasets/video_classification_videos/h264-vp9-150s/trans-150s/Education/Cocomelon/cocomelon(542).webm,Food
859,/mnt/hbnas/datasets/video_classification_videos/h264-vp9-150s/trans-150s/Education/Cocomelon/cocomelon(509).webm,Food
860,/mnt/hbnas/datasets/video_classification_videos/h264-vp9-150s/trans-150s/Education/Cocomelon/cocomelon(429).webm,News
861,/mnt/hbnas/datasets/video_classification_videos/h264-vp9-150s/trans-150s/Education/Cocomelon/cocomelon(223).webm,News
862,/mnt/hbnas/datasets/video_classification_videos/h264-vp9-150s/trans-150s/Education/Cocomelon/cocomelon(466).webm,Food
863,/mnt/hbnas/datasets/video_classification_videos/h264-vp9-150s/trans-150s/Education/Cocomelon/cocomelon(670).webm,Food
864,/mnt/hbnas/datasets/video_classification_videos/h264-vp9-150s/trans-150s/Education/Cocomelon/cocomelon(292).webm,Food
865,/mnt/hbnas/datasets/video_classification_videos/h264-vp9-150s/trans-150s/Education/Cocomelon/cocomelon(587).webm,News
866,/mnt/hbnas/datasets/video_classification_videos/h264-vp9-150s/trans-150s/Education/Cocomelon/cocomelon(160).webm,Food
867,/mnt/hbnas/datasets/video_classification_videos/h264-vp9-150s/trans-150s/Education/Cocomelon/cocomelon(260).webm,Music
868,/mnt/hbnas/datasets/video_classification_videos/h264-vp9-150s/trans-150s/Education/Cocomelon/cocomelon(432).webm,News
869,/mnt/hbnas/datasets/video_classification_videos/h264-vp9-150s/trans-150s/Education/Cocomelon/cocomelon(547).webm,Sports
870,/mnt/hbnas/datasets/video_classification_videos/h264-vp9-150s/trans-150s/Education/Cocomelon/cocomelon(101).webm,News
871,/mnt/hbnas/datasets/video_classification_videos/h264-vp9-150s/trans-150s/Education/Cocomelon/cocomelon(545).webm,News
872,/mnt/hbnas/datasets/video_classification_videos/h264-vp9-150s/trans-150s/Education/Cocomelon/cocomelon(713).webm,News
873,/mnt/hbnas/datasets/video_classification_videos/h264-vp9-150s/trans-150s/Education/Cocomelon/cocomelon(645).webm,News
874,/mnt/hbnas/datasets/video_classification_videos/h264-vp9-150s/trans-150s/Education/Cocomelon/cocomelon(234).webm,Music
875,/mnt/hbnas/datasets/video_classification_videos/h264-vp9-150s/trans-150s/Education/Cocomelon/cocomelon(61).webm,News
876,/mnt/hbnas/datasets/video_classification_videos/h264-vp9-150s/trans-150s/Education/Cocomelon/cocomelon(611).webm,News
877,/mnt/hbnas/datasets/video_classification_videos/h264-vp9-150s/trans-150s/Education/Cocomelon/cocomelon(658).webm,Food
878,/mnt/hbnas/datasets/video_classification_videos/h264-vp9-150s/trans-150s/Education/Cocomelon/cocomelon(568).webm,Food
879,/mnt/hbnas/datasets/video_classification_videos/h264-vp9-150s/trans-150s/Education/Cocomelon/cocomelon(86).webm,News
880,/mnt/hbnas/datasets/video_classification_videos/h264-vp9-150s/trans-150s/Education/Cocomelon/cocomelon(146).webm,Food
881,/mnt/hbnas/datasets/video_classification_videos/h264-vp9-150s/trans-150s/Education/Cocomelon/cocomelon(640).webm,News
882,/mnt/hbnas/datasets/video_classification_videos/h264-vp9-150s/trans-150s/Education/Cocomelon/cocomelon(227).webm,Food
883,/mnt/hbnas/datasets/video_classification_videos/h264-vp9-150s/trans-150s/Education/Cocomelon/cocomelon(294).webm,Food
884,/mnt/hbnas/datasets/video_classification_videos/h264-vp9-150s/trans-150s/Education/Cocomelon/cocomelon(79).webm,News
885,/mnt/hbnas/datasets/video_classification_videos/h264-vp9-150s/trans-150s/Education/Cocomelon/cocomelon(529).webm,News
886,/mnt/hbnas/datasets/video_classification_videos/h264-vp9-150s/trans-150s/Education/Cocomelon/cocomelon(257).webm,News
887,/mnt/hbnas/datasets/video_classification_videos/h264-vp9-150s/trans-150s/Education/Cocomelon/cocomelon(4).webm,Food
888,/mnt/hbnas/datasets/video_classification_videos/h264-vp9-150s/trans-150s/Education/Cocomelon/cocomelon(20).webm,Food
889,/mnt/hbnas/datasets/video_classification_videos/h264-vp9-150s/trans-150s/Education/Cocomelon/cocomelon(54).webm,Food
890,/mnt/hbnas/datasets/video_classification_videos/h264-vp9-150s/trans-150s/Education/Cocomelon/cocomelon(286).webm,Food
891,/mnt/hbnas/datasets/video_classification_videos/h264-vp9-150s/trans-150s/Education/Cocomelon/cocomelon(392).webm,Food
892,/mnt/hbnas/datasets/video_classification_videos/h264-vp9-150s/trans-150s/Education/Cocomelon/cocomelon(43).webm,Food
893,/mnt/hbnas/datasets/video_classification_videos/h264-vp9-150s/trans-150s/Education/Cocomelon/cocomelon(107).webm,News
894,/mnt/hbnas/datasets/video_classification_videos/h264-vp9-150s/trans-150s/Education/Cocomelon/cocomelon(680).webm,Music
895,/mnt/hbnas/datasets/video_classification_videos/h264-vp9-150s/trans-150s/Education/Cocomelon/cocomelon(494).webm,Food
896,/mnt/hbnas/datasets/video_classification_videos/h264-vp9-150s/trans-150s/Education/Cocomelon/cocomelon(606).webm,News
897,/mnt/hbnas/datasets/video_classification_videos/h264-vp9-150s/trans-150s/Education/Cocomelon/cocomelon(605).webm,News
898,/mnt/hbnas/datasets/video_classification_videos/h264-vp9-150s/trans-150s/Education/Cocomelon/cocomelon(437).webm,News
899,/mnt/hbnas/datasets/video_classification_videos/h264-vp9-150s/trans-150s/Education/Cocomelon/cocomelon(158).webm,News
900,/mnt/hbnas/datasets/video_classification_videos/h264-vp9-150s/trans-150s/Education/Cocomelon/cocomelon(201).webm,Food
901,/mnt/hbnas/datasets/video_classification_videos/h264-vp9-150s/trans-150s/Education/Cocomelon/cocomelon(635).webm,News
902,/mnt/hbnas/datasets/video_classification_videos/h264-vp9-150s/trans-150s/Education/Cocomelon/cocomelon(501).webm,News
903,/mnt/hbnas/datasets/video_classification_videos/h264-vp9-150s/trans-150s/Education/Cocomelon/cocomelon(147).webm,News
904,/mnt/hbnas/datasets/video_classification_videos/h264-vp9-150s/trans-150s/Education/Cocomelon/cocomelon(585).webm,Game
905,/mnt/hbnas/datasets/video_classification_videos/h264-vp9-150s/trans-150s/Education/Cocomelon/cocomelon(593).webm,News
906,/mnt/hbnas/datasets/video_classification_videos/h264-vp9-150s/trans-150s/Education/Cocomelon/cocomelon(431).webm,News
907,/mnt/hbnas/datasets/video_classification_videos/h264-vp9-150s/trans-150s/Education/Cocomelon/cocomelon(620).webm,Game
908,/mnt/hbnas/datasets/video_classification_videos/h264-vp9-150s/trans-150s/Education/Cocomelon/cocomelon(170).webm,Food
909,/mnt/hbnas/datasets/video_classification_videos/h264-vp9-150s/trans-150s/Education/Cocomelon/cocomelon(36).webm,Game
910,/mnt/hbnas/datasets/video_classification_videos/h264-vp9-150s/trans-150s/Education/Cocomelon/cocomelon(653).webm,Food
911,/mnt/hbnas/datasets/video_classification_videos/h264-vp9-150s/trans-150s/Education/Cocomelon/cocomelon(458).webm,News
912,/mnt/hbnas/datasets/video_classification_videos/h264-vp9-150s/trans-150s/Education/Cocomelon/cocomelon(11).webm,Game
913,/mnt/hbnas/datasets/video_classification_videos/h264-vp9-150s/trans-150s/Education/Cocomelon/cocomelon(211).webm,News
914,/mnt/hbnas/datasets/video_classification_videos/h264-vp9-150s/trans-150s/Education/Cocomelon/cocomelon(451).webm,Music
915,/mnt/hbnas/datasets/video_classification_videos/h264-vp9-150s/trans-150s/Education/Cocomelon/cocomelon(272).webm,Food
916,/mnt/hbnas/datasets/video_classification_videos/h264-vp9-150s/trans-150s/Education/Cocomelon/cocomelon(214).webm,News
917,/mnt/hbnas/datasets/video_classification_videos/h264-vp9-150s/trans-150s/Education/Cocomelon/cocomelon(306).webm,Food
918,/mnt/hbnas/datasets/video_classification_videos/h264-vp9-150s/trans-150s/Education/Cocomelon/cocomelon(80).webm,News
919,/mnt/hbnas/datasets/video_classification_videos/h264-vp9-150s/trans-150s/Education/Cocomelon/cocomelon(671).webm,News
920,/mnt/hbnas/datasets/video_classification_videos/h264-vp9-150s/trans-150s/Education/Cocomelon/cocomelon(426).webm,Food
921,/mnt/hbnas/datasets/video_classification_videos/h264-vp9-150s/trans-150s/Education/Cocomelon/cocomelon(238).webm,Sports
922,/mnt/hbnas/datasets/video_classification_videos/h264-vp9-150s/trans-150s/Education/Cocomelon/cocomelon(5).webm,Food
923,/mnt/hbnas/datasets/video_classification_videos/h264-vp9-150s/trans-150s/Education/Cocomelon/cocomelon(231).webm,News
924,/mnt/hbnas/datasets/video_classification_videos/h264-vp9-150s/trans-150s/Education/Cocomelon/cocomelon(706).webm,Food
925,/mnt/hbnas/datasets/video_classification_videos/h264-vp9-150s/trans-150s/Education/Cocomelon/cocomelon(265).webm,Food
926,/mnt/hbnas/datasets/video_classification_videos/h264-vp9-150s/trans-150s/Education/Cocomelon/cocomelon(440).webm,Food
927,/mnt/hbnas/datasets/video_classification_videos/h264-vp9-150s/trans-150s/Education/Cocomelon/cocomelon(200).webm,Food
928,/mnt/hbnas/datasets/video_classification_videos/h264-vp9-150s/trans-150s/Education/Cocomelon/cocomelon(237).webm,Food
929,/mnt/hbnas/datasets/video_classification_videos/h264-vp9-150s/trans-150s/Education/Cocomelon/cocomelon(498).webm,News
930,/mnt/hbnas/datasets/video_classification_videos/h264-vp9-150s/trans-150s/Education/Cocomelon/cocomelon(206).webm,News
931,/mnt/hbnas/datasets/video_classification_videos/h264-vp9-150s/trans-150s/Education/Cocomelon/cocomelon(570).webm,Food
932,/mnt/hbnas/datasets/video_classification_videos/h264-vp9-150s/trans-150s/Education/Cocomelon/cocomelon(438).webm,Food
933,/mnt/hbnas/datasets/video_classification_videos/h264-vp9-150s/trans-150s/Education/Cocomelon/cocomelon(637).webm,Food
934,/mnt/hbnas/datasets/video_classification_videos/h264-vp9-150s/trans-150s/Education/Cocomelon/cocomelon(230).webm,Food
935,/mnt/hbnas/datasets/video_classification_videos/h264-vp9-150s/trans-150s/Education/Cocomelon/cocomelon(73).webm,News
936,/mnt/hbnas/datasets/video_classification_videos/h264-vp9-150s/trans-150s/Education/Cocomelon/cocomelon(279).webm,Food
937,/mnt/hbnas/datasets/video_classification_videos/h264-vp9-150s/trans-150s/Education/Cocomelon/cocomelon(682).webm,Food
938,/mnt/hbnas/datasets/video_classification_videos/h264-vp9-150s/trans-150s/Education/Cocomelon/cocomelon(3).webm,News
939,/mnt/hbnas/datasets/video_classification_videos/h264-vp9-150s/trans-150s/Education/Cocomelon/cocomelon(663).webm,News
940,/mnt/hbnas/datasets/video_classification_videos/h264-vp9-150s/trans-150s/Education/Cocomelon/cocomelon(428).webm,News
941,/mnt/hbnas/datasets/video_classification_videos/h264-vp9-150s/trans-150s/Education/Cocomelon/cocomelon(166).webm,Food
942,/mnt/hbnas/datasets/video_classification_videos/h264-vp9-150s/trans-150s/Education/Cocomelon/cocomelon(253).webm,News
943,/mnt/hbnas/datasets/video_classification_videos/h264-vp9-150s/trans-150s/Education/Cocomelon/cocomelon(15).webm,Food
944,/mnt/hbnas/datasets/video_classification_videos/h264-vp9-150s/trans-150s/Education/Cocomelon/cocomelon(256).webm,Sports
945,/mnt/hbnas/datasets/video_classification_videos/h264-vp9-150s/trans-150s/Education/Cocomelon/cocomelon(571).webm,Food
946,/mnt/hbnas/datasets/video_classification_videos/h264-vp9-150s/trans-150s/Education/Cocomelon/cocomelon(88).webm,Food
947,/mnt/hbnas/datasets/video_classification_videos/h264-vp9-150s/trans-150s/Education/Cocomelon/cocomelon(154).webm,News
948,/mnt/hbnas/datasets/video_classification_videos/h264-vp9-150s/trans-150s/Education/Cocomelon/cocomelon(445).webm,Food
949,/mnt/hbnas/datasets/video_classification_videos/h264-vp9-150s/trans-150s/Education/Cocomelon/cocomelon(22).webm,Food
950,/mnt/hbnas/datasets/video_classification_videos/h264-vp9-150s/trans-150s/Education/Cocomelon/cocomelon(562).webm,News
951,/mnt/hbnas/datasets/video_classification_videos/h264-vp9-150s/trans-150s/Education/Cocomelon/cocomelon(254).webm,News
952,/mnt/hbnas/datasets/video_classification_videos/h264-vp9-150s/trans-150s/Education/Cocomelon/cocomelon(293).webm,Food
953,/mnt/hbnas/datasets/video_classification_videos/h264-vp9-150s/trans-150s/Education/Cocomelon/cocomelon(505).webm,Food
954,/mnt/hbnas/datasets/video_classification_videos/h264-vp9-150s/trans-150s/Education/Cocomelon/cocomelon(245).webm,News
955,/mnt/hbnas/datasets/video_classification_videos/h264-vp9-150s/trans-150s/Education/Cocomelon/cocomelon(588).webm,Food
956,/mnt/hbnas/datasets/video_classification_videos/h264-vp9-150s/trans-150s/Education/Cocomelon/cocomelon(462).webm,Food
957,/mnt/hbnas/datasets/video_classification_videos/h264-vp9-150s/trans-150s/Education/Cocomelon/cocomelon(33).webm,Game
958,/mnt/hbnas/datasets/video_classification_videos/h264-vp9-150s/trans-150s/Education/Cocomelon/cocomelon(64).webm,News
959,/mnt/hbnas/datasets/video_classification_videos/h264-vp9-150s/trans-150s/Education/Cocomelon/cocomelon(53).webm,Food
960,/mnt/hbnas/datasets/video_classification_videos/h264-vp9-150s/trans-150s/Education/Cocomelon/cocomelon(326).webm,News
961,/mnt/hbnas/datasets/video_classification_videos/h264-vp9-150s/trans-150s/Education/Cocomelon/cocomelon(62).webm,News
962,/mnt/hbnas/datasets/video_classification_videos/h264-vp9-150s/trans-150s/Education/Cocomelon/cocomelon(639).webm,Food
963,/mnt/hbnas/datasets/video_classification_videos/h264-vp9-150s/trans-150s/Education/Cocomelon/cocomelon(602).webm,News
964,/mnt/hbnas/datasets/video_classification_videos/h264-vp9-150s/trans-150s/Education/Cocomelon/cocomelon(652).webm,News
965,/mnt/hbnas/datasets/video_classification_videos/h264-vp9-150s/trans-150s/Education/Cocomelon/cocomelon(534).webm,Food
966,/mnt/hbnas/datasets/video_classification_videos/h264-vp9-150s/trans-150s/Education/Cocomelon/cocomelon(453).webm,News
967,/mnt/hbnas/datasets/video_classification_videos/h264-vp9-150s/trans-150s/Education/Cocomelon/cocomelon(291).webm,News
968,/mnt/hbnas/datasets/video_classification_videos/h264-vp9-150s/trans-150s/Education/Cocomelon/cocomelon(100).webm,Food
969,/mnt/hbnas/datasets/video_classification_videos/h264-vp9-150s/trans-150s/Education/Cocomelon/cocomelon(493).webm,Food
970,/mnt/hbnas/datasets/video_classification_videos/h264-vp9-150s/trans-150s/Education/Cocomelon/cocomelon(23).webm,News
971,/mnt/hbnas/datasets/video_classification_videos/h264-vp9-150s/trans-150s/Education/Cocomelon/cocomelon(419).webm,News
972,/mnt/hbnas/datasets/video_classification_videos/h264-vp9-150s/trans-150s/Education/Cocomelon/cocomelon(517).webm,Food
973,/mnt/hbnas/datasets/video_classification_videos/h264-vp9-150s/trans-150s/Education/Cocomelon/cocomelon(596).webm,News
974,/mnt/hbnas/datasets/video_classification_videos/h264-vp9-150s/trans-150s/Education/Cocomelon/cocomelon(411).webm,News
975,/mnt/hbnas/datasets/video_classification_videos/h264-vp9-150s/trans-150s/Education/Cocomelon/cocomelon(55).webm,News
976,/mnt/hbnas/datasets/video_classification_videos/h264-vp9-150s/trans-150s/Education/Cocomelon/cocomelon(503).webm,Sports
977,/mnt/hbnas/datasets/video_classification_videos/h264-vp9-150s/trans-150s/Education/Cocomelon/cocomelon(574).webm,News
978,/mnt/hbnas/datasets/video_classification_videos/h264-vp9-150s/trans-150s/Education/Cocomelon/cocomelon(626).webm,News
979,/mnt/hbnas/datasets/video_classification_videos/h264-vp9-150s/trans-150s/Education/Cocomelon/cocomelon(47).webm,News
980,/mnt/hbnas/datasets/video_classification_videos/h264-vp9-150s/trans-150s/Education/Cocomelon/cocomelon(540).webm,News
981,/mnt/hbnas/datasets/video_classification_videos/h264-vp9-150s/trans-150s/Education/Cocomelon/cocomelon(235).webm,Food
982,/mnt/hbnas/datasets/video_classification_videos/h264-vp9-150s/trans-150s/Education/Cocomelon/cocomelon(694).webm,Sports
983,/mnt/hbnas/datasets/video_classification_videos/h264-vp9-150s/trans-150s/Education/Cocomelon/cocomelon(443).webm,Food
984,/mnt/hbnas/datasets/video_classification_videos/h264-vp9-150s/trans-150s/Education/Cocomelon/cocomelon(319).webm,News
985,/mnt/hbnas/datasets/video_classification_videos/h264-vp9-150s/trans-150s/Education/Cocomelon/cocomelon(469).webm,News
986,/mnt/hbnas/datasets/video_classification_videos/h264-vp9-150s/trans-150s/Education/Cocomelon/cocomelon(273).webm,News
987,/mnt/hbnas/datasets/video_classification_videos/h264-vp9-150s/trans-150s/Education/Cocomelon/cocomelon(566).webm,Sports
988,/mnt/hbnas/datasets/video_classification_videos/h264-vp9-150s/trans-150s/Education/Cocomelon/cocomelon(217).webm,Food
989,/mnt/hbnas/datasets/video_classification_videos/h264-vp9-150s/trans-150s/Education/Cocomelon/cocomelon(120).webm,News
990,/mnt/hbnas/datasets/video_classification_videos/h264-vp9-150s/trans-150s/Education/Cocomelon/cocomelon(164).webm,News
991,/mnt/hbnas/datasets/video_classification_videos/h264-vp9-150s/trans-150s/Education/Cocomelon/cocomelon(138).webm,News
992,/mnt/hbnas/datasets/video_classification_videos/h264-vp9-150s/trans-150s/Education/Cocomelon/cocomelon(133).webm,Food
993,/mnt/hbnas/datasets/video_classification_videos/h264-vp9-150s/trans-150s/Education/Cocomelon/cocomelon(92).webm,Food
994,/mnt/hbnas/datasets/video_classification_videos/h264-vp9-150s/trans-150s/Education/Cocomelon/cocomelon(496).webm,Food
995,/mnt/hbnas/datasets/video_classification_videos/h264-vp9-150s/trans-150s/Education/Cocomelon/cocomelon(243).webm,Food
996,/mnt/hbnas/datasets/video_classification_videos/h264-vp9-150s/trans-150s/Education/Cocomelon/cocomelon(239).webm,News
997,/mnt/hbnas/datasets/video_classification_videos/h264-vp9-150s/trans-150s/Education/Cocomelon/cocomelon(597).webm,News
998,/mnt/hbnas/datasets/video_classification_videos/h264-vp9-150s/trans-150s/Education/Cocomelon/cocomelon(82).webm,Food
999,/mnt/hbnas/datasets/video_classification_videos/h264-vp9-150s/trans-150s/Education/Cocomelon/cocomelon(277).webm,News
1000,/mnt/hbnas/datasets/video_classification_videos/h264-vp9-150s/trans-150s/Education/Cocomelon/cocomelon(483).webm,News
1001,/mnt/hbnas/datasets/video_classification_videos/h264-vp9-150s/trans-150s/Education/Cocomelon/cocomelon(324).webm,Food
1002,/mnt/hbnas/datasets/video_classification_videos/h264-vp9-150s/trans-150s/Education/Cocomelon/cocomelon(251).webm,News
1003,/mnt/hbnas/datasets/video_classification_videos/h264-vp9-150s/trans-150s/Education/Cocomelon/cocomelon(283).webm,News
1004,/mnt/hbnas/datasets/video_classification_videos/h264-vp9-150s/trans-150s/Education/Cocomelon/cocomelon(271).webm,Food
1005,/mnt/hbnas/datasets/video_classification_videos/h264-vp9-150s/trans-150s/Education/Cocomelon/cocomelon(414).webm,Food
1006,/mnt/hbnas/datasets/video_classification_videos/h264-vp9-150s/trans-150s/Education/Cocomelon/cocomelon(118).webm,Food
1007,/mnt/hbnas/datasets/video_classification_videos/h264-vp9-150s/trans-150s/Education/Cocomelon/cocomelon(91).webm,News
1008,/mnt/hbnas/datasets/video_classification_videos/h264-vp9-150s/trans-150s/Education/Cocomelon/cocomelon(463).webm,News
1009,/mnt/hbnas/datasets/video_classification_videos/h264-vp9-150s/trans-150s/Education/Cocomelon/cocomelon(288).webm,News
1010,/mnt/hbnas/datasets/video_classification_videos/h264-vp9-150s/trans-150s/Education/Cocomelon/cocomelon(94).webm,Food
1011,/mnt/hbnas/datasets/video_classification_videos/h264-vp9-150s/trans-150s/Education/Cocomelon/cocomelon(338).webm,News
1012,/mnt/hbnas/datasets/video_classification_videos/h264-vp9-150s/trans-150s/Education/Cocomelon/cocomelon(406).webm,Food
1013,/mnt/hbnas/datasets/video_classification_videos/h264-vp9-150s/trans-150s/Education/Cocomelon/cocomelon(159).webm,Game
1014,/mnt/hbnas/datasets/video_classification_videos/h264-vp9-150s/trans-150s/Education/Cocomelon/cocomelon(468).webm,News
1015,/mnt/hbnas/datasets/video_classification_videos/h264-vp9-150s/trans-150s/Education/Cocomelon/cocomelon(705).webm,Food
1016,/mnt/hbnas/datasets/video_classification_videos/h264-vp9-150s/trans-150s/Education/Cocomelon/cocomelon(474).webm,News
1017,/mnt/hbnas/datasets/video_classification_videos/h264-vp9-150s/trans-150s/Education/Cocomelon/cocomelon(561).webm,News
1018,/mnt/hbnas/datasets/video_classification_videos/h264-vp9-150s/trans-150s/Education/Cocomelon/cocomelon(644).webm,Food
1019,/mnt/hbnas/datasets/video_classification_videos/h264-vp9-150s/trans-150s/Education/Cocomelon/cocomelon(197).webm,Food
1020,/mnt/hbnas/datasets/video_classification_videos/h264-vp9-150s/trans-150s/Education/Cocomelon/cocomelon(165).webm,Food
1021,/mnt/hbnas/datasets/video_classification_videos/h264-vp9-150s/trans-150s/Education/Cocomelon/cocomelon(490).webm,Food
1022,/mnt/hbnas/datasets/video_classification_videos/h264-vp9-150s/trans-150s/Education/Cocomelon/cocomelon(467).webm,Food
1023,/mnt/hbnas/datasets/video_classification_videos/h264-vp9-150s/trans-150s/Education/Cocomelon/cocomelon(58).webm,Food
1024,/mnt/hbnas/datasets/video_classification_videos/h264-vp9-150s/trans-150s/Education/Cocomelon/cocomelon(423).webm,Food
1025,/mnt/hbnas/datasets/video_classification_videos/h264-vp9-150s/trans-150s/Education/Cocomelon/cocomelon(78).webm,Food
1026,/mnt/hbnas/datasets/video_classification_videos/h264-vp9-150s/trans-150s/Education/Cocomelon/cocomelon(537).webm,Food
1027,/mnt/hbnas/datasets/video_classification_videos/h264-vp9-150s/trans-150s/Education/Cocomelon/cocomelon(229).webm,Food
1028,/mnt/hbnas/datasets/video_classification_videos/h264-vp9-150s/trans-150s/Education/Cocomelon/cocomelon(714).webm,News
1029,/mnt/hbnas/datasets/video_classification_videos/h264-vp9-150s/trans-150s/Education/Cocomelon/cocomelon(27).webm,Game
1030,/mnt/hbnas/datasets/video_classification_videos/h264-vp9-150s/trans-150s/Education/Cocomelon/cocomelon(668).webm,Food
1031,/mnt/hbnas/datasets/video_classification_videos/h264-vp9-150s/trans-150s/Education/Cocomelon/cocomelon(213).webm,News
1032,/mnt/hbnas/datasets/video_classification_videos/h264-vp9-150s/trans-150s/Education/Cocomelon/cocomelon(124).webm,News
1033,/mnt/hbnas/datasets/video_classification_videos/h264-vp9-150s/trans-150s/Education/Cocomelon/cocomelon(700).webm,News
1034,/mnt/hbnas/datasets/video_classification_videos/h264-vp9-150s/trans-150s/Education/Cocomelon/cocomelon(122).webm,Food
1035,/mnt/hbnas/datasets/video_classification_videos/h264-vp9-150s/trans-150s/Education/Cocomelon/cocomelon(128).webm,News
1036,/mnt/hbnas/datasets/video_classification_videos/h264-vp9-150s/trans-150s/Education/Cocomelon/cocomelon(450).webm,News
1037,/mnt/hbnas/datasets/video_classification_videos/h264-vp9-150s/trans-150s/Education/Cocomelon/cocomelon(393).webm,Music
1038,/mnt/hbnas/datasets/video_classification_videos/h264-vp9-150s/trans-150s/Education/Cocomelon/cocomelon(215).webm,News
1039,/mnt/hbnas/datasets/video_classification_videos/h264-vp9-150s/trans-150s/Education/Cocomelon/cocomelon(539).webm,News
1040,/mnt/hbnas/datasets/video_classification_videos/h264-vp9-150s/trans-150s/Education/Cocomelon/cocomelon(103).webm,News
1041,/mnt/hbnas/datasets/video_classification_videos/h264-vp9-150s/trans-150s/Education/Cocomelon/cocomelon(662).webm,Food
1042,/mnt/hbnas/datasets/video_classification_videos/h264-vp9-150s/trans-150s/Education/Cocomelon/cocomelon(522).webm,Food
1043,/mnt/hbnas/datasets/video_classification_videos/h264-vp9-150s/trans-150s/Education/Cocomelon/cocomelon(489).webm,Food
1044,/mnt/hbnas/datasets/video_classification_videos/h264-vp9-150s/trans-150s/Education/Cocomelon/cocomelon(465).webm,News
1045,/mnt/hbnas/datasets/video_classification_videos/h264-vp9-150s/trans-150s/Education/Cocomelon/cocomelon(41).webm,Food
1046,/mnt/hbnas/datasets/video_classification_videos/h264-vp9-150s/trans-150s/Education/Cocomelon/cocomelon(396).webm,Food
1047,/mnt/hbnas/datasets/video_classification_videos/h264-vp9-150s/trans-150s/Education/Cocomelon/cocomelon(96).webm,News
1048,/mnt/hbnas/datasets/video_classification_videos/h264-vp9-150s/trans-150s/Education/Cocomelon/cocomelon(40).webm,Food
1049,/mnt/hbnas/datasets/video_classification_videos/h264-vp9-150s/trans-150s/Education/Cocomelon/cocomelon(636).webm,News
1050,/mnt/hbnas/datasets/video_classification_videos/h264-vp9-150s/trans-150s/Education/Cocomelon/cocomelon(599).webm,Food
1051,/mnt/hbnas/datasets/video_classification_videos/h264-vp9-150s/trans-150s/Education/Cocomelon/cocomelon(591).webm,Food
1052,/mnt/hbnas/datasets/video_classification_videos/h264-vp9-150s/trans-150s/Education/Cocomelon/cocomelon(506).webm,Food
1053,/mnt/hbnas/datasets/video_classification_videos/h264-vp9-150s/trans-150s/Education/Cocomelon/cocomelon(519).webm,News
1054,/mnt/hbnas/datasets/video_classification_videos/h264-vp9-150s/trans-150s/Education/Cocomelon/cocomelon(278).webm,News
1055,/mnt/hbnas/datasets/video_classification_videos/h264-vp9-150s/trans-150s/Education/Cocomelon/cocomelon(57).webm,News
1056,/mnt/hbnas/datasets/video_classification_videos/h264-vp9-150s/trans-150s/Education/Cocomelon/cocomelon(678).webm,News
1057,/mnt/hbnas/datasets/video_classification_videos/h264-vp9-150s/trans-150s/Education/Cocomelon/cocomelon(681).webm,News
1058,/mnt/hbnas/datasets/video_classification_videos/h264-vp9-150s/trans-150s/Education/Cocomelon/cocomelon(127).webm,News
1059,/mnt/hbnas/datasets/video_classification_videos/h264-vp9-150s/trans-150s/Education/Cocomelon/cocomelon(672).webm,News
1060,/mnt/hbnas/datasets/video_classification_videos/h264-vp9-150s/trans-150s/Education/Cocomelon/cocomelon(454).webm,News
1061,/mnt/hbnas/datasets/video_classification_videos/h264-vp9-150s/trans-150s/Education/Cocomelon/cocomelon(504).webm,News
1062,/mnt/hbnas/datasets/video_classification_videos/h264-vp9-150s/trans-150s/Education/Cocomelon/cocomelon(675).webm,News
1063,/mnt/hbnas/datasets/video_classification_videos/h264-vp9-150s/trans-150s/Education/Cocomelon/cocomelon(75).webm,Food
1064,/mnt/hbnas/datasets/video_classification_videos/h264-vp9-150s/trans-150s/Education/Cocomelon/cocomelon(150).webm,News
1065,/mnt/hbnas/datasets/video_classification_videos/h264-vp9-150s/trans-150s/Education/Cocomelon/cocomelon(508).webm,Sports
1066,/mnt/hbnas/datasets/video_classification_videos/h264-vp9-150s/trans-150s/Education/Cocomelon/cocomelon(550).webm,News
1067,/mnt/hbnas/datasets/video_classification_videos/h264-vp9-150s/trans-150s/Education/Cocomelon/cocomelon(472).webm,News
1068,/mnt/hbnas/datasets/video_classification_videos/h264-vp9-150s/trans-150s/Education/Cocomelon/cocomelon(610).webm,News
1069,/mnt/hbnas/datasets/video_classification_videos/h264-vp9-150s/trans-150s/Education/Cocomelon/cocomelon(532).webm,Music
1070,/mnt/hbnas/datasets/video_classification_videos/h264-vp9-150s/trans-150s/Education/Cocomelon/cocomelon(624).webm,Food
1071,/mnt/hbnas/datasets/video_classification_videos/h264-vp9-150s/trans-150s/Education/Cocomelon/cocomelon(244).webm,Food
1072,/mnt/hbnas/datasets/video_classification_videos/h264-vp9-150s/trans-150s/Education/Cocomelon/cocomelon(595).webm,News
1073,/mnt/hbnas/datasets/video_classification_videos/h264-vp9-150s/trans-150s/Education/Cocomelon/cocomelon(106).webm,News
1074,/mnt/hbnas/datasets/video_classification_videos/h264-vp9-150s/trans-150s/Education/Cocomelon/cocomelon(669).webm,News
1075,/mnt/hbnas/datasets/video_classification_videos/h264-vp9-150s/trans-150s/Education/Cocomelon/cocomelon(108).webm,News
1076,/mnt/hbnas/datasets/video_classification_videos/h264-vp9-150s/trans-150s/Education/Cocomelon/cocomelon(402).webm,Food
1077,/mnt/hbnas/datasets/video_classification_videos/h264-vp9-150s/trans-150s/Education/Cocomelon/cocomelon(457).webm,News
1078,/mnt/hbnas/datasets/video_classification_videos/h264-vp9-150s/trans-150s/Education/Cocomelon/cocomelon(391).webm,Food
1079,/mnt/hbnas/datasets/video_classification_videos/h264-vp9-150s/trans-150s/Education/Cocomelon/cocomelon(66).webm,Food
1080,/mnt/hbnas/datasets/video_classification_videos/h264-vp9-150s/trans-150s/Education/Cocomelon/cocomelon(241).webm,News
1081,/mnt/hbnas/datasets/video_classification_videos/h264-vp9-150s/trans-150s/Education/Cocomelon/cocomelon(219).webm,News
1082,/mnt/hbnas/datasets/video_classification_videos/h264-vp9-150s/trans-150s/Education/Cocomelon/cocomelon(531).webm,Music
1083,/mnt/hbnas/datasets/video_classification_videos/h264-vp9-150s/trans-150s/Education/Cocomelon/cocomelon(131).webm,News
1084,/mnt/hbnas/datasets/video_classification_videos/h264-vp9-150s/trans-150s/Education/Cocomelon/cocomelon(528).webm,News
1085,/mnt/hbnas/datasets/video_classification_videos/h264-vp9-150s/trans-150s/Education/Cocomelon/cocomelon(137).webm,News
1086,/mnt/hbnas/datasets/video_classification_videos/h264-vp9-150s/trans-150s/Education/Cocomelon/cocomelon(59).webm,Food
1087,/mnt/hbnas/datasets/video_classification_videos/h264-vp9-150s/trans-150s/Education/Cocomelon/cocomelon(538).webm,Food
1088,/mnt/hbnas/datasets/video_classification_videos/h264-vp9-150s/trans-150s/Education/Cocomelon/cocomelon(607).webm,News
1089,/mnt/hbnas/datasets/video_classification_videos/h264-vp9-150s/trans-150s/Education/Cocomelon/cocomelon(315).webm,Food
1090,/mnt/hbnas/datasets/video_classification_videos/h264-vp9-150s/trans-150s/Education/Cocomelon/cocomelon(495).webm,News
1091,/mnt/hbnas/datasets/video_classification_videos/h264-vp9-150s/trans-150s/Education/Cocomelon/cocomelon(674).webm,News
1092,/mnt/hbnas/datasets/video_classification_videos/h264-vp9-150s/trans-150s/Education/Cocomelon/cocomelon(313).webm,Food
1093,/mnt/hbnas/datasets/video_classification_videos/h264-vp9-150s/trans-150s/Education/Cocomelon/cocomelon(25).webm,Game
1094,/mnt/hbnas/datasets/video_classification_videos/h264-vp9-150s/trans-150s/Education/Cocomelon/cocomelon(205).webm,Food
1095,/mnt/hbnas/datasets/video_classification_videos/h264-vp9-150s/trans-150s/Education/Cocomelon/cocomelon(475).webm,Food
1096,/mnt/hbnas/datasets/video_classification_videos/h264-vp9-150s/trans-150s/Education/Cocomelon/cocomelon(691).webm,News
1097,/mnt/hbnas/datasets/video_classification_videos/h264-vp9-150s/trans-150s/Education/Cocomelon/cocomelon(592).webm,News
1098,/mnt/hbnas/datasets/video_classification_videos/h264-vp9-150s/trans-150s/Education/Cocomelon/cocomelon(126).webm,News
1099,/mnt/hbnas/datasets/video_classification_videos/h264-vp9-150s/trans-150s/Education/Cocomelon/cocomelon(323).webm,Food
1100,/mnt/hbnas/datasets/video_classification_videos/h264-vp9-150s/trans-150s/Education/Cocomelon/cocomelon(676).webm,Food
1101,/mnt/hbnas/datasets/video_classification_videos/h264-vp9-150s/trans-150s/Education/Cocomelon/cocomelon(557).webm,News
1102,/mnt/hbnas/datasets/video_classification_videos/h264-vp9-150s/trans-150s/Education/Cocomelon/cocomelon(420).webm,News
1103,/mnt/hbnas/datasets/video_classification_videos/h264-vp9-150s/trans-150s/Education/Cocomelon/cocomelon(68).webm,News
1104,/mnt/hbnas/datasets/video_classification_videos/h264-vp9-150s/trans-150s/Education/Cocomelon/cocomelon(132).webm,News
1105,/mnt/hbnas/datasets/video_classification_videos/h264-vp9-150s/trans-150s/Education/Cocomelon/cocomelon(97).webm,Food
1106,/mnt/hbnas/datasets/video_classification_videos/h264-vp9-150s/trans-150s/Education/Cocomelon/cocomelon(208).webm,News
1107,/mnt/hbnas/datasets/video_classification_videos/h264-vp9-150s/trans-150s/Education/Cocomelon/cocomelon(634).webm,News
1108,/mnt/hbnas/datasets/video_classification_videos/h264-vp9-150s/trans-150s/Education/Cocomelon/cocomelon(648).webm,Food
1109,/mnt/hbnas/datasets/video_classification_videos/h264-vp9-150s/trans-150s/Education/Cocomelon/cocomelon(109).webm,Food
1110,/mnt/hbnas/datasets/video_classification_videos/h264-vp9-150s/trans-150s/Education/Cocomelon/cocomelon(69).webm,News
1111,/mnt/hbnas/datasets/video_classification_videos/h264-vp9-150s/trans-150s/Education/Cocomelon/cocomelon(548).webm,Sports
1112,/mnt/hbnas/datasets/video_classification_videos/h264-vp9-150s/trans-150s/Education/Cocomelon/cocomelon(322).webm,News
1113,/mnt/hbnas/datasets/video_classification_videos/h264-vp9-150s/trans-150s/Education/Cocomelon/cocomelon(530).webm,Food
1114,/mnt/hbnas/datasets/video_classification_videos/h264-vp9-150s/trans-150s/Education/Kids_son/kids_son(8).webm,Food
1115,/mnt/hbnas/datasets/video_classification_videos/h264-vp9-150s/trans-150s/Education/Kids_son/kids_son(605).webm,News
1116,/mnt/hbnas/datasets/video_classification_videos/h264-vp9-150s/trans-150s/Education/Kids_son/kids_son(52).webm,News
1117,/mnt/hbnas/datasets/video_classification_videos/h264-vp9-150s/trans-150s/Education/Kids_son/kids_son(575).webm,Food
1118,/mnt/hbnas/datasets/video_classification_videos/h264-vp9-150s/trans-150s/Education/Kids_son/kids_son(418).webm,Game
1119,/mnt/hbnas/datasets/video_classification_videos/h264-vp9-150s/trans-150s/Education/Kids_son/kids_son(219).webm,Game
1120,/mnt/hbnas/datasets/video_classification_videos/h264-vp9-150s/trans-150s/Education/Kids_son/kids_son(206).webm,News
1121,/mnt/hbnas/datasets/video_classification_videos/h264-vp9-150s/trans-150s/Education/Kids_son/kids_son(302).webm,News
1122,/mnt/hbnas/datasets/video_classification_videos/h264-vp9-150s/trans-150s/Education/Kids_son/kids_son(47).webm,Game
1123,/mnt/hbnas/datasets/video_classification_videos/h264-vp9-150s/trans-150s/Education/Kids_son/kids_son(71).webm,News
1124,/mnt/hbnas/datasets/video_classification_videos/h264-vp9-150s/trans-150s/Education/Kids_son/kids_son(104).webm,Game
1125,/mnt/hbnas/datasets/video_classification_videos/h264-vp9-150s/trans-150s/Education/Kids_son/kids_son(13).webm,Food
1126,/mnt/hbnas/datasets/video_classification_videos/h264-vp9-150s/trans-150s/Education/Kids_son/kids_son(580).webm,News
1127,/mnt/hbnas/datasets/video_classification_videos/h264-vp9-150s/trans-150s/Education/Kids_son/kids_son(35).webm,Game
1128,/mnt/hbnas/datasets/video_classification_videos/h264-vp9-150s/trans-150s/Education/Kids_son/kids_son(213).webm,Food
1129,/mnt/hbnas/datasets/video_classification_videos/h264-vp9-150s/trans-150s/Education/Kids_son/kids_son(467).webm,Food
1130,/mnt/hbnas/datasets/video_classification_videos/h264-vp9-150s/trans-150s/Education/Kids_son/kids_son(340).webm,Food
1131,/mnt/hbnas/datasets/video_classification_videos/h264-vp9-150s/trans-150s/Education/Kids_son/kids_son(598).webm,Food
1132,/mnt/hbnas/datasets/video_classification_videos/h264-vp9-150s/trans-150s/Education/Kids_son/kids_son(582).webm,Game
1133,/mnt/hbnas/datasets/video_classification_videos/h264-vp9-150s/trans-150s/Education/Kids_son/kids_son(245).webm,Food
1134,/mnt/hbnas/datasets/video_classification_videos/h264-vp9-150s/trans-150s/Education/Kids_son/kids_son(556).webm,Food
1135,/mnt/hbnas/datasets/video_classification_videos/h264-vp9-150s/trans-150s/Education/Kids_son/kids_son(99).webm,Game
1136,/mnt/hbnas/datasets/video_classification_videos/h264-vp9-150s/trans-150s/Education/Kids_son/kids_son(447).webm,Game
1137,/mnt/hbnas/datasets/video_classification_videos/h264-vp9-150s/trans-150s/Education/Kids_son/kids_son(29).webm,Game
1138,/mnt/hbnas/datasets/video_classification_videos/h264-vp9-150s/trans-150s/Education/Kids_son/kids_son(48).webm,Food
1139,/mnt/hbnas/datasets/video_classification_videos/h264-vp9-150s/trans-150s/Education/Kids_son/kids_son(249).webm,Game
1140,/mnt/hbnas/datasets/video_classification_videos/h264-vp9-150s/trans-150s/Education/Kids_son/kids_son(192).webm,News
1141,/mnt/hbnas/datasets/video_classification_videos/h264-vp9-150s/trans-150s/Education/Kids_son/kids_son(158).webm,Game
1142,/mnt/hbnas/datasets/video_classification_videos/h264-vp9-150s/trans-150s/Education/Kids_son/kids_son(370).webm,Game
1143,/mnt/hbnas/datasets/video_classification_videos/h264-vp9-150s/trans-150s/Education/Kids_son/kids_son(189).webm,Food
1144,/mnt/hbnas/datasets/video_classification_videos/h264-vp9-150s/trans-150s/Education/Kids_son/kids_son(303).webm,Game
1145,/mnt/hbnas/datasets/video_classification_videos/h264-vp9-150s/trans-150s/Education/Kids_son/kids_son(496).webm,News
1146,/mnt/hbnas/datasets/video_classification_videos/h264-vp9-150s/trans-150s/Education/Kids_son/kids_son(349).webm,Game
1147,/mnt/hbnas/datasets/video_classification_videos/h264-vp9-150s/trans-150s/Education/Kids_son/kids_son(39).webm,News
1148,/mnt/hbnas/datasets/video_classification_videos/h264-vp9-150s/trans-150s/Education/Kids_son/kids_son(437).webm,Food
1149,/mnt/hbnas/datasets/video_classification_videos/h264-vp9-150s/trans-150s/Education/Kids_son/kids_son(95).webm,Music
1150,/mnt/hbnas/datasets/video_classification_videos/h264-vp9-150s/trans-150s/Education/Kids_son/kids_son(465).webm,Food
1151,/mnt/hbnas/datasets/video_classification_videos/h264-vp9-150s/trans-150s/Education/Kids_son/kids_son(60).webm,Food
1152,/mnt/hbnas/datasets/video_classification_videos/h264-vp9-150s/trans-150s/Education/Kids_son/kids_son(613).webm,Food
1153,/mnt/hbnas/datasets/video_classification_videos/h264-vp9-150s/trans-150s/Education/Kids_son/kids_son(191).webm,Food
1154,/mnt/hbnas/datasets/video_classification_videos/h264-vp9-150s/trans-150s/Education/Kids_son/kids_son(409).webm,Game
1155,/mnt/hbnas/datasets/video_classification_videos/h264-vp9-150s/trans-150s/Education/Kids_son/kids_son(469).webm,Food
1156,/mnt/hbnas/datasets/video_classification_videos/h264-vp9-150s/trans-150s/Education/Kids_son/kids_son(205).webm,Game
1157,/mnt/hbnas/datasets/video_classification_videos/h264-vp9-150s/trans-150s/Education/Kids_son/kids_son(463).webm,News
1158,/mnt/hbnas/datasets/video_classification_videos/h264-vp9-150s/trans-150s/Education/Kids_son/kids_son(103).webm,Game
1159,/mnt/hbnas/datasets/video_classification_videos/h264-vp9-150s/trans-150s/Education/Kids_son/kids_son(398).webm,Game
1160,/mnt/hbnas/datasets/video_classification_videos/h264-vp9-150s/trans-150s/Education/Kids_son/kids_son(180).webm,Food
1161,/mnt/hbnas/datasets/video_classification_videos/h264-vp9-150s/trans-150s/Education/Kids_son/kids_son(22).webm,News
1162,/mnt/hbnas/datasets/video_classification_videos/h264-vp9-150s/trans-150s/Education/Kids_son/kids_son(128).webm,Food
1163,/mnt/hbnas/datasets/video_classification_videos/h264-vp9-150s/trans-150s/Education/Kids_son/kids_son(532).webm,Game
1164,/mnt/hbnas/datasets/video_classification_videos/h264-vp9-150s/trans-150s/Education/Kids_son/kids_son(414).webm,News
1165,/mnt/hbnas/datasets/video_classification_videos/h264-vp9-150s/trans-150s/Education/Kids_son/kids_son(326).webm,Food
1166,/mnt/hbnas/datasets/video_classification_videos/h264-vp9-150s/trans-150s/Education/Kids_son/kids_son(509).webm,Food
1167,/mnt/hbnas/datasets/video_classification_videos/h264-vp9-150s/trans-150s/Education/Kids_son/kids_son(215).webm,News
1168,/mnt/hbnas/datasets/video_classification_videos/h264-vp9-150s/trans-150s/Education/Kids_son/kids_son(68).webm,News
1169,/mnt/hbnas/datasets/video_classification_videos/h264-vp9-150s/trans-150s/Education/Kids_son/kids_son(113).webm,Food
1170,/mnt/hbnas/datasets/video_classification_videos/h264-vp9-150s/trans-150s/Education/Kids_son/kids_son(401).webm,News
1171,/mnt/hbnas/datasets/video_classification_videos/h264-vp9-150s/trans-150s/Education/Kids_son/kids_son(122).webm,Game
1172,/mnt/hbnas/datasets/video_classification_videos/h264-vp9-150s/trans-150s/Education/Kids_son/kids_son(43).webm,Game
1173,/mnt/hbnas/datasets/video_classification_videos/h264-vp9-150s/trans-150s/Education/Kids_son/kids_son(388).webm,Game
1174,/mnt/hbnas/datasets/video_classification_videos/h264-vp9-150s/trans-150s/Education/Kids_son/kids_son(123).webm,Game
1175,/mnt/hbnas/datasets/video_classification_videos/h264-vp9-150s/trans-150s/Education/Kids_son/kids_son(42).webm,Game
1176,/mnt/hbnas/datasets/video_classification_videos/h264-vp9-150s/trans-150s/Education/Kids_son/kids_son(491).webm,Game
1177,/mnt/hbnas/datasets/video_classification_videos/h264-vp9-150s/trans-150s/Education/Kids_son/kids_son(115).webm,Food
1178,/mnt/hbnas/datasets/video_classification_videos/h264-vp9-150s/trans-150s/Education/Kids_son/kids_son(28).webm,Game
1179,/mnt/hbnas/datasets/video_classification_videos/h264-vp9-150s/trans-150s/Education/Kids_son/kids_son(600).webm,Food
1180,/mnt/hbnas/datasets/video_classification_videos/h264-vp9-150s/trans-150s/Education/Kids_son/kids_son(1).webm,Game
1181,/mnt/hbnas/datasets/video_classification_videos/h264-vp9-150s/trans-150s/Education/Kids_son/kids_son(595).webm,News
1182,/mnt/hbnas/datasets/video_classification_videos/h264-vp9-150s/trans-150s/Education/Kids_son/kids_son(186).webm,Food
1183,/mnt/hbnas/datasets/video_classification_videos/h264-vp9-150s/trans-150s/Education/Kids_son/kids_son(462).webm,News
1184,/mnt/hbnas/datasets/video_classification_videos/h264-vp9-150s/trans-150s/Education/Kids_son/kids_son(405).webm,Game
1185,/mnt/hbnas/datasets/video_classification_videos/h264-vp9-150s/trans-150s/Education/Kids_son/kids_son(126).webm,Food
1186,/mnt/hbnas/datasets/video_classification_videos/h264-vp9-150s/trans-150s/Education/Kids_son/kids_son(246).webm,News
1187,/mnt/hbnas/datasets/video_classification_videos/h264-vp9-150s/trans-150s/Education/Kids_son/kids_son(348).webm,Game
1188,/mnt/hbnas/datasets/video_classification_videos/h264-vp9-150s/trans-150s/Education/Kids_son/kids_son(231).webm,Game
1189,/mnt/hbnas/datasets/video_classification_videos/h264-vp9-150s/trans-150s/Education/Kids_son/kids_son(221).webm,News
1190,/mnt/hbnas/datasets/video_classification_videos/h264-vp9-150s/trans-150s/Education/Kids_son/kids_son(181).webm,Game
1191,/mnt/hbnas/datasets/video_classification_videos/h264-vp9-150s/trans-150s/Education/Kids_son/kids_son(597).webm,Food
1192,/mnt/hbnas/datasets/video_classification_videos/h264-vp9-150s/trans-150s/Education/Kids_son/kids_son(101).webm,Game
1193,/mnt/hbnas/datasets/video_classification_videos/h264-vp9-150s/trans-150s/Education/Kids_son/kids_son(593).webm,Food
1194,/mnt/hbnas/datasets/video_classification_videos/h264-vp9-150s/trans-150s/Education/Kids_son/kids_son(338).webm,Food
1195,/mnt/hbnas/datasets/video_classification_videos/h264-vp9-150s/trans-150s/Education/Kids_son/kids_son(9).webm,Game
1196,/mnt/hbnas/datasets/video_classification_videos/h264-vp9-150s/trans-150s/Education/Kids_son/kids_son(390).webm,News
1197,/mnt/hbnas/datasets/video_classification_videos/h264-vp9-150s/trans-150s/Education/Kids_son/kids_son(193).webm,News
1198,/mnt/hbnas/datasets/video_classification_videos/h264-vp9-150s/trans-150s/Education/Kids_son/kids_son(260).webm,Game
1199,/mnt/hbnas/datasets/video_classification_videos/h264-vp9-150s/trans-150s/Education/Kids_son/kids_son(117).webm,Game
1200,/mnt/hbnas/datasets/video_classification_videos/h264-vp9-150s/trans-150s/Entertainment/Tiktok/tiktok(570).webm,News
1201,/mnt/hbnas/datasets/video_classification_videos/h264-vp9-150s/trans-150s/Entertainment/Tiktok/tiktok(278).webm,News
1202,/mnt/hbnas/datasets/video_classification_videos/h264-vp9-150s/trans-150s/Entertainment/Tiktok/tiktok(807).webm,Game
1203,/mnt/hbnas/datasets/video_classification_videos/h264-vp9-150s/trans-150s/Entertainment/Tiktok/tiktok(673).webm,News
1204,/mnt/hbnas/datasets/video_classification_videos/h264-vp9-150s/trans-150s/Entertainment/Tiktok/tiktok(589).webm,News
1205,/mnt/hbnas/datasets/video_classification_videos/h264-vp9-150s/trans-150s/Entertainment/Tiktok/tiktok(584).webm,News
1206,/mnt/hbnas/datasets/video_classification_videos/h264-vp9-150s/trans-150s/Entertainment/Tiktok/tiktok(583).webm,News
1207,/mnt/hbnas/datasets/video_classification_videos/h264-vp9-150s/trans-150s/Entertainment/Tiktok/tiktok(779).webm,News
1208,/mnt/hbnas/datasets/video_classification_videos/h264-vp9-150s/trans-150s/Entertainment/Tiktok/tiktok(442).webm,News
1209,/mnt/hbnas/datasets/video_classification_videos/h264-vp9-150s/trans-150s/Entertainment/Tiktok/tiktok(629).webm,News
1210,/mnt/hbnas/datasets/video_classification_videos/h264-vp9-150s/trans-150s/Entertainment/Tiktok/tiktok(542).webm,News
1211,/mnt/hbnas/datasets/video_classification_videos/h264-vp9-150s/trans-150s/Entertainment/Tiktok/tiktok(297).webm,News
1212,/mnt/hbnas/datasets/video_classification_videos/h264-vp9-150s/trans-150s/Entertainment/Tiktok/tiktok(590).webm,Music
1213,/mnt/hbnas/datasets/video_classification_videos/h264-vp9-150s/trans-150s/Entertainment/Tiktok/tiktok(806).webm,News
1214,/mnt/hbnas/datasets/video_classification_videos/h264-vp9-150s/trans-150s/Entertainment/Tiktok/tiktok(231).webm,Music
1215,/mnt/hbnas/datasets/video_classification_videos/h264-vp9-150s/trans-150s/Entertainment/Tiktok/tiktok(501).webm,Game
1216,/mnt/hbnas/datasets/video_classification_videos/h264-vp9-150s/trans-150s/Entertainment/Tiktok/tiktok(892).webm,News
1217,/mnt/hbnas/datasets/video_classification_videos/h264-vp9-150s/trans-150s/Entertainment/Tiktok/tiktok(636).webm,News
1218,/mnt/hbnas/datasets/video_classification_videos/h264-vp9-150s/trans-150s/Entertainment/Tiktok/tiktok(694).webm,Food
1219,/mnt/hbnas/datasets/video_classification_videos/h264-vp9-150s/trans-150s/Entertainment/Tiktok/tiktok(937).webm,News
1220,/mnt/hbnas/datasets/video_classification_videos/h264-vp9-150s/trans-150s/Entertainment/Tiktok/tiktok(525).webm,Game
1221,/mnt/hbnas/datasets/video_classification_videos/h264-vp9-150s/trans-150s/Entertainment/Tiktok/tiktok(287).webm,News
1222,/mnt/hbnas/datasets/video_classification_videos/h264-vp9-150s/trans-150s/Entertainment/Tiktok/tiktok(652).webm,News
1223,/mnt/hbnas/datasets/video_classification_videos/h264-vp9-150s/trans-150s/Entertainment/Tiktok/tiktok(455).webm,News
1224,/mnt/hbnas/datasets/video_classification_videos/h264-vp9-150s/trans-150s/Entertainment/Tiktok/tiktok(362).webm,News
1225,/mnt/hbnas/datasets/video_classification_videos/h264-vp9-150s/trans-150s/Entertainment/Tiktok/tiktok(751).webm,News
1226,/mnt/hbnas/datasets/video_classification_videos/h264-vp9-150s/trans-150s/Entertainment/Tiktok/tiktok(341).webm,News
1227,/mnt/hbnas/datasets/video_classification_videos/h264-vp9-150s/trans-150s/Entertainment/Tiktok/tiktok(695).webm,News
1228,/mnt/hbnas/datasets/video_classification_videos/h264-vp9-150s/trans-150s/Entertainment/Tiktok/tiktok(672).webm,News
1229,/mnt/hbnas/datasets/video_classification_videos/h264-vp9-150s/trans-150s/Entertainment/Tiktok/tiktok(276).webm,Game
1230,/mnt/hbnas/datasets/video_classification_videos/h264-vp9-150s/trans-150s/Entertainment/Tiktok/tiktok(780).webm,News
1231,/mnt/hbnas/datasets/video_classification_videos/h264-vp9-150s/trans-150s/Entertainment/Tiktok/tiktok(425).webm,News
1232,/mnt/hbnas/datasets/video_classification_videos/h264-vp9-150s/trans-150s/Entertainment/Tiktok/tiktok(190).webm,News
1233,/mnt/hbnas/datasets/video_classification_videos/h264-vp9-150s/trans-150s/Entertainment/Tiktok/tiktok(814).webm,Game
1234,/mnt/hbnas/datasets/video_classification_videos/h264-vp9-150s/trans-150s/Entertainment/Tiktok/tiktok(658).webm,News
1235,/mnt/hbnas/datasets/video_classification_videos/h264-vp9-150s/trans-150s/Entertainment/Tiktok/tiktok(233).webm,News
1236,/mnt/hbnas/datasets/video_classification_videos/h264-vp9-150s/trans-150s/Entertainment/Tiktok/tiktok(246).webm,News
1237,/mnt/hbnas/datasets/video_classification_videos/h264-vp9-150s/trans-150s/Entertainment/Tiktok/tiktok(414).webm,News
1238,/mnt/hbnas/datasets/video_classification_videos/h264-vp9-150s/trans-150s/Entertainment/Tiktok/tiktok(566).webm,News
1239,/mnt/hbnas/datasets/video_classification_videos/h264-vp9-150s/trans-150s/Entertainment/Tiktok/tiktok(587).webm,News
1240,/mnt/hbnas/datasets/video_classification_videos/h264-vp9-150s/trans-150s/Entertainment/Tiktok/tiktok(304).webm,Game
1241,/mnt/hbnas/datasets/video_classification_videos/h264-vp9-150s/trans-150s/Entertainment/Tiktok/tiktok(456).webm,News
1242,/mnt/hbnas/datasets/video_classification_videos/h264-vp9-150s/trans-150s/Entertainment/Tiktok/tiktok(744).webm,News
1243,/mnt/hbnas/datasets/video_classification_videos/h264-vp9-150s/trans-150s/Entertainment/Tiktok/tiktok(548).webm,News
1244,/mnt/hbnas/datasets/video_classification_videos/h264-vp9-150s/trans-150s/Entertainment/Tiktok/tiktok(438).webm,News
1245,/mnt/hbnas/datasets/video_classification_videos/h264-vp9-150s/trans-150s/Entertainment/Tiktok/tiktok(614).webm,News
1246,/mnt/hbnas/datasets/video_classification_videos/h264-vp9-150s/trans-150s/Entertainment/Tiktok/tiktok(608).webm,News
1247,/mnt/hbnas/datasets/video_classification_videos/h264-vp9-150s/trans-150s/Entertainment/Tiktok/tiktok(615).webm,News
1248,/mnt/hbnas/datasets/video_classification_videos/h264-vp9-150s/trans-150s/Entertainment/Tiktok/tiktok(706).webm,News
1249,/mnt/hbnas/datasets/video_classification_videos/h264-vp9-150s/trans-150s/Entertainment/Tiktok/tiktok(469).webm,News
1250,/mnt/hbnas/datasets/video_classification_videos/h264-vp9-150s/trans-150s/Entertainment/Tiktok/tiktok(412).webm,News
1251,/mnt/hbnas/datasets/video_classification_videos/h264-vp9-150s/trans-150s/Entertainment/Tiktok/tiktok(487).webm,Game
1252,/mnt/hbnas/datasets/video_classification_videos/h264-vp9-150s/trans-150s/Entertainment/Tiktok/tiktok(319).webm,News
1253,/mnt/hbnas/datasets/video_classification_videos/h264-vp9-150s/trans-150s/Entertainment/Tiktok/tiktok(247).webm,News
1254,/mnt/hbnas/datasets/video_classification_videos/h264-vp9-150s/trans-150s/Entertainment/Tiktok/tiktok(750).webm,News
1255,/mnt/hbnas/datasets/video_classification_videos/h264-vp9-150s/trans-150s/Entertainment/Tiktok/tiktok(912).webm,Game
1256,/mnt/hbnas/datasets/video_classification_videos/h264-vp9-150s/trans-150s/Entertainment/Tiktok/tiktok(320).webm,News
1257,/mnt/hbnas/datasets/video_classification_videos/h264-vp9-150s/trans-150s/Entertainment/Tiktok/tiktok(431).webm,News
1258,/mnt/hbnas/datasets/video_classification_videos/h264-vp9-150s/trans-150s/Entertainment/Tiktok/tiktok(521).webm,News
1259,/mnt/hbnas/datasets/video_classification_videos/h264-vp9-150s/trans-150s/Entertainment/Tiktok/tiktok(794).webm,News
1260,/mnt/hbnas/datasets/video_classification_videos/h264-vp9-150s/trans-150s/Entertainment/Tiktok/tiktok(491).webm,News
1261,/mnt/hbnas/datasets/video_classification_videos/h264-vp9-150s/trans-150s/Entertainment/Tiktok/tiktok(715).webm,News
1262,/mnt/hbnas/datasets/video_classification_videos/h264-vp9-150s/trans-150s/Entertainment/Tiktok/tiktok(441).webm,News
1263,/mnt/hbnas/datasets/video_classification_videos/h264-vp9-150s/trans-150s/Entertainment/Tiktok/tiktok(776).webm,Food
1264,/mnt/hbnas/datasets/video_classification_videos/h264-vp9-150s/trans-150s/Entertainment/Tiktok/tiktok(924).webm,Game
1265,/mnt/hbnas/datasets/video_classification_videos/h264-vp9-150s/trans-150s/Entertainment/Tiktok/tiktok(902).webm,News
1266,/mnt/hbnas/datasets/video_classification_videos/h264-vp9-150s/trans-150s/Entertainment/Tiktok/tiktok(564).webm,News
1267,/mnt/hbnas/datasets/video_classification_videos/h264-vp9-150s/trans-150s/Entertainment/Tiktok/tiktok(866).webm,News
1268,/mnt/hbnas/datasets/video_classification_videos/h264-vp9-150s/trans-150s/Entertainment/Tiktok/tiktok(359).webm,News
1269,/mnt/hbnas/datasets/video_classification_videos/h264-vp9-150s/trans-150s/Entertainment/Tiktok/tiktok(392).webm,News
1270,/mnt/hbnas/datasets/video_classification_videos/h264-vp9-150s/trans-150s/Entertainment/Tiktok/tiktok(358).webm,Music
1271,/mnt/hbnas/datasets/video_classification_videos/h264-vp9-150s/trans-150s/Entertainment/Tiktok/tiktok(688).webm,News
1272,/mnt/hbnas/datasets/video_classification_videos/h264-vp9-150s/trans-150s/Entertainment/Tiktok/tiktok(710).webm,Game
1273,/mnt/hbnas/datasets/video_classification_videos/h264-vp9-150s/trans-150s/Entertainment/Tiktok/tiktok(592).webm,News
1274,/mnt/hbnas/datasets/video_classification_videos/h264-vp9-150s/trans-150s/Entertainment/Tiktok/tiktok(878).webm,Game
1275,/mnt/hbnas/datasets/video_classification_videos/h264-vp9-150s/trans-150s/Entertainment/Tiktok/tiktok(746).webm,Game
1276,/mnt/hbnas/datasets/video_classification_videos/h264-vp9-150s/trans-150s/Entertainment/Tiktok/tiktok(402).webm,News
1277,/mnt/hbnas/datasets/video_classification_videos/h264-vp9-150s/trans-150s/Entertainment/Tiktok/tiktok(796).webm,News
1278,/mnt/hbnas/datasets/video_classification_videos/h264-vp9-150s/trans-150s/Entertainment/Tiktok/tiktok(835).webm,News
1279,/mnt/hbnas/datasets/video_classification_videos/h264-vp9-150s/trans-150s/Entertainment/Tiktok/tiktok(631).webm,News
1280,/mnt/hbnas/datasets/video_classification_videos/h264-vp9-150s/trans-150s/Entertainment/Tiktok/tiktok(315).webm,News
1281,/mnt/hbnas/datasets/video_classification_videos/h264-vp9-150s/trans-150s/Entertainment/Tiktok/tiktok(372).webm,News
1282,/mnt/hbnas/datasets/video_classification_videos/h264-vp9-150s/trans-150s/Entertainment/Tiktok/tiktok(895).webm,News
1283,/mnt/hbnas/datasets/video_classification_videos/h264-vp9-150s/trans-150s/Entertainment/Tiktok/tiktok(586).webm,News
1284,/mnt/hbnas/datasets/video_classification_videos/h264-vp9-150s/trans-150s/Entertainment/Tiktok/tiktok(818).webm,News
1285,/mnt/hbnas/datasets/video_classification_videos/h264-vp9-150s/trans-150s/Entertainment/Tiktok/tiktok(729).webm,Food
1286,/mnt/hbnas/datasets/video_classification_videos/h264-vp9-150s/trans-150s/Entertainment/Tiktok/tiktok(346).webm,News
1287,/mnt/hbnas/datasets/video_classification_videos/h264-vp9-150s/trans-150s/Entertainment/Tiktok/tiktok(813).webm,News
1288,/mnt/hbnas/datasets/video_classification_videos/h264-vp9-150s/trans-150s/Entertainment/Tiktok/tiktok(661).webm,News
1289,/mnt/hbnas/datasets/video_classification_videos/h264-vp9-150s/trans-150s/Entertainment/Tiktok/tiktok(472).webm,News
1290,/mnt/hbnas/datasets/video_classification_videos/h264-vp9-150s/trans-150s/Entertainment/Tiktok/tiktok(875).webm,News
1291,/mnt/hbnas/datasets/video_classification_videos/h264-vp9-150s/trans-150s/Entertainment/Tiktok/tiktok(759).webm,Food
1292,/mnt/hbnas/datasets/video_classification_videos/h264-vp9-150s/trans-150s/Entertainment/Tiktok/tiktok(931).webm,News
1293,/mnt/hbnas/datasets/video_classification_videos/h264-vp9-150s/trans-150s/Entertainment/Tiktok/tiktok(480).webm,News
1294,/mnt/hbnas/datasets/video_classification_videos/h264-vp9-150s/trans-150s/Entertainment/Tiktok/tiktok(838).webm,Music
1295,/mnt/hbnas/datasets/video_classification_videos/h264-vp9-150s/trans-150s/Entertainment/Tiktok/tiktok(309).webm,News
1296,/mnt/hbnas/datasets/video_classification_videos/h264-vp9-150s/trans-150s/Entertainment/Tiktok/tiktok(288).webm,News
1297,/mnt/hbnas/datasets/video_classification_videos/h264-vp9-150s/trans-150s/Entertainment/Tiktok/tiktok(238).webm,News
1298,/mnt/hbnas/datasets/video_classification_videos/h264-vp9-150s/trans-150s/Entertainment/Tiktok/tiktok(628).webm,Music
1299,/mnt/hbnas/datasets/video_classification_videos/h264-vp9-150s/trans-150s/Entertainment/Tiktok/tiktok(868).webm,News
1300,/mnt/hbnas/datasets/video_classification_videos/h264-vp9-150s/trans-150s/Entertainment/Tiktok/tiktok(677).webm,News
1301,/mnt/hbnas/datasets/video_classification_videos/h264-vp9-150s/trans-150s/Entertainment/Tiktok/tiktok(855).webm,News
1302,/mnt/hbnas/datasets/video_classification_videos/h264-vp9-150s/trans-150s/Entertainment/Tiktok/tiktok(699).webm,News
1303,/mnt/hbnas/datasets/video_classification_videos/h264-vp9-150s/trans-150s/Entertainment/Tiktok/tiktok(876).webm,News
1304,/mnt/hbnas/datasets/video_classification_videos/h264-vp9-150s/trans-150s/Entertainment/Tiktok/tiktok(907).webm,News
1305,/mnt/hbnas/datasets/video_classification_videos/h264-vp9-150s/trans-150s/Entertainment/Tiktok/tiktok(371).webm,News
1306,/mnt/hbnas/datasets/video_classification_videos/h264-vp9-150s/trans-150s/Entertainment/Tiktok/tiktok(939).webm,News
1307,/mnt/hbnas/datasets/video_classification_videos/h264-vp9-150s/trans-150s/Entertainment/Tiktok/tiktok(363).webm,News
1308,/mnt/hbnas/datasets/video_classification_videos/h264-vp9-150s/trans-150s/Entertainment/Tiktok/tiktok(489).webm,News
1309,/mnt/hbnas/datasets/video_classification_videos/h264-vp9-150s/trans-150s/Entertainment/Tiktok/tiktok(598).webm,News
1310,/mnt/hbnas/datasets/video_classification_videos/h264-vp9-150s/trans-150s/Entertainment/Tiktok/tiktok(692).webm,News
1311,/mnt/hbnas/datasets/video_classification_videos/h264-vp9-150s/trans-150s/Entertainment/Tiktok/tiktok(654).webm,News
1312,/mnt/hbnas/datasets/video_classification_videos/h264-vp9-150s/trans-150s/Entertainment/Tiktok/tiktok(778).webm,Game
1313,/mnt/hbnas/datasets/video_classification_videos/h264-vp9-150s/trans-150s/Entertainment/Tiktok/tiktok(740).webm,News
1314,/mnt/hbnas/datasets/video_classification_videos/h264-vp9-150s/trans-150s/Entertainment/Tiktok/tiktok(467).webm,News
1315,/mnt/hbnas/datasets/video_classification_videos/h264-vp9-150s/trans-150s/Entertainment/Tiktok/tiktok(546).webm,News
1316,/mnt/hbnas/datasets/video_classification_videos/h264-vp9-150s/trans-150s/Entertainment/Tiktok/tiktok(541).webm,News
1317,/mnt/hbnas/datasets/video_classification_videos/h264-vp9-150s/trans-150s/Entertainment/Tiktok/tiktok(935).webm,Game
1318,/mnt/hbnas/datasets/video_classification_videos/h264-vp9-150s/trans-150s/Entertainment/Tiktok/tiktok(831).webm,News
1319,/mnt/hbnas/datasets/video_classification_videos/h264-vp9-150s/trans-150s/Entertainment/Tiktok/tiktok(647).webm,News
1320,/mnt/hbnas/datasets/video_classification_videos/h264-vp9-150s/trans-150s/Entertainment/Tiktok/tiktok(883).webm,News
1321,/mnt/hbnas/datasets/video_classification_videos/h264-vp9-150s/trans-150s/Entertainment/Tiktok/tiktok(459).webm,News
1322,/mnt/hbnas/datasets/video_classification_videos/h264-vp9-150s/trans-150s/Entertainment/Tiktok/tiktok(756).webm,Game
1323,/mnt/hbnas/datasets/video_classification_videos/h264-vp9-150s/trans-150s/Entertainment/Tiktok/tiktok(581).webm,Food
1324,/mnt/hbnas/datasets/video_classification_videos/h264-vp9-150s/trans-150s/Entertainment/Tiktok/tiktok(914).webm,News
1325,/mnt/hbnas/datasets/video_classification_videos/h264-vp9-150s/trans-150s/Entertainment/Tiktok/tiktok(768).webm,News
1326,/mnt/hbnas/datasets/video_classification_videos/h264-vp9-150s/trans-150s/Entertainment/Tiktok/tiktok(829).webm,News
1327,/mnt/hbnas/datasets/video_classification_videos/h264-vp9-150s/trans-150s/Entertainment/Tiktok/tiktok(387).webm,News
1328,/mnt/hbnas/datasets/video_classification_videos/h264-vp9-150s/trans-150s/Entertainment/Tiktok/tiktok(667).webm,News
1329,/mnt/hbnas/datasets/video_classification_videos/h264-vp9-150s/trans-150s/Entertainment/Tiktok/tiktok(732).webm,News
1330,/mnt/hbnas/datasets/video_classification_videos/h264-vp9-150s/trans-150s/Entertainment/Tiktok/tiktok(841).webm,News
1331,/mnt/hbnas/datasets/video_classification_videos/h264-vp9-150s/trans-150s/Entertainment/Tiktok/tiktok(468).webm,News
1332,/mnt/hbnas/datasets/video_classification_videos/h264-vp9-150s/trans-150s/Entertainment/Tiktok/tiktok(632).webm,Game
1333,/mnt/hbnas/datasets/video_classification_videos/h264-vp9-150s/trans-150s/Entertainment/Tiktok/tiktok(518).webm,News
1334,/mnt/hbnas/datasets/video_classification_videos/h264-vp9-150s/trans-150s/Entertainment/Tiktok/tiktok(270).webm,News
1335,/mnt/hbnas/datasets/video_classification_videos/h264-vp9-150s/trans-150s/Entertainment/Tiktok/tiktok(702).webm,News
1336,/mnt/hbnas/datasets/video_classification_videos/h264-vp9-150s/trans-150s/Entertainment/Tiktok/tiktok(393).webm,News
1337,/mnt/hbnas/datasets/video_classification_videos/h264-vp9-150s/trans-150s/Entertainment/Tiktok/tiktok(708).webm,Food
1338,/mnt/hbnas/datasets/video_classification_videos/h264-vp9-150s/trans-150s/Entertainment/Tiktok/tiktok(650).webm,News
1339,/mnt/hbnas/datasets/video_classification_videos/h264-vp9-150s/trans-150s/Entertainment/Tiktok/tiktok(360).webm,News
1340,/mnt/hbnas/datasets/video_classification_videos/h264-vp9-150s/trans-150s/Entertainment/Tiktok/tiktok(576).webm,News
1341,/mnt/hbnas/datasets/video_classification_videos/h264-vp9-150s/trans-150s/Entertainment/Tiktok/tiktok(261).webm,News
1342,/mnt/hbnas/datasets/video_classification_videos/h264-vp9-150s/trans-150s/Entertainment/Tiktok/tiktok(307).webm,Game
1343,/mnt/hbnas/datasets/video_classification_videos/h264-vp9-150s/trans-150s/Entertainment/Tiktok/tiktok(361).webm,Game
1344,/mnt/hbnas/datasets/video_classification_videos/h264-vp9-150s/trans-150s/Entertainment/Tiktok/tiktok(463).webm,News
1345,/mnt/hbnas/datasets/video_classification_videos/h264-vp9-150s/trans-150s/Entertainment/Tiktok/tiktok(529).webm,Music
1346,/mnt/hbnas/datasets/video_classification_videos/h264-vp9-150s/trans-150s/Entertainment/Tiktok/tiktok(373).webm,News
1347,/mnt/hbnas/datasets/video_classification_videos/h264-vp9-150s/trans-150s/Entertainment/Tiktok/tiktok(942).webm,News
1348,/mnt/hbnas/datasets/video_classification_videos/h264-vp9-150s/trans-150s/Entertainment/Tiktok/tiktok(906).webm,Game
1349,/mnt/hbnas/datasets/video_classification_videos/h264-vp9-150s/trans-150s/Entertainment/Tiktok/tiktok(302).webm,News
1350,/mnt/hbnas/datasets/video_classification_videos/h264-vp9-150s/trans-150s/Entertainment/Tiktok/tiktok(427).webm,News
1351,/mnt/hbnas/datasets/video_classification_videos/h264-vp9-150s/trans-150s/Entertainment/Tiktok/tiktok(199).webm,Game
1352,/mnt/hbnas/datasets/video_classification_videos/h264-vp9-150s/trans-150s/Entertainment/Tiktok/tiktok(416).webm,News
1353,/mnt/hbnas/datasets/video_classification_videos/h264-vp9-150s/trans-150s/Entertainment/Tiktok/tiktok(323).webm,Game
1354,/mnt/hbnas/datasets/video_classification_videos/h264-vp9-150s/trans-150s/Entertainment/TheEllenShow/TheEllenShow(336).webm,News
1355,/mnt/hbnas/datasets/video_classification_videos/h264-vp9-150s/trans-150s/Entertainment/TheEllenShow/TheEllenShow(684).webm,Game
1356,/mnt/hbnas/datasets/video_classification_videos/h264-vp9-150s/trans-150s/Entertainment/TheEllenShow/TheEllenShow(901).webm,News
1357,/mnt/hbnas/datasets/video_classification_videos/h264-vp9-150s/trans-150s/Entertainment/TheEllenShow/TheEllenShow(975).webm,Food
1358,/mnt/hbnas/datasets/video_classification_videos/h264-vp9-150s/trans-150s/Entertainment/TheEllenShow/TheEllenShow(563).webm,Game
1359,/mnt/hbnas/datasets/video_classification_videos/h264-vp9-150s/trans-150s/Entertainment/TheEllenShow/TheEllenShow(576).webm,Game
1360,/mnt/hbnas/datasets/video_classification_videos/h264-vp9-150s/trans-150s/Entertainment/TheEllenShow/TheEllenShow(744).webm,News
1361,/mnt/hbnas/datasets/video_classification_videos/h264-vp9-150s/trans-150s/Entertainment/TheEllenShow/TheEllenShow(629).webm,Game
1362,/mnt/hbnas/datasets/video_classification_videos/h264-vp9-150s/trans-150s/Entertainment/TheEllenShow/TheEllenShow(14).webm,News
1363,/mnt/hbnas/datasets/video_classification_videos/h264-vp9-150s/trans-150s/Entertainment/TheEllenShow/TheEllenShow(800).webm,Game
1364,/mnt/hbnas/datasets/video_classification_videos/h264-vp9-150s/trans-150s/Entertainment/TheEllenShow/TheEllenShow(163).webm,News
1365,/mnt/hbnas/datasets/video_classification_videos/h264-vp9-150s/trans-150s/Entertainment/TheEllenShow/TheEllenShow(412).webm,News
1366,/mnt/hbnas/datasets/video_classification_videos/h264-vp9-150s/trans-150s/Entertainment/TheEllenShow/TheEllenShow(110).webm,Game
1367,/mnt/hbnas/datasets/video_classification_videos/h264-vp9-150s/trans-150s/Entertainment/TheEllenShow/TheEllenShow(654).webm,Food
1368,/mnt/hbnas/datasets/video_classification_videos/h264-vp9-150s/trans-150s/Entertainment/TheEllenShow/TheEllenShow(417).webm,News
1369,/mnt/hbnas/datasets/video_classification_videos/h264-vp9-150s/trans-150s/Entertainment/TheEllenShow/TheEllenShow(158).webm,News
1370,/mnt/hbnas/datasets/video_classification_videos/h264-vp9-150s/trans-150s/Entertainment/TheEllenShow/TheEllenShow(296).webm,Game
1371,/mnt/hbnas/datasets/video_classification_videos/h264-vp9-150s/trans-150s/Entertainment/TheEllenShow/TheEllenShow(861).webm,News
1372,/mnt/hbnas/datasets/video_classification_videos/h264-vp9-150s/trans-150s/Entertainment/TheEllenShow/TheEllenShow(860).webm,Food
1373,/mnt/hbnas/datasets/video_classification_videos/h264-vp9-150s/trans-150s/Entertainment/TheEllenShow/TheEllenShow(453).webm,News
1374,/mnt/hbnas/datasets/video_classification_videos/h264-vp9-150s/trans-150s/Entertainment/TheEllenShow/TheEllenShow(663).webm,News
1375,/mnt/hbnas/datasets/video_classification_videos/h264-vp9-150s/trans-150s/Entertainment/TheEllenShow/TheEllenShow(200).webm,News
1376,/mnt/hbnas/datasets/video_classification_videos/h264-vp9-150s/trans-150s/Entertainment/TheEllenShow/TheEllenShow(12).webm,Game
1377,/mnt/hbnas/datasets/video_classification_videos/h264-vp9-150s/trans-150s/Entertainment/TheEllenShow/TheEllenShow(59).webm,News
1378,/mnt/hbnas/datasets/video_classification_videos/h264-vp9-150s/trans-150s/Entertainment/TheEllenShow/TheEllenShow(62).webm,News
1379,/mnt/hbnas/datasets/video_classification_videos/h264-vp9-150s/trans-150s/Entertainment/TheEllenShow/TheEllenShow(737).webm,News
1380,/mnt/hbnas/datasets/video_classification_videos/h264-vp9-150s/trans-150s/Entertainment/TheEllenShow/TheEllenShow(551).webm,News
1381,/mnt/hbnas/datasets/video_classification_videos/h264-vp9-150s/trans-150s/Entertainment/TheEllenShow/TheEllenShow(181).webm,News
1382,/mnt/hbnas/datasets/video_classification_videos/h264-vp9-150s/trans-150s/Entertainment/TheEllenShow/TheEllenShow(151).webm,Game
1383,/mnt/hbnas/datasets/video_classification_videos/h264-vp9-150s/trans-150s/Entertainment/TheEllenShow/TheEllenShow(141).webm,Game
1384,/mnt/hbnas/datasets/video_classification_videos/h264-vp9-150s/trans-150s/Entertainment/TheEllenShow/TheEllenShow(811).webm,News
1385,/mnt/hbnas/datasets/video_classification_videos/h264-vp9-150s/trans-150s/Entertainment/TheEllenShow/TheEllenShow(278).webm,Game
1386,/mnt/hbnas/datasets/video_classification_videos/h264-vp9-150s/trans-150s/Entertainment/TheEllenShow/TheEllenShow(461).webm,News
1387,/mnt/hbnas/datasets/video_classification_videos/h264-vp9-150s/trans-150s/Entertainment/TheEllenShow/TheEllenShow(602).webm,News
1388,/mnt/hbnas/datasets/video_classification_videos/h264-vp9-150s/trans-150s/Entertainment/TheEllenShow/TheEllenShow(755).webm,News
1389,/mnt/hbnas/datasets/video_classification_videos/h264-vp9-150s/trans-150s/Entertainment/TheEllenShow/TheEllenShow(107).webm,News
1390,/mnt/hbnas/datasets/video_classification_videos/h264-vp9-150s/trans-150s/Entertainment/TheEllenShow/TheEllenShow(510).webm,News
1391,/mnt/hbnas/datasets/video_classification_videos/h264-vp9-150s/trans-150s/Entertainment/TheEllenShow/TheEllenShow(758).webm,News
1392,/mnt/hbnas/datasets/video_classification_videos/h264-vp9-150s/trans-150s/Entertainment/TheEllenShow/TheEllenShow(400).webm,Game
1393,/mnt/hbnas/datasets/video_classification_videos/h264-vp9-150s/trans-150s/Entertainment/TheEllenShow/TheEllenShow(550).webm,News
1394,/mnt/hbnas/datasets/video_classification_videos/h264-vp9-150s/trans-150s/Entertainment/TheEllenShow/TheEllenShow(366).webm,News
1395,/mnt/hbnas/datasets/video_classification_videos/h264-vp9-150s/trans-150s/Entertainment/TheEllenShow/TheEllenShow(172).webm,Game
1396,/mnt/hbnas/datasets/video_classification_videos/h264-vp9-150s/trans-150s/Entertainment/TheEllenShow/TheEllenShow(182).webm,Game
1397,/mnt/hbnas/datasets/video_classification_videos/h264-vp9-150s/trans-150s/Entertainment/TheEllenShow/TheEllenShow(355).webm,News
1398,/mnt/hbnas/datasets/video_classification_videos/h264-vp9-150s/trans-150s/Entertainment/TheEllenShow/TheEllenShow(676).webm,Food
1399,/mnt/hbnas/datasets/video_classification_videos/h264-vp9-150s/trans-150s/Entertainment/TheEllenShow/TheEllenShow(167).webm,Game
1400,/mnt/hbnas/datasets/video_classification_videos/h264-vp9-150s/trans-150s/Entertainment/TheEllenShow/TheEllenShow(280).webm,News
1401,/mnt/hbnas/datasets/video_classification_videos/h264-vp9-150s/trans-150s/Entertainment/TheEllenShow/TheEllenShow(715).webm,News
1402,/mnt/hbnas/datasets/video_classification_videos/h264-vp9-150s/trans-150s/Entertainment/TheEllenShow/TheEllenShow(41).webm,News
1403,/mnt/hbnas/datasets/video_classification_videos/h264-vp9-150s/trans-150s/Entertainment/TheEllenShow/TheEllenShow(155).webm,Food
1404,/mnt/hbnas/datasets/video_classification_videos/h264-vp9-150s/trans-150s/Entertainment/TheEllenShow/TheEllenShow(473).webm,News
1405,/mnt/hbnas/datasets/video_classification_videos/h264-vp9-150s/trans-150s/Entertainment/TheEllenShow/TheEllenShow(746).webm,Game
1406,/mnt/hbnas/datasets/video_classification_videos/h264-vp9-150s/trans-150s/Entertainment/TheEllenShow/TheEllenShow(774).webm,News
1407,/mnt/hbnas/datasets/video_classification_videos/h264-vp9-150s/trans-150s/Entertainment/TheEllenShow/TheEllenShow(316).webm,News
1408,/mnt/hbnas/datasets/video_classification_videos/h264-vp9-150s/trans-150s/Entertainment/TheEllenShow/TheEllenShow(17).webm,Game
1409,/mnt/hbnas/datasets/video_classification_videos/h264-vp9-150s/trans-150s/Entertainment/TheEllenShow/TheEllenShow(294).webm,Food
1410,/mnt/hbnas/datasets/video_classification_videos/h264-vp9-150s/trans-150s/Entertainment/TheEllenShow/TheEllenShow(708).webm,News
1411,/mnt/hbnas/datasets/video_classification_videos/h264-vp9-150s/trans-150s/Entertainment/TheEllenShow/TheEllenShow(707).webm,News
1412,/mnt/hbnas/datasets/video_classification_videos/h264-vp9-150s/trans-150s/Entertainment/TheEllenShow/TheEllenShow(477).webm,News
1413,/mnt/hbnas/datasets/video_classification_videos/h264-vp9-150s/trans-150s/Entertainment/TheEllenShow/TheEllenShow(230).webm,News
1414,/mnt/hbnas/datasets/video_classification_videos/h264-vp9-150s/trans-150s/Entertainment/TheEllenShow/TheEllenShow(743).webm,Game
1415,/mnt/hbnas/datasets/video_classification_videos/h264-vp9-150s/trans-150s/Entertainment/TheEllenShow/TheEllenShow(15).webm,Game
1416,/mnt/hbnas/datasets/video_classification_videos/h264-vp9-150s/trans-150s/Entertainment/TheEllenShow/TheEllenShow(147).webm,News
1417,/mnt/hbnas/datasets/video_classification_videos/h264-vp9-150s/trans-150s/Entertainment/TheEllenShow/TheEllenShow(267).webm,News
1418,/mnt/hbnas/datasets/video_classification_videos/h264-vp9-150s/trans-150s/Entertainment/TheEllenShow/TheEllenShow(625).webm,News
1419,/mnt/hbnas/datasets/video_classification_videos/h264-vp9-150s/trans-150s/Entertainment/TheEllenShow/TheEllenShow(481).webm,News
1420,/mnt/hbnas/datasets/video_classification_videos/h264-vp9-150s/trans-150s/Entertainment/TheEllenShow/TheEllenShow(157).webm,News
1421,/mnt/hbnas/datasets/video_classification_videos/h264-vp9-150s/trans-150s/Entertainment/TheEllenShow/TheEllenShow(922).webm,Game
1422,/mnt/hbnas/datasets/video_classification_videos/h264-vp9-150s/trans-150s/Entertainment/TheEllenShow/TheEllenShow(611).webm,Food
1423,/mnt/hbnas/datasets/video_classification_videos/h264-vp9-150s/trans-150s/Entertainment/TheEllenShow/TheEllenShow(700).webm,News
1424,/mnt/hbnas/datasets/video_classification_videos/h264-vp9-150s/trans-150s/Entertainment/TheEllenShow/TheEllenShow(136).webm,Game
1425,/mnt/hbnas/datasets/video_classification_videos/h264-vp9-150s/trans-150s/Entertainment/TheEllenShow/TheEllenShow(943).webm,Food
1426,/mnt/hbnas/datasets/video_classification_videos/h264-vp9-150s/trans-150s/Entertainment/TheEllenShow/TheEllenShow(566).webm,Game
1427,/mnt/hbnas/datasets/video_classification_videos/h264-vp9-150s/trans-150s/Entertainment/TheEllenShow/TheEllenShow(601).webm,News
1428,/mnt/hbnas/datasets/video_classification_videos/h264-vp9-150s/trans-150s/Entertainment/TheEllenShow/TheEllenShow(474).webm,News
1429,/mnt/hbnas/datasets/video_classification_videos/h264-vp9-150s/trans-150s/Entertainment/TheEllenShow/TheEllenShow(176).webm,News
1430,/mnt/hbnas/datasets/video_classification_videos/h264-vp9-150s/trans-150s/Entertainment/TheEllenShow/TheEllenShow(853).webm,News
1431,/mnt/hbnas/datasets/video_classification_videos/h264-vp9-150s/trans-150s/Entertainment/TheEllenShow/TheEllenShow(509).webm,Game
1432,/mnt/hbnas/datasets/video_classification_videos/h264-vp9-150s/trans-150s/Entertainment/TheEllenShow/TheEllenShow(694).webm,News
1433,/mnt/hbnas/datasets/video_classification_videos/h264-vp9-150s/trans-150s/Entertainment/TheEllenShow/TheEllenShow(831).webm,Game
1434,/mnt/hbnas/datasets/video_classification_videos/h264-vp9-150s/trans-150s/Entertainment/TheEllenShow/TheEllenShow(85).webm,News
1435,/mnt/hbnas/datasets/video_classification_videos/h264-vp9-150s/trans-150s/Entertainment/TheEllenShow/TheEllenShow(168).webm,Game
1436,/mnt/hbnas/datasets/video_classification_videos/h264-vp9-150s/trans-150s/Entertainment/TheEllenShow/TheEllenShow(480).webm,News
1437,/mnt/hbnas/datasets/video_classification_videos/h264-vp9-150s/trans-150s/Entertainment/TheEllenShow/TheEllenShow(763).webm,Game
1438,/mnt/hbnas/datasets/video_classification_videos/h264-vp9-150s/trans-150s/Entertainment/TheEllenShow/TheEllenShow(291).webm,News
1439,/mnt/hbnas/datasets/video_classification_videos/h264-vp9-150s/trans-150s/Entertainment/TheEllenShow/TheEllenShow(265).webm,News
1440,/mnt/hbnas/datasets/video_classification_videos/h264-vp9-150s/trans-150s/Entertainment/TheEllenShow/TheEllenShow(691).webm,News
1441,/mnt/hbnas/datasets/video_classification_videos/h264-vp9-150s/trans-150s/Entertainment/TheEllenShow/TheEllenShow(391).webm,News
1442,/mnt/hbnas/datasets/video_classification_videos/h264-vp9-150s/trans-150s/Entertainment/TheEllenShow/TheEllenShow(542).webm,News
1443,/mnt/hbnas/datasets/video_classification_videos/h264-vp9-150s/trans-150s/Entertainment/TheEllenShow/TheEllenShow(180).webm,News
1444,/mnt/hbnas/datasets/video_classification_videos/h264-vp9-150s/trans-150s/Entertainment/TheEllenShow/TheEllenShow(247).webm,Game
1445,/mnt/hbnas/datasets/video_classification_videos/h264-vp9-150s/trans-150s/Entertainment/TheEllenShow/TheEllenShow(767).webm,News
1446,/mnt/hbnas/datasets/video_classification_videos/h264-vp9-150s/trans-150s/Entertainment/TheEllenShow/TheEllenShow(250).webm,News
1447,/mnt/hbnas/datasets/video_classification_videos/h264-vp9-150s/trans-150s/Entertainment/TheEllenShow/TheEllenShow(360).webm,News
1448,/mnt/hbnas/datasets/video_classification_videos/h264-vp9-150s/trans-150s/Entertainment/TheEllenShow/TheEllenShow(596).webm,News
1449,/mnt/hbnas/datasets/video_classification_videos/h264-vp9-150s/trans-150s/Entertainment/TheEllenShow/TheEllenShow(617).webm,News
1450,/mnt/hbnas/datasets/video_classification_videos/h264-vp9-150s/trans-150s/Entertainment/TheEllenShow/TheEllenShow(710).webm,Food
1451,/mnt/hbnas/datasets/video_classification_videos/h264-vp9-150s/trans-150s/Entertainment/TheEllenShow/TheEllenShow(616).webm,News
1452,/mnt/hbnas/datasets/video_classification_videos/h264-vp9-150s/trans-150s/Entertainment/TheEllenShow/TheEllenShow(649).webm,Game
1453,/mnt/hbnas/datasets/video_classification_videos/h264-vp9-150s/trans-150s/Entertainment/TheEllenShow/TheEllenShow(822).webm,News
1454,/mnt/hbnas/datasets/video_classification_videos/h264-vp9-150s/trans-150s/Entertainment/TheEllenShow/TheEllenShow(305).webm,Game
1455,/mnt/hbnas/datasets/video_classification_videos/h264-vp9-150s/trans-150s/Entertainment/TheEllenShow/TheEllenShow(35).webm,News
1456,/mnt/hbnas/datasets/video_classification_videos/h264-vp9-150s/trans-150s/Entertainment/TheEllenShow/TheEllenShow(48).webm,News
1457,/mnt/hbnas/datasets/video_classification_videos/h264-vp9-150s/trans-150s/Entertainment/TheEllenShow/TheEllenShow(624).webm,Game
1458,/mnt/hbnas/datasets/video_classification_videos/h264-vp9-150s/trans-150s/Entertainment/TheEllenShow/TheEllenShow(685).webm,News
1459,/mnt/hbnas/datasets/video_classification_videos/h264-vp9-150s/trans-150s/Entertainment/TheEllenShow/TheEllenShow(732).webm,Food
1460,/mnt/hbnas/datasets/video_classification_videos/h264-vp9-150s/trans-150s/Entertainment/TheEllenShow/TheEllenShow(448).webm,Game
1461,/mnt/hbnas/datasets/video_classification_videos/h264-vp9-150s/trans-150s/Entertainment/TheEllenShow/TheEllenShow(501).webm,News
1462,/mnt/hbnas/datasets/video_classification_videos/h264-vp9-150s/trans-150s/Entertainment/TheEllenShow/TheEllenShow(569).webm,News
1463,/mnt/hbnas/datasets/video_classification_videos/h264-vp9-150s/trans-150s/Entertainment/TheEllenShow/TheEllenShow(149).webm,News
1464,/mnt/hbnas/datasets/video_classification_videos/h264-vp9-150s/trans-150s/Entertainment/TheEllenShow/TheEllenShow(327).webm,News
1465,/mnt/hbnas/datasets/video_classification_videos/h264-vp9-150s/trans-150s/Entertainment/TheEllenShow/TheEllenShow(101).webm,News
1466,/mnt/hbnas/datasets/video_classification_videos/h264-vp9-150s/trans-150s/Entertainment/TheEllenShow/TheEllenShow(880).webm,Game
1467,/mnt/hbnas/datasets/video_classification_videos/h264-vp9-150s/trans-150s/Entertainment/TheEllenShow/TheEllenShow(664).webm,Game
1468,/mnt/hbnas/datasets/video_classification_videos/h264-vp9-150s/trans-150s/Entertainment/TheEllenShow/TheEllenShow(850).webm,Game
1469,/mnt/hbnas/datasets/video_classification_videos/h264-vp9-150s/trans-150s/Entertainment/TheEllenShow/TheEllenShow(862).webm,News
1470,/mnt/hbnas/datasets/video_classification_videos/h264-vp9-150s/trans-150s/Entertainment/TheEllenShow/TheEllenShow(468).webm,News
1471,/mnt/hbnas/datasets/video_classification_videos/h264-vp9-150s/trans-150s/Entertainment/TheEllenShow/TheEllenShow(68).webm,News
1472,/mnt/hbnas/datasets/video_classification_videos/h264-vp9-150s/trans-150s/Entertainment/TheEllenShow/TheEllenShow(683).webm,Game
1473,/mnt/hbnas/datasets/video_classification_videos/h264-vp9-150s/trans-150s/Entertainment/TheEllenShow/TheEllenShow(415).webm,Game
1474,/mnt/hbnas/datasets/video_classification_videos/h264-vp9-150s/trans-150s/Entertainment/TheEllenShow/TheEllenShow(598).webm,News
1475,/mnt/hbnas/datasets/video_classification_videos/h264-vp9-150s/trans-150s/Entertainment/TheEllenShow/TheEllenShow(193).webm,News
1476,/mnt/hbnas/datasets/video_classification_videos/h264-vp9-150s/trans-150s/Entertainment/TheEllenShow/TheEllenShow(495).webm,News
1477,/mnt/hbnas/datasets/video_classification_videos/h264-vp9-150s/trans-150s/Entertainment/TheEllenShow/TheEllenShow(166).webm,News
1478,/mnt/hbnas/datasets/video_classification_videos/h264-vp9-150s/trans-150s/Entertainment/TheEllenShow/TheEllenShow(115).webm,Game
1479,/mnt/hbnas/datasets/video_classification_videos/h264-vp9-150s/trans-150s/Entertainment/TheEllenShow/TheEllenShow(319).webm,Game
1480,/mnt/hbnas/datasets/video_classification_videos/h264-vp9-150s/trans-150s/Entertainment/TheEllenShow/TheEllenShow(446).webm,Game
1481,/mnt/hbnas/datasets/video_classification_videos/h264-vp9-150s/trans-150s/Entertainment/TheEllenShow/TheEllenShow(304).webm,News
1482,/mnt/hbnas/datasets/video_classification_videos/h264-vp9-150s/trans-150s/Entertainment/TheEllenShow/TheEllenShow(148).webm,News
1483,/mnt/hbnas/datasets/video_classification_videos/h264-vp9-150s/trans-150s/Entertainment/TheEllenShow/TheEllenShow(386).webm,News
1484,/mnt/hbnas/datasets/video_classification_videos/h264-vp9-150s/trans-150s/Entertainment/TheEllenShow/TheEllenShow(362).webm,Game
1485,/mnt/hbnas/datasets/video_classification_videos/h264-vp9-150s/trans-150s/Entertainment/TheEllenShow/TheEllenShow(263).webm,Game
1486,/mnt/hbnas/datasets/video_classification_videos/h264-vp9-150s/trans-150s/Entertainment/TheEllenShow/TheEllenShow(145).webm,News
1487,/mnt/hbnas/datasets/video_classification_videos/h264-vp9-150s/trans-150s/Entertainment/TheEllenShow/TheEllenShow(112).webm,Game
1488,/mnt/hbnas/datasets/video_classification_videos/h264-vp9-150s/trans-150s/Entertainment/TheEllenShow/TheEllenShow(511).webm,News
1489,/mnt/hbnas/datasets/video_classification_videos/h264-vp9-150s/trans-150s/Entertainment/TheEllenShow/TheEllenShow(487).webm,Game
1490,/mnt/hbnas/datasets/video_classification_videos/h264-vp9-150s/trans-150s/Entertainment/TheEllenShow/TheEllenShow(292).webm,News
1491,/mnt/hbnas/datasets/video_classification_videos/h264-vp9-150s/trans-150s/Entertainment/TheEllenShow/TheEllenShow(864).webm,Game
1492,/mnt/hbnas/datasets/video_classification_videos/h264-vp9-150s/trans-150s/Entertainment/TheEllenShow/TheEllenShow(104).webm,News
1493,/mnt/hbnas/datasets/video_classification_videos/h264-vp9-150s/trans-150s/Entertainment/TheEllenShow/TheEllenShow(283).webm,News
1494,/mnt/hbnas/datasets/video_classification_videos/h264-vp9-150s/trans-150s/Entertainment/TheEllenShow/TheEllenShow(195).webm,News
1495,/mnt/hbnas/datasets/video_classification_videos/h264-vp9-150s/trans-150s/Entertainment/TheEllenShow/TheEllenShow(504).webm,News
1496,/mnt/hbnas/datasets/video_classification_videos/h264-vp9-150s/trans-150s/Entertainment/TheEllenShow/TheEllenShow(420).webm,News
1497,/mnt/hbnas/datasets/video_classification_videos/h264-vp9-150s/trans-150s/Entertainment/TheEllenShow/TheEllenShow(161).webm,News
1498,/mnt/hbnas/datasets/video_classification_videos/h264-vp9-150s/trans-150s/Entertainment/TheEllenShow/TheEllenShow(686).webm,Game
1499,/mnt/hbnas/datasets/video_classification_videos/h264-vp9-150s/trans-150s/Entertainment/TheEllenShow/TheEllenShow(536).webm,News
1500,/mnt/hbnas/datasets/video_classification_videos/h264-vp9-150s/trans-150s/Entertainment/TheEllenShow/TheEllenShow(403).webm,News
1501,/mnt/hbnas/datasets/video_classification_videos/h264-vp9-150s/trans-150s/Entertainment/TheEllenShow/TheEllenShow(208).webm,News
1502,/mnt/hbnas/datasets/video_classification_videos/h264-vp9-150s/trans-150s/Entertainment/TheEllenShow/TheEllenShow(713).webm,News
1503,/mnt/hbnas/datasets/video_classification_videos/h264-vp9-150s/trans-150s/Entertainment/TheEllenShow/TheEllenShow(500).webm,News
1504,/mnt/hbnas/datasets/video_classification_videos/h264-vp9-150s/trans-150s/Entertainment/TheEllenShow/TheEllenShow(341).webm,News
1505,/mnt/hbnas/datasets/video_classification_videos/h264-vp9-150s/trans-150s/Entertainment/TheEllenShow/TheEllenShow(765).webm,News
1506,/mnt/hbnas/datasets/video_classification_videos/h264-vp9-150s/trans-150s/Entertainment/TheEllenShow/TheEllenShow(409).webm,Game
1507,/mnt/hbnas/datasets/video_classification_videos/h264-vp9-150s/trans-150s/Entertainment/TheEllenShow/TheEllenShow(538).webm,News
1508,/mnt/hbnas/datasets/video_classification_videos/h264-vp9-150s/trans-150s/Entertainment/TheEllenShow/TheEllenShow(220).webm,News
1509,/mnt/hbnas/datasets/video_classification_videos/h264-vp9-150s/trans-150s/Entertainment/AGT/AGT(458).webm,Food
1510,/mnt/hbnas/datasets/video_classification_videos/h264-vp9-150s/trans-150s/Entertainment/AGT/AGT(754).webm,News
1511,/mnt/hbnas/datasets/video_classification_videos/h264-vp9-150s/trans-150s/Entertainment/AGT/AGT(255).webm,News
1512,/mnt/hbnas/datasets/video_classification_videos/h264-vp9-150s/trans-150s/Entertainment/AGT/AGT(457).webm,News
1513,/mnt/hbnas/datasets/video_classification_videos/h264-vp9-150s/trans-150s/Entertainment/AGT/AGT(406).webm,News
1514,/mnt/hbnas/datasets/video_classification_videos/h264-vp9-150s/trans-150s/Entertainment/AGT/AGT(646).webm,News
1515,/mnt/hbnas/datasets/video_classification_videos/h264-vp9-150s/trans-150s/Entertainment/AGT/AGT(56).webm,News
1516,/mnt/hbnas/datasets/video_classification_videos/h264-vp9-150s/trans-150s/Entertainment/AGT/AGT(691).webm,Game
1517,/mnt/hbnas/datasets/video_classification_videos/h264-vp9-150s/trans-150s/Entertainment/AGT/AGT(29).webm,Music
1518,/mnt/hbnas/datasets/video_classification_videos/h264-vp9-150s/trans-150s/Entertainment/AGT/AGT(20).webm,Game
1519,/mnt/hbnas/datasets/video_classification_videos/h264-vp9-150s/trans-150s/Entertainment/AGT/AGT(455).webm,Game
1520,/mnt/hbnas/datasets/video_classification_videos/h264-vp9-150s/trans-150s/Entertainment/AGT/AGT(451).webm,News
1521,/mnt/hbnas/datasets/video_classification_videos/h264-vp9-150s/trans-150s/Entertainment/AGT/AGT(804).webm,News
1522,/mnt/hbnas/datasets/video_classification_videos/h264-vp9-150s/trans-150s/Entertainment/AGT/AGT(311).webm,News
1523,/mnt/hbnas/datasets/video_classification_videos/h264-vp9-150s/trans-150s/Entertainment/AGT/AGT(41).webm,Game
1524,/mnt/hbnas/datasets/video_classification_videos/h264-vp9-150s/trans-150s/Entertainment/AGT/AGT(429).webm,Game
1525,/mnt/hbnas/datasets/video_classification_videos/h264-vp9-150s/trans-150s/Entertainment/AGT/AGT(374).webm,Music
1526,/mnt/hbnas/datasets/video_classification_videos/h264-vp9-150s/trans-150s/Entertainment/AGT/AGT(319).webm,Game
1527,/mnt/hbnas/datasets/video_classification_videos/h264-vp9-150s/trans-150s/Entertainment/AGT/AGT(479).webm,News
1528,/mnt/hbnas/datasets/video_classification_videos/h264-vp9-150s/trans-150s/Entertainment/AGT/AGT(187).webm,Food
1529,/mnt/hbnas/datasets/video_classification_videos/h264-vp9-150s/trans-150s/Entertainment/AGT/AGT(716).webm,News
1530,/mnt/hbnas/datasets/video_classification_videos/h264-vp9-150s/trans-150s/Entertainment/AGT/AGT(183).webm,Game
1531,/mnt/hbnas/datasets/video_classification_videos/h264-vp9-150s/trans-150s/Entertainment/AGT/AGT(461).webm,News
1532,/mnt/hbnas/datasets/video_classification_videos/h264-vp9-150s/trans-150s/Entertainment/AGT/AGT(473).webm,News
1533,/mnt/hbnas/datasets/video_classification_videos/h264-vp9-150s/trans-150s/Entertainment/AGT/AGT(72).webm,Food
1534,/mnt/hbnas/datasets/video_classification_videos/h264-vp9-150s/trans-150s/Entertainment/AGT/AGT(241).webm,Game
1535,/mnt/hbnas/datasets/video_classification_videos/h264-vp9-150s/trans-150s/Entertainment/AGT/AGT(354).webm,News
1536,/mnt/hbnas/datasets/video_classification_videos/h264-vp9-150s/trans-150s/Entertainment/AGT/AGT(276).webm,Game
1537,/mnt/hbnas/datasets/video_classification_videos/h264-vp9-150s/trans-150s/Entertainment/AGT/AGT(431).webm,Game
1538,/mnt/hbnas/datasets/video_classification_videos/h264-vp9-150s/trans-150s/Entertainment/AGT/AGT(578).webm,News
1539,/mnt/hbnas/datasets/video_classification_videos/h264-vp9-150s/trans-150s/Entertainment/AGT/AGT(614).webm,Game
1540,/mnt/hbnas/datasets/video_classification_videos/h264-vp9-150s/trans-150s/Entertainment/AGT/AGT(403).webm,News
1541,/mnt/hbnas/datasets/video_classification_videos/h264-vp9-150s/trans-150s/Entertainment/AGT/AGT(269).webm,Game
1542,/mnt/hbnas/datasets/video_classification_videos/h264-vp9-150s/trans-150s/Entertainment/AGT/AGT(221).webm,Music
1543,/mnt/hbnas/datasets/video_classification_videos/h264-vp9-150s/trans-150s/Entertainment/AGT/AGT(440).webm,News
1544,/mnt/hbnas/datasets/video_classification_videos/h264-vp9-150s/trans-150s/Entertainment/AGT/AGT(91).webm,Game
1545,/mnt/hbnas/datasets/video_classification_videos/h264-vp9-150s/trans-150s/Entertainment/AGT/AGT(89).webm,Game
1546,/mnt/hbnas/datasets/video_classification_videos/h264-vp9-150s/trans-150s/Entertainment/AGT/AGT(519).webm,Game
1547,/mnt/hbnas/datasets/video_classification_videos/h264-vp9-150s/trans-150s/Entertainment/AGT/AGT(683).webm,News
1548,/mnt/hbnas/datasets/video_classification_videos/h264-vp9-150s/trans-150s/Entertainment/AGT/AGT(139).webm,Food
1549,/mnt/hbnas/datasets/video_classification_videos/h264-vp9-150s/trans-150s/Entertainment/AGT/AGT(348).webm,News
1550,/mnt/hbnas/datasets/video_classification_videos/h264-vp9-150s/trans-150s/Entertainment/AGT/AGT(498).webm,News
1551,/mnt/hbnas/datasets/video_classification_videos/h264-vp9-150s/trans-150s/Entertainment/AGT/AGT(485).webm,Food
1552,/mnt/hbnas/datasets/video_classification_videos/h264-vp9-150s/trans-150s/Entertainment/AGT/AGT(153).webm,News
1553,/mnt/hbnas/datasets/video_classification_videos/h264-vp9-150s/trans-150s/Entertainment/AGT/AGT(17).webm,Game
1554,/mnt/hbnas/datasets/video_classification_videos/h264-vp9-150s/trans-150s/Entertainment/AGT/AGT(258).webm,Food
1555,/mnt/hbnas/datasets/video_classification_videos/h264-vp9-150s/trans-150s/Entertainment/AGT/AGT(526).webm,News
1556,/mnt/hbnas/datasets/video_classification_videos/h264-vp9-150s/trans-150s/Entertainment/AGT/AGT(340).webm,News
1557,/mnt/hbnas/datasets/video_classification_videos/h264-vp9-150s/trans-150s/Entertainment/AGT/AGT(612).webm,Food
1558,/mnt/hbnas/datasets/video_classification_videos/h264-vp9-150s/trans-150s/Entertainment/AGT/AGT(472).webm,News
1559,/mnt/hbnas/datasets/video_classification_videos/h264-vp9-150s/trans-150s/Entertainment/AGT/AGT(61).webm,News
1560,/mnt/hbnas/datasets/video_classification_videos/h264-vp9-150s/trans-150s/Entertainment/AGT/AGT(547).webm,Food
1561,/mnt/hbnas/datasets/video_classification_videos/h264-vp9-150s/trans-150s/Entertainment/AGT/AGT(360).webm,Food
1562,/mnt/hbnas/datasets/video_classification_videos/h264-vp9-150s/trans-150s/Entertainment/AGT/AGT(216).webm,News
1563,/mnt/hbnas/datasets/video_classification_videos/h264-vp9-150s/trans-150s/Entertainment/AGT/AGT(331).webm,News
1564,/mnt/hbnas/datasets/video_classification_videos/h264-vp9-150s/trans-150s/Entertainment/AGT/AGT(39).webm,Game
1565,/mnt/hbnas/datasets/video_classification_videos/h264-vp9-150s/trans-150s/Entertainment/AGT/AGT(397).webm,Food
1566,/mnt/hbnas/datasets/video_classification_videos/h264-vp9-150s/trans-150s/Entertainment/AGT/AGT(476).webm,News
1567,/mnt/hbnas/datasets/video_classification_videos/h264-vp9-150s/trans-150s/Entertainment/AGT/AGT(1).webm,Game
1568,/mnt/hbnas/datasets/video_classification_videos/h264-vp9-150s/trans-150s/Entertainment/AGT/AGT(247).webm,Music
1569,/mnt/hbnas/datasets/video_classification_videos/h264-vp9-150s/trans-150s/Entertainment/AGT/AGT(777).webm,News
1570,/mnt/hbnas/datasets/video_classification_videos/h264-vp9-150s/trans-150s/Entertainment/AGT/AGT(656).webm,News
1571,/mnt/hbnas/datasets/video_classification_videos/h264-vp9-150s/trans-150s/Entertainment/AGT/AGT(391).webm,Food
1572,/mnt/hbnas/datasets/video_classification_videos/h264-vp9-150s/trans-150s/Entertainment/AGT/AGT(550).webm,News
1573,/mnt/hbnas/datasets/video_classification_videos/h264-vp9-150s/trans-150s/Entertainment/AGT/AGT(437).webm,Sports
1574,/mnt/hbnas/datasets/video_classification_videos/h264-vp9-150s/trans-150s/Entertainment/AGT/AGT(67).webm,Food
1575,/mnt/hbnas/datasets/video_classification_videos/h264-vp9-150s/trans-150s/Entertainment/AGT/AGT(100).webm,Music
1576,/mnt/hbnas/datasets/video_classification_videos/h264-vp9-150s/trans-150s/Entertainment/AGT/AGT(204).webm,News
1577,/mnt/hbnas/datasets/video_classification_videos/h264-vp9-150s/trans-150s/Entertainment/AGT/AGT(160).webm,News
1578,/mnt/hbnas/datasets/video_classification_videos/h264-vp9-150s/trans-150s/Entertainment/AGT/AGT(167).webm,News
1579,/mnt/hbnas/datasets/video_classification_videos/h264-vp9-150s/trans-150s/Entertainment/AGT/AGT(779).webm,News
1580,/mnt/hbnas/datasets/video_classification_videos/h264-vp9-150s/trans-150s/Entertainment/AGT/AGT(395).webm,News
1581,/mnt/hbnas/datasets/video_classification_videos/h264-vp9-150s/trans-150s/Entertainment/AGT/AGT(773).webm,Food
1582,/mnt/hbnas/datasets/video_classification_videos/h264-vp9-150s/trans-150s/Entertainment/AGT/AGT(728).webm,News
1583,/mnt/hbnas/datasets/video_classification_videos/h264-vp9-150s/trans-150s/Entertainment/AGT/AGT(212).webm,News
1584,/mnt/hbnas/datasets/video_classification_videos/h264-vp9-150s/trans-150s/Entertainment/AGT/AGT(138).webm,Game
1585,/mnt/hbnas/datasets/video_classification_videos/h264-vp9-150s/trans-150s/Entertainment/AGT/AGT(442).webm,Music
1586,/mnt/hbnas/datasets/video_classification_videos/h264-vp9-150s/trans-150s/Entertainment/AGT/AGT(426).webm,Game
1587,/mnt/hbnas/datasets/video_classification_videos/h264-vp9-150s/trans-150s/Entertainment/AGT/AGT(378).webm,News
1588,/mnt/hbnas/datasets/video_classification_videos/h264-vp9-150s/trans-150s/Entertainment/AGT/AGT(351).webm,Food
1589,/mnt/hbnas/datasets/video_classification_videos/h264-vp9-150s/trans-150s/Entertainment/AGT/AGT(205).webm,News
1590,/mnt/hbnas/datasets/video_classification_videos/h264-vp9-150s/trans-150s/Entertainment/AGT/AGT(388).webm,Music
1591,/mnt/hbnas/datasets/video_classification_videos/h264-vp9-150s/trans-150s/Entertainment/AGT/AGT(529).webm,Food
1592,/mnt/hbnas/datasets/video_classification_videos/h264-vp9-150s/trans-150s/Entertainment/AGT/AGT(585).webm,Food
1593,/mnt/hbnas/datasets/video_classification_videos/h264-vp9-150s/trans-150s/Entertainment/AGT/AGT(271).webm,Food
1594,/mnt/hbnas/datasets/video_classification_videos/h264-vp9-150s/trans-150s/Entertainment/AGT/AGT(268).webm,Game
1595,/mnt/hbnas/datasets/video_classification_videos/h264-vp9-150s/trans-150s/Entertainment/AGT/AGT(561).webm,News
1596,/mnt/hbnas/datasets/video_classification_videos/h264-vp9-150s/trans-150s/Entertainment/AGT/AGT(723).webm,Food
1597,/mnt/hbnas/datasets/video_classification_videos/h264-vp9-150s/trans-150s/Entertainment/AGT/AGT(744).webm,News
1598,/mnt/hbnas/datasets/video_classification_videos/h264-vp9-150s/trans-150s/Entertainment/AGT/AGT(162).webm,Game
1599,/mnt/hbnas/datasets/video_classification_videos/h264-vp9-150s/trans-150s/Entertainment/AGT/AGT(697).webm,Food
1600,/mnt/hbnas/datasets/video_classification_videos/h264-vp9-150s/trans-150s/Game/CaptainSparklez/CaptainSparklez(553).webm,Music
1601,/mnt/hbnas/datasets/video_classification_videos/h264-vp9-150s/trans-150s/Game/CaptainSparklez/CaptainSparklez(105).webm,Game
1602,/mnt/hbnas/datasets/video_classification_videos/h264-vp9-150s/trans-150s/Game/CaptainSparklez/CaptainSparklez(115).webm,Game
1603,/mnt/hbnas/datasets/video_classification_videos/h264-vp9-150s/trans-150s/Game/CaptainSparklez/CaptainSparklez(492).webm,Music
1604,/mnt/hbnas/datasets/video_classification_videos/h264-vp9-150s/trans-150s/Game/CaptainSparklez/CaptainSparklez(224).webm,Game
1605,/mnt/hbnas/datasets/video_classification_videos/h264-vp9-150s/trans-150s/Game/CaptainSparklez/CaptainSparklez(610).webm,Music
1606,/mnt/hbnas/datasets/video_classification_videos/h264-vp9-150s/trans-150s/Game/CaptainSparklez/CaptainSparklez(481).webm,Music
1607,/mnt/hbnas/datasets/video_classification_videos/h264-vp9-150s/trans-150s/Game/CaptainSparklez/CaptainSparklez(643).webm,Music
1608,/mnt/hbnas/datasets/video_classification_videos/h264-vp9-150s/trans-150s/Game/CaptainSparklez/CaptainSparklez(441).webm,Music
1609,/mnt/hbnas/datasets/video_classification_videos/h264-vp9-150s/trans-150s/Game/CaptainSparklez/CaptainSparklez(485).webm,Music
1610,/mnt/hbnas/datasets/video_classification_videos/h264-vp9-150s/trans-150s/Game/CaptainSparklez/CaptainSparklez(287).webm,Game
1611,/mnt/hbnas/datasets/video_classification_videos/h264-vp9-150s/trans-150s/Game/CaptainSparklez/CaptainSparklez(581).webm,Music
1612,/mnt/hbnas/datasets/video_classification_videos/h264-vp9-150s/trans-150s/Game/CaptainSparklez/CaptainSparklez(691).webm,Music
1613,/mnt/hbnas/datasets/video_classification_videos/h264-vp9-150s/trans-150s/Game/CaptainSparklez/CaptainSparklez(769).webm,Music
1614,/mnt/hbnas/datasets/video_classification_videos/h264-vp9-150s/trans-150s/Game/CaptainSparklez/CaptainSparklez(257).webm,Game
1615,/mnt/hbnas/datasets/video_classification_videos/h264-vp9-150s/trans-150s/Game/CaptainSparklez/CaptainSparklez(388).webm,Music
1616,/mnt/hbnas/datasets/video_classification_videos/h264-vp9-150s/trans-150s/Game/CaptainSparklez/CaptainSparklez(708).webm,Game
1617,/mnt/hbnas/datasets/video_classification_videos/h264-vp9-150s/trans-150s/Game/CaptainSparklez/CaptainSparklez(359).webm,Music
1618,/mnt/hbnas/datasets/video_classification_videos/h264-vp9-150s/trans-150s/Game/CaptainSparklez/CaptainSparklez(191).webm,Music
1619,/mnt/hbnas/datasets/video_classification_videos/h264-vp9-150s/trans-150s/Game/CaptainSparklez/CaptainSparklez(81).webm,Music
1620,/mnt/hbnas/datasets/video_classification_videos/h264-vp9-150s/trans-150s/Game/CaptainSparklez/CaptainSparklez(343).webm,Music
1621,/mnt/hbnas/datasets/video_classification_videos/h264-vp9-150s/trans-150s/Game/CaptainSparklez/CaptainSparklez(782).webm,Music
1622,/mnt/hbnas/datasets/video_classification_videos/h264-vp9-150s/trans-150s/Game/CaptainSparklez/CaptainSparklez(236).webm,Game
1623,/mnt/hbnas/datasets/video_classification_videos/h264-vp9-150s/trans-150s/Game/CaptainSparklez/CaptainSparklez(200).webm,Music
1624,/mnt/hbnas/datasets/video_classification_videos/h264-vp9-150s/trans-150s/Game/CaptainSparklez/CaptainSparklez(548).webm,Music
1625,/mnt/hbnas/datasets/video_classification_videos/h264-vp9-150s/trans-150s/Game/CaptainSparklez/CaptainSparklez(560).webm,Game
1626,/mnt/hbnas/datasets/video_classification_videos/h264-vp9-150s/trans-150s/Game/CaptainSparklez/CaptainSparklez(729).webm,Music
1627,/mnt/hbnas/datasets/video_classification_videos/h264-vp9-150s/trans-150s/Game/CaptainSparklez/CaptainSparklez(255).webm,Music
1628,/mnt/hbnas/datasets/video_classification_videos/h264-vp9-150s/trans-150s/Game/CaptainSparklez/CaptainSparklez(144).webm,Game
1629,/mnt/hbnas/datasets/video_classification_videos/h264-vp9-150s/trans-150s/Game/CaptainSparklez/CaptainSparklez(306).webm,Music
1630,/mnt/hbnas/datasets/video_classification_videos/h264-vp9-150s/trans-150s/Game/CaptainSparklez/CaptainSparklez(280).webm,Music
1631,/mnt/hbnas/datasets/video_classification_videos/h264-vp9-150s/trans-150s/Game/CaptainSparklez/CaptainSparklez(813).webm,Game
1632,/mnt/hbnas/datasets/video_classification_videos/h264-vp9-150s/trans-150s/Game/CaptainSparklez/CaptainSparklez(190).webm,Music
1633,/mnt/hbnas/datasets/video_classification_videos/h264-vp9-150s/trans-150s/Game/CaptainSparklez/CaptainSparklez(5).webm,Music
1634,/mnt/hbnas/datasets/video_classification_videos/h264-vp9-150s/trans-150s/Game/CaptainSparklez/CaptainSparklez(29).webm,Music
1635,/mnt/hbnas/datasets/video_classification_videos/h264-vp9-150s/trans-150s/Game/CaptainSparklez/CaptainSparklez(381).webm,Music
1636,/mnt/hbnas/datasets/video_classification_videos/h264-vp9-150s/trans-150s/Game/CaptainSparklez/CaptainSparklez(76).webm,Music
1637,/mnt/hbnas/datasets/video_classification_videos/h264-vp9-150s/trans-150s/Game/CaptainSparklez/CaptainSparklez(70).webm,Game
1638,/mnt/hbnas/datasets/video_classification_videos/h264-vp9-150s/trans-150s/Game/CaptainSparklez/CaptainSparklez(256).webm,Music
1639,/mnt/hbnas/datasets/video_classification_videos/h264-vp9-150s/trans-150s/Game/CaptainSparklez/CaptainSparklez(301).webm,Game
1640,/mnt/hbnas/datasets/video_classification_videos/h264-vp9-150s/trans-150s/Game/CaptainSparklez/CaptainSparklez(633).webm,Music
1641,/mnt/hbnas/datasets/video_classification_videos/h264-vp9-150s/trans-150s/Game/CaptainSparklez/CaptainSparklez(24).webm,Music
1642,/mnt/hbnas/datasets/video_classification_videos/h264-vp9-150s/trans-150s/Game/CaptainSparklez/CaptainSparklez(60).webm,Music
1643,/mnt/hbnas/datasets/video_classification_videos/h264-vp9-150s/trans-150s/Game/CaptainSparklez/CaptainSparklez(686).webm,Game
1644,/mnt/hbnas/datasets/video_classification_videos/h264-vp9-150s/trans-150s/Game/CaptainSparklez/CaptainSparklez(88).webm,Game
1645,/mnt/hbnas/datasets/video_classification_videos/h264-vp9-150s/trans-150s/Game/CaptainSparklez/CaptainSparklez(218).webm,Movie
1646,/mnt/hbnas/datasets/video_classification_videos/h264-vp9-150s/trans-150s/Game/CaptainSparklez/CaptainSparklez(507).webm,Game
1647,/mnt/hbnas/datasets/video_classification_videos/h264-vp9-150s/trans-150s/Game/CaptainSparklez/CaptainSparklez(322).webm,Game
1648,/mnt/hbnas/datasets/video_classification_videos/h264-vp9-150s/trans-150s/Game/CaptainSparklez/CaptainSparklez(645).webm,Music
1649,/mnt/hbnas/datasets/video_classification_videos/h264-vp9-150s/trans-150s/Game/CaptainSparklez/CaptainSparklez(344).webm,Music
1650,/mnt/hbnas/datasets/video_classification_videos/h264-vp9-150s/trans-150s/Game/CaptainSparklez/CaptainSparklez(823).webm,Game
1651,/mnt/hbnas/datasets/video_classification_videos/h264-vp9-150s/trans-150s/Game/CaptainSparklez/CaptainSparklez(523).webm,Music
1652,/mnt/hbnas/datasets/video_classification_videos/h264-vp9-150s/trans-150s/Game/CaptainSparklez/CaptainSparklez(733).webm,Game
1653,/mnt/hbnas/datasets/video_classification_videos/h264-vp9-150s/trans-150s/Game/CaptainSparklez/CaptainSparklez(745).webm,Game
1654,/mnt/hbnas/datasets/video_classification_videos/h264-vp9-150s/trans-150s/Game/CaptainSparklez/CaptainSparklez(273).webm,Music
1655,/mnt/hbnas/datasets/video_classification_videos/h264-vp9-150s/trans-150s/Game/CaptainSparklez/CaptainSparklez(370).webm,Game
1656,/mnt/hbnas/datasets/video_classification_videos/h264-vp9-150s/trans-150s/Game/CaptainSparklez/CaptainSparklez(542).webm,Music
1657,/mnt/hbnas/datasets/video_classification_videos/h264-vp9-150s/trans-150s/Game/CaptainSparklez/CaptainSparklez(476).webm,Music
1658,/mnt/hbnas/datasets/video_classification_videos/h264-vp9-150s/trans-150s/Game/CaptainSparklez/CaptainSparklez(586).webm,Game
1659,/mnt/hbnas/datasets/video_classification_videos/h264-vp9-150s/trans-150s/Game/CaptainSparklez/CaptainSparklez(526).webm,Game
1660,/mnt/hbnas/datasets/video_classification_videos/h264-vp9-150s/trans-150s/Game/CaptainSparklez/CaptainSparklez(478).webm,Music
1661,/mnt/hbnas/datasets/video_classification_videos/h264-vp9-150s/trans-150s/Game/CaptainSparklez/CaptainSparklez(571).webm,Music
1662,/mnt/hbnas/datasets/video_classification_videos/h264-vp9-150s/trans-150s/Game/Grapeapplesauce/Grapeapplesauce(463).webm,Music
1663,/mnt/hbnas/datasets/video_classification_videos/h264-vp9-150s/trans-150s/Game/Grapeapplesauce/Grapeapplesauce(857).webm,News
1664,/mnt/hbnas/datasets/video_classification_videos/h264-vp9-150s/trans-150s/Game/Grapeapplesauce/Grapeapplesauce(789).webm,News
1665,/mnt/hbnas/datasets/video_classification_videos/h264-vp9-150s/trans-150s/Game/Grapeapplesauce/Grapeapplesauce(357).webm,Game
1666,/mnt/hbnas/datasets/video_classification_videos/h264-vp9-150s/trans-150s/Game/Grapeapplesauce/Grapeapplesauce(90).webm,Music
1667,/mnt/hbnas/datasets/video_classification_videos/h264-vp9-150s/trans-150s/Game/Grapeapplesauce/Grapeapplesauce(587).webm,Game
1668,/mnt/hbnas/datasets/video_classification_videos/h264-vp9-150s/trans-150s/Game/Grapeapplesauce/Grapeapplesauce(701).webm,Game
1669,/mnt/hbnas/datasets/video_classification_videos/h264-vp9-150s/trans-150s/Game/Grapeapplesauce/Grapeapplesauce(863).webm,News
1670,/mnt/hbnas/datasets/video_classification_videos/h264-vp9-150s/trans-150s/Game/Grapeapplesauce/Grapeapplesauce(928).webm,Game
1671,/mnt/hbnas/datasets/video_classification_videos/h264-vp9-150s/trans-150s/Game/Grapeapplesauce/Grapeapplesauce(340).webm,Music
1672,/mnt/hbnas/datasets/video_classification_videos/h264-vp9-150s/trans-150s/Game/Grapeapplesauce/Grapeapplesauce(4).webm,Game
1673,/mnt/hbnas/datasets/video_classification_videos/h264-vp9-150s/trans-150s/Game/Grapeapplesauce/Grapeapplesauce(252).webm,Music
1674,/mnt/hbnas/datasets/video_classification_videos/h264-vp9-150s/trans-150s/Game/Grapeapplesauce/Grapeapplesauce(817).webm,Music
1675,/mnt/hbnas/datasets/video_classification_videos/h264-vp9-150s/trans-150s/Game/Grapeapplesauce/Grapeapplesauce(392).webm,Music
1676,/mnt/hbnas/datasets/video_classification_videos/h264-vp9-150s/trans-150s/Game/Grapeapplesauce/Grapeapplesauce(310).webm,News
1677,/mnt/hbnas/datasets/video_classification_videos/h264-vp9-150s/trans-150s/Game/Grapeapplesauce/Grapeapplesauce(935).webm,Food
1678,/mnt/hbnas/datasets/video_classification_videos/h264-vp9-150s/trans-150s/Game/Grapeapplesauce/Grapeapplesauce(875).webm,News
1679,/mnt/hbnas/datasets/video_classification_videos/h264-vp9-150s/trans-150s/Game/Grapeapplesauce/Grapeapplesauce(43).webm,Game
1680,/mnt/hbnas/datasets/video_classification_videos/h264-vp9-150s/trans-150s/Game/Grapeapplesauce/Grapeapplesauce(48).webm,Game
1681,/mnt/hbnas/datasets/video_classification_videos/h264-vp9-150s/trans-150s/Game/Grapeapplesauce/Grapeapplesauce(278).webm,Game
1682,/mnt/hbnas/datasets/video_classification_videos/h264-vp9-150s/trans-150s/Game/Grapeapplesauce/Grapeapplesauce(327).webm,Music
1683,/mnt/hbnas/datasets/video_classification_videos/h264-vp9-150s/trans-150s/Game/Grapeapplesauce/Grapeapplesauce(844).webm,Game
1684,/mnt/hbnas/datasets/video_classification_videos/h264-vp9-150s/trans-150s/Game/Grapeapplesauce/Grapeapplesauce(479).webm,Game
1685,/mnt/hbnas/datasets/video_classification_videos/h264-vp9-150s/trans-150s/Game/Grapeapplesauce/Grapeapplesauce(241).webm,Game
1686,/mnt/hbnas/datasets/video_classification_videos/h264-vp9-150s/trans-150s/Game/Grapeapplesauce/Grapeapplesauce(373).webm,Music
1687,/mnt/hbnas/datasets/video_classification_videos/h264-vp9-150s/trans-150s/Game/Grapeapplesauce/Grapeapplesauce(172).webm,Music
1688,/mnt/hbnas/datasets/video_classification_videos/h264-vp9-150s/trans-150s/Game/Grapeapplesauce/Grapeapplesauce(596).webm,News
1689,/mnt/hbnas/datasets/video_classification_videos/h264-vp9-150s/trans-150s/Game/Grapeapplesauce/Grapeapplesauce(536).webm,Music
1690,/mnt/hbnas/datasets/video_classification_videos/h264-vp9-150s/trans-150s/Game/Grapeapplesauce/Grapeapplesauce(447).webm,Game
1691,/mnt/hbnas/datasets/video_classification_videos/h264-vp9-150s/trans-150s/Game/Grapeapplesauce/Grapeapplesauce(120).webm,Game
1692,/mnt/hbnas/datasets/video_classification_videos/h264-vp9-150s/trans-150s/Game/Grapeapplesauce/Grapeapplesauce(199).webm,Game
1693,/mnt/hbnas/datasets/video_classification_videos/h264-vp9-150s/trans-150s/Game/Grapeapplesauce/Grapeapplesauce(17).webm,Game
1694,/mnt/hbnas/datasets/video_classification_videos/h264-vp9-150s/trans-150s/Game/Grapeapplesauce/Grapeapplesauce(771).webm,Game
1695,/mnt/hbnas/datasets/video_classification_videos/h264-vp9-150s/trans-150s/Game/Grapeapplesauce/Grapeapplesauce(635).webm,Game
1696,/mnt/hbnas/datasets/video_classification_videos/h264-vp9-150s/trans-150s/Game/Grapeapplesauce/Grapeapplesauce(89).webm,Music
1697,/mnt/hbnas/datasets/video_classification_videos/h264-vp9-150s/trans-150s/Game/Grapeapplesauce/Grapeapplesauce(128).webm,Game
1698,/mnt/hbnas/datasets/video_classification_videos/h264-vp9-150s/trans-150s/Game/Grapeapplesauce/Grapeapplesauce(378).webm,Music
1699,/mnt/hbnas/datasets/video_classification_videos/h264-vp9-150s/trans-150s/Game/Grapeapplesauce/Grapeapplesauce(777).webm,News
1700,/mnt/hbnas/datasets/video_classification_videos/h264-vp9-150s/trans-150s/Game/Grapeapplesauce/Grapeapplesauce(787).webm,Game
1701,/mnt/hbnas/datasets/video_classification_videos/h264-vp9-150s/trans-150s/Game/Grapeapplesauce/Grapeapplesauce(534).webm,Music
1702,/mnt/hbnas/datasets/video_classification_videos/h264-vp9-150s/trans-150s/Game/Grapeapplesauce/Grapeapplesauce(380).webm,Music
1703,/mnt/hbnas/datasets/video_classification_videos/h264-vp9-150s/trans-150s/Game/Grapeapplesauce/Grapeapplesauce(794).webm,News
1704,/mnt/hbnas/datasets/video_classification_videos/h264-vp9-150s/trans-150s/Game/Grapeapplesauce/Grapeapplesauce(387).webm,Music
1705,/mnt/hbnas/datasets/video_classification_videos/h264-vp9-150s/trans-150s/Game/Grapeapplesauce/Grapeapplesauce(974).webm,News
1706,/mnt/hbnas/datasets/video_classification_videos/h264-vp9-150s/trans-150s/Game/Grapeapplesauce/Grapeapplesauce(52).webm,Music
1707,/mnt/hbnas/datasets/video_classification_videos/h264-vp9-150s/trans-150s/Game/Grapeapplesauce/Grapeapplesauce(965).webm,Game
1708,/mnt/hbnas/datasets/video_classification_videos/h264-vp9-150s/trans-150s/Game/Grapeapplesauce/Grapeapplesauce(959).webm,News
1709,/mnt/hbnas/datasets/video_classification_videos/h264-vp9-150s/trans-150s/Game/Grapeapplesauce/Grapeapplesauce(686).webm,Game
1710,/mnt/hbnas/datasets/video_classification_videos/h264-vp9-150s/trans-150s/Game/Grapeapplesauce/Grapeapplesauce(201).webm,Game
1711,/mnt/hbnas/datasets/video_classification_videos/h264-vp9-150s/trans-150s/Game/Grapeapplesauce/Grapeapplesauce(981).webm,Game
1712,/mnt/hbnas/datasets/video_classification_videos/h264-vp9-150s/trans-150s/Game/Grapeapplesauce/Grapeapplesauce(334).webm,Game
1713,/mnt/hbnas/datasets/video_classification_videos/h264-vp9-150s/trans-150s/Game/Grapeapplesauce/Grapeapplesauce(228).webm,Game
1714,/mnt/hbnas/datasets/video_classification_videos/h264-vp9-150s/trans-150s/Game/Grapeapplesauce/Grapeapplesauce(830).webm,News
1715,/mnt/hbnas/datasets/video_classification_videos/h264-vp9-150s/trans-150s/Game/Grapeapplesauce/Grapeapplesauce(289).webm,Game
1716,/mnt/hbnas/datasets/video_classification_videos/h264-vp9-150s/trans-150s/Game/Grapeapplesauce/Grapeapplesauce(1021).webm,Game
1717,/mnt/hbnas/datasets/video_classification_videos/h264-vp9-150s/trans-150s/Game/Grapeapplesauce/Grapeapplesauce(30).webm,Music
1718,/mnt/hbnas/datasets/video_classification_videos/h264-vp9-150s/trans-150s/Game/Grapeapplesauce/Grapeapplesauce(465).webm,Game
1719,/mnt/hbnas/datasets/video_classification_videos/h264-vp9-150s/trans-150s/Game/Grapeapplesauce/Grapeapplesauce(503).webm,Music
1720,/mnt/hbnas/datasets/video_classification_videos/h264-vp9-150s/trans-150s/Game/Grapeapplesauce/Grapeapplesauce(492).webm,Game
1721,/mnt/hbnas/datasets/video_classification_videos/h264-vp9-150s/trans-150s/Game/Grapeapplesauce/Grapeapplesauce(65).webm,News
1722,/mnt/hbnas/datasets/video_classification_videos/h264-vp9-150s/trans-150s/Game/Grapeapplesauce/Grapeapplesauce(742).webm,News
1723,/mnt/hbnas/datasets/video_classification_videos/h264-vp9-150s/trans-150s/Game/Grapeapplesauce/Grapeapplesauce(306).webm,Music
1724,/mnt/hbnas/datasets/video_classification_videos/h264-vp9-150s/trans-150s/Game/Grapeapplesauce/Grapeapplesauce(410).webm,Game
1725,/mnt/hbnas/datasets/video_classification_videos/h264-vp9-150s/trans-150s/Game/Grapeapplesauce/Grapeapplesauce(359).webm,Music
1726,/mnt/hbnas/datasets/video_classification_videos/h264-vp9-150s/trans-150s/Game/Grapeapplesauce/Grapeapplesauce(1003).webm,News
1727,/mnt/hbnas/datasets/video_classification_videos/h264-vp9-150s/trans-150s/Game/Grapeapplesauce/Grapeapplesauce(961).webm,News
1728,/mnt/hbnas/datasets/video_classification_videos/h264-vp9-150s/trans-150s/Game/Grapeapplesauce/Grapeapplesauce(797).webm,News
1729,/mnt/hbnas/datasets/video_classification_videos/h264-vp9-150s/trans-150s/Game/Grapeapplesauce/Grapeapplesauce(743).webm,Food
1730,/mnt/hbnas/datasets/video_classification_videos/h264-vp9-150s/trans-150s/Game/Grapeapplesauce/Grapeapplesauce(589).webm,News
1731,/mnt/hbnas/datasets/video_classification_videos/h264-vp9-150s/trans-150s/Game/Grapeapplesauce/Grapeapplesauce(807).webm,Food
1732,/mnt/hbnas/datasets/video_classification_videos/h264-vp9-150s/trans-150s/Game/Grapeapplesauce/Grapeapplesauce(805).webm,Music
1733,/mnt/hbnas/datasets/video_classification_videos/h264-vp9-150s/trans-150s/Game/Grapeapplesauce/Grapeapplesauce(386).webm,Game
1734,/mnt/hbnas/datasets/video_classification_videos/h264-vp9-150s/trans-150s/Game/Grapeapplesauce/Grapeapplesauce(556).webm,Game
1735,/mnt/hbnas/datasets/video_classification_videos/h264-vp9-150s/trans-150s/Game/Grapeapplesauce/Grapeapplesauce(313).webm,Music
1736,/mnt/hbnas/datasets/video_classification_videos/h264-vp9-150s/trans-150s/Game/Grapeapplesauce/Grapeapplesauce(698).webm,Game
1737,/mnt/hbnas/datasets/video_classification_videos/h264-vp9-150s/trans-150s/Game/Grapeapplesauce/Grapeapplesauce(729).webm,News
1738,/mnt/hbnas/datasets/video_classification_videos/h264-vp9-150s/trans-150s/Game/Grapeapplesauce/Grapeapplesauce(297).webm,Game
1739,/mnt/hbnas/datasets/video_classification_videos/h264-vp9-150s/trans-150s/Game/Grapeapplesauce/Grapeapplesauce(926).webm,News
1740,/mnt/hbnas/datasets/video_classification_videos/h264-vp9-150s/trans-150s/Game/Grapeapplesauce/Grapeapplesauce(750).webm,News
1741,/mnt/hbnas/datasets/video_classification_videos/h264-vp9-150s/trans-150s/Game/DanTDM/DanTDM263.webm,News
1742,/mnt/hbnas/datasets/video_classification_videos/h264-vp9-150s/trans-150s/Game/DanTDM/DanTDM80.webm,Game
1743,/mnt/hbnas/datasets/video_classification_videos/h264-vp9-150s/trans-150s/Game/DanTDM/DanTDM316.webm,Food
1744,/mnt/hbnas/datasets/video_classification_videos/h264-vp9-150s/trans-150s/Game/DanTDM/DanTDM201.webm,Game
1745,/mnt/hbnas/datasets/video_classification_videos/h264-vp9-150s/trans-150s/Game/DanTDM/DanTDM374.webm,Food
1746,/mnt/hbnas/datasets/video_classification_videos/h264-vp9-150s/trans-150s/Game/DanTDM/DanTDM278.webm,Game
1747,/mnt/hbnas/datasets/video_classification_videos/h264-vp9-150s/trans-150s/Game/DanTDM/DanTDM3.webm,Music
1748,/mnt/hbnas/datasets/video_classification_videos/h264-vp9-150s/trans-150s/Game/DanTDM/DanTDM460.webm,News
1749,/mnt/hbnas/datasets/video_classification_videos/h264-vp9-150s/trans-150s/Game/DanTDM/DanTDM330.webm,News
1750,/mnt/hbnas/datasets/video_classification_videos/h264-vp9-150s/trans-150s/Game/DanTDM/DanTDM74.webm,Food
1751,/mnt/hbnas/datasets/video_classification_videos/h264-vp9-150s/trans-150s/Game/DanTDM/DanTDM398.webm,News
1752,/mnt/hbnas/datasets/video_classification_videos/h264-vp9-150s/trans-150s/Game/DanTDM/DanTDM365.webm,Music
1753,/mnt/hbnas/datasets/video_classification_videos/h264-vp9-150s/trans-150s/Game/DanTDM/DanTDM175.webm,Game
1754,/mnt/hbnas/datasets/video_classification_videos/h264-vp9-150s/trans-150s/Game/DanTDM/DanTDM256.webm,Game
1755,/mnt/hbnas/datasets/video_classification_videos/h264-vp9-150s/trans-150s/Game/DanTDM/DanTDM107.webm,News
1756,/mnt/hbnas/datasets/video_classification_videos/h264-vp9-150s/trans-150s/Game/DanTDM/DanTDM7.webm,Game
1757,/mnt/hbnas/datasets/video_classification_videos/h264-vp9-150s/trans-150s/Game/DanTDM/DanTDM76.webm,News
1758,/mnt/hbnas/datasets/video_classification_videos/h264-vp9-150s/trans-150s/Game/DanTDM/DanTDM409.webm,Game
1759,/mnt/hbnas/datasets/video_classification_videos/h264-vp9-150s/trans-150s/Game/DanTDM/DanTDM193.webm,Game
1760,/mnt/hbnas/datasets/video_classification_videos/h264-vp9-150s/trans-150s/Game/DanTDM/DanTDM108.webm,News
1761,/mnt/hbnas/datasets/video_classification_videos/h264-vp9-150s/trans-150s/Game/DanTDM/DanTDM109.webm,News
1762,/mnt/hbnas/datasets/video_classification_videos/h264-vp9-150s/trans-150s/Game/DanTDM/DanTDM454.webm,Game
1763,/mnt/hbnas/datasets/video_classification_videos/h264-vp9-150s/trans-150s/Game/DanTDM/DanTDM294.webm,Food
1764,/mnt/hbnas/datasets/video_classification_videos/h264-vp9-150s/trans-150s/Game/DanTDM/DanTDM289.webm,Game
1765,/mnt/hbnas/datasets/video_classification_videos/h264-vp9-150s/trans-150s/Game/DanTDM/DanTDM257.webm,Game
1766,/mnt/hbnas/datasets/video_classification_videos/h264-vp9-150s/trans-150s/Game/DanTDM/DanTDM285.webm,Game
1767,/mnt/hbnas/datasets/video_classification_videos/h264-vp9-150s/trans-150s/Game/DanTDM/DanTDM117.webm,Game
1768,/mnt/hbnas/datasets/video_classification_videos/h264-vp9-150s/trans-150s/Game/DanTDM/DanTDM46.webm,Food
1769,/mnt/hbnas/datasets/video_classification_videos/h264-vp9-150s/trans-150s/Game/DanTDM/DanTDM462.webm,Game
1770,/mnt/hbnas/datasets/video_classification_videos/h264-vp9-150s/trans-150s/Game/DanTDM/DanTDM155.webm,Game
1771,/mnt/hbnas/datasets/video_classification_videos/h264-vp9-150s/trans-150s/Game/DanTDM/DanTDM487.webm,Game
1772,/mnt/hbnas/datasets/video_classification_videos/h264-vp9-150s/trans-150s/Game/VanossGaming/VanossGaming2/VanossGaming(1456).webm,Game
1773,/mnt/hbnas/datasets/video_classification_videos/h264-vp9-150s/trans-150s/Game/VanossGaming/VanossGaming2/VanossGaming(1068).webm,Game
1774,/mnt/hbnas/datasets/video_classification_videos/h264-vp9-150s/trans-150s/Game/VanossGaming/VanossGaming2/VanossGaming(1285).webm,Music
1775,/mnt/hbnas/datasets/video_classification_videos/h264-vp9-150s/trans-150s/Game/VanossGaming/VanossGaming2/VanossGaming(1120).webm,Game
1776,/mnt/hbnas/datasets/video_classification_videos/h264-vp9-150s/trans-150s/Game/VanossGaming/VanossGaming2/VanossGaming(1138).webm,Music
1777,/mnt/hbnas/datasets/video_classification_videos/h264-vp9-150s/trans-150s/Game/VanossGaming/VanossGaming2/VanossGaming(1073).webm,Music
1778,/mnt/hbnas/datasets/video_classification_videos/h264-vp9-150s/trans-150s/Game/VanossGaming/VanossGaming2/VanossGaming(1381).webm,Game
1779,/mnt/hbnas/datasets/video_classification_videos/h264-vp9-150s/trans-150s/Game/VanossGaming/VanossGaming2/VanossGaming(1346).webm,Music
1780,/mnt/hbnas/datasets/video_classification_videos/h264-vp9-150s/trans-150s/Game/VanossGaming/VanossGaming2/VanossGaming(1212).webm,Game
1781,/mnt/hbnas/datasets/video_classification_videos/h264-vp9-150s/trans-150s/Game/VanossGaming/VanossGaming2/VanossGaming(878).webm,Movie
1782,/mnt/hbnas/datasets/video_classification_videos/h264-vp9-150s/trans-150s/Game/VanossGaming/VanossGaming2/VanossGaming(1199).webm,Food
1783,/mnt/hbnas/datasets/video_classification_videos/h264-vp9-150s/trans-150s/Game/VanossGaming/VanossGaming2/VanossGaming(1230).webm,Food
1784,/mnt/hbnas/datasets/video_classification_videos/h264-vp9-150s/trans-150s/Game/VanossGaming/VanossGaming2/VanossGaming(1338).webm,Music
1785,/mnt/hbnas/datasets/video_classification_videos/h264-vp9-150s/trans-150s/Game/VanossGaming/VanossGaming2/VanossGaming(1450).webm,News
1786,/mnt/hbnas/datasets/video_classification_videos/h264-vp9-150s/trans-150s/Game/VanossGaming/VanossGaming2/VanossGaming(1126).webm,Game
1787,/mnt/hbnas/datasets/video_classification_videos/h264-vp9-150s/trans-150s/Game/VanossGaming/VanossGaming2/VanossGaming(926).webm,Game
1788,/mnt/hbnas/datasets/video_classification_videos/h264-vp9-150s/trans-150s/Game/VanossGaming/VanossGaming2/VanossGaming(1256).webm,Game
1789,/mnt/hbnas/datasets/video_classification_videos/h264-vp9-150s/trans-150s/Game/VanossGaming/VanossGaming2/VanossGaming(1175).webm,Music
1790,/mnt/hbnas/datasets/video_classification_videos/h264-vp9-150s/trans-150s/Game/VanossGaming/VanossGaming2/VanossGaming(982).webm,Food
1791,/mnt/hbnas/datasets/video_classification_videos/h264-vp9-150s/trans-150s/Game/VanossGaming/VanossGaming2/VanossGaming(1723).webm,News
1792,/mnt/hbnas/datasets/video_classification_videos/h264-vp9-150s/trans-150s/Game/VanossGaming/VanossGaming2/VanossGaming(1565).webm,Music
1793,/mnt/hbnas/datasets/video_classification_videos/h264-vp9-150s/trans-150s/Game/VanossGaming/VanossGaming2/VanossGaming(1487).webm,Music
1794,/mnt/hbnas/datasets/video_classification_videos/h264-vp9-150s/trans-150s/Game/VanossGaming/VanossGaming2/VanossGaming(957).webm,Food
1795,/mnt/hbnas/datasets/video_classification_videos/h264-vp9-150s/trans-150s/Game/VanossGaming/VanossGaming2/VanossGaming(1666).webm,Game
1796,/mnt/hbnas/datasets/video_classification_videos/h264-vp9-150s/trans-150s/Game/VanossGaming/VanossGaming2/VanossGaming(1179).webm,Game
1797,/mnt/hbnas/datasets/video_classification_videos/h264-vp9-150s/trans-150s/Game/VanossGaming/VanossGaming2/VanossGaming(1534).webm,Game
1798,/mnt/hbnas/datasets/video_classification_videos/h264-vp9-150s/trans-150s/Game/VanossGaming/VanossGaming2/VanossGaming(1336).webm,Food
1799,/mnt/hbnas/datasets/video_classification_videos/h264-vp9-150s/trans-150s/Game/VanossGaming/VanossGaming2/VanossGaming(1700).webm,Music
1800,/mnt/hbnas/datasets/video_classification_videos/h264-vp9-150s/trans-150s/Game/VanossGaming/VanossGaming2/VanossGaming(1140).webm,Music
1801,/mnt/hbnas/datasets/video_classification_videos/h264-vp9-150s/trans-150s/Game/VanossGaming/VanossGaming2/VanossGaming(1084).webm,Game
1802,/mnt/hbnas/datasets/video_classification_videos/h264-vp9-150s/trans-150s/Game/VanossGaming/VanossGaming2/VanossGaming(975).webm,News
1803,/mnt/hbnas/datasets/video_classification_videos/h264-vp9-150s/trans-150s/Game/VanossGaming/VanossGaming2/VanossGaming(1185).webm,Game
1804,/mnt/hbnas/datasets/video_classification_videos/h264-vp9-150s/trans-150s/Game/VanossGaming/VanossGaming2/VanossGaming(1499).webm,Music
1805,/mnt/hbnas/datasets/video_classification_videos/h264-vp9-150s/trans-150s/Game/VanossGaming/VanossGaming2/VanossGaming(1301).webm,Music
1806,/mnt/hbnas/datasets/video_classification_videos/h264-vp9-150s/trans-150s/Game/VanossGaming/VanossGaming2/VanossGaming(1016).webm,News
1807,/mnt/hbnas/datasets/video_classification_videos/h264-vp9-150s/trans-150s/Game/VanossGaming/VanossGaming2/VanossGaming(1542).webm,Food
1808,/mnt/hbnas/datasets/video_classification_videos/h264-vp9-150s/trans-150s/Game/VanossGaming/VanossGaming2/VanossGaming(1248).webm,Game
1809,/mnt/hbnas/datasets/video_classification_videos/h264-vp9-150s/trans-150s/Game/VanossGaming/VanossGaming2/VanossGaming(1097).webm,Game
1810,/mnt/hbnas/datasets/video_classification_videos/h264-vp9-150s/trans-150s/Game/VanossGaming/VanossGaming2/VanossGaming(1537).webm,Music
1811,/mnt/hbnas/datasets/video_classification_videos/h264-vp9-150s/trans-150s/Game/VanossGaming/VanossGaming2/VanossGaming(925).webm,News
1812,/mnt/hbnas/datasets/video_classification_videos/h264-vp9-150s/trans-150s/Game/VanossGaming/VanossGaming2/VanossGaming(1672).webm,Game
1813,/mnt/hbnas/datasets/video_classification_videos/h264-vp9-150s/trans-150s/Game/VanossGaming/VanossGaming2/VanossGaming(1730).webm,Game
1814,/mnt/hbnas/datasets/video_classification_videos/h264-vp9-150s/trans-150s/Game/VanossGaming/VanossGaming2/VanossGaming(1229).webm,Game
1815,/mnt/hbnas/datasets/video_classification_videos/h264-vp9-150s/trans-150s/Game/VanossGaming/VanossGaming2/VanossGaming(1455).webm,Music
1816,/mnt/hbnas/datasets/video_classification_videos/h264-vp9-150s/trans-150s/Game/VanossGaming/VanossGaming1/VanossGaming(582).webm,News
1817,/mnt/hbnas/datasets/video_classification_videos/h264-vp9-150s/trans-150s/Game/VanossGaming/VanossGaming1/VanossGaming(14).webm,Food
1818,/mnt/hbnas/datasets/video_classification_videos/h264-vp9-150s/trans-150s/Game/VanossGaming/VanossGaming1/VanossGaming(331).webm,Music
1819,/mnt/hbnas/datasets/video_classification_videos/h264-vp9-150s/trans-150s/Game/VanossGaming/VanossGaming1/VanossGaming(745).webm,Music
1820,/mnt/hbnas/datasets/video_classification_videos/h264-vp9-150s/trans-150s/Game/VanossGaming/VanossGaming1/VanossGaming(286).webm,Game
1821,/mnt/hbnas/datasets/video_classification_videos/h264-vp9-150s/trans-150s/Game/VanossGaming/VanossGaming1/VanossGaming(141).webm,Music
1822,/mnt/hbnas/datasets/video_classification_videos/h264-vp9-150s/trans-150s/Game/VanossGaming/VanossGaming1/VanossGaming(419).webm,Game
1823,/mnt/hbnas/datasets/video_classification_videos/h264-vp9-150s/trans-150s/Game/VanossGaming/VanossGaming1/VanossGaming(301).webm,Game
1824,/mnt/hbnas/datasets/video_classification_videos/h264-vp9-150s/trans-150s/Game/VanossGaming/VanossGaming1/VanossGaming(415).webm,Music
1825,/mnt/hbnas/datasets/video_classification_videos/h264-vp9-150s/trans-150s/Game/VanossGaming/VanossGaming1/VanossGaming(100).webm,Music
1826,/mnt/hbnas/datasets/video_classification_videos/h264-vp9-150s/trans-150s/Game/VanossGaming/VanossGaming1/VanossGaming(697).webm,Game
1827,/mnt/hbnas/datasets/video_classification_videos/h264-vp9-150s/trans-150s/Game/VanossGaming/VanossGaming1/VanossGaming(466).webm,Music
1828,/mnt/hbnas/datasets/video_classification_videos/h264-vp9-150s/trans-150s/Game/VanossGaming/VanossGaming1/VanossGaming(239).webm,Game
1829,/mnt/hbnas/datasets/video_classification_videos/h264-vp9-150s/trans-150s/Game/VanossGaming/VanossGaming1/VanossGaming(668).webm,Food
1830,/mnt/hbnas/datasets/video_classification_videos/h264-vp9-150s/trans-150s/Game/VanossGaming/VanossGaming1/VanossGaming(556).webm,Game
1831,/mnt/hbnas/datasets/video_classification_videos/h264-vp9-150s/trans-150s/Game/VanossGaming/VanossGaming1/VanossGaming(29).webm,Game
1832,/mnt/hbnas/datasets/video_classification_videos/h264-vp9-150s/trans-150s/Game/VanossGaming/VanossGaming1/VanossGaming(742).webm,Game
1833,/mnt/hbnas/datasets/video_classification_videos/h264-vp9-150s/trans-150s/Game/VanossGaming/VanossGaming1/VanossGaming(710).webm,Game
1834,/mnt/hbnas/datasets/video_classification_videos/h264-vp9-150s/trans-150s/Game/VanossGaming/VanossGaming1/VanossGaming(798).webm,Food
1835,/mnt/hbnas/datasets/video_classification_videos/h264-vp9-150s/trans-150s/Game/VanossGaming/VanossGaming1/VanossGaming(421).webm,Music
1836,/mnt/hbnas/datasets/video_classification_videos/h264-vp9-150s/trans-150s/Game/VanossGaming/VanossGaming1/VanossGaming(215).webm,Game
1837,/mnt/hbnas/datasets/video_classification_videos/h264-vp9-150s/trans-150s/Game/VanossGaming/VanossGaming1/VanossGaming(224).webm,News
1838,/mnt/hbnas/datasets/video_classification_videos/h264-vp9-150s/trans-150s/Game/VanossGaming/VanossGaming1/VanossGaming(627).webm,Food
1839,/mnt/hbnas/datasets/video_classification_videos/h264-vp9-150s/trans-150s/Game/VanossGaming/VanossGaming1/VanossGaming(615).webm,Game
1840,/mnt/hbnas/datasets/video_classification_videos/h264-vp9-150s/trans-150s/Game/VanossGaming/VanossGaming1/VanossGaming(816).webm,Game
1841,/mnt/hbnas/datasets/video_classification_videos/h264-vp9-150s/trans-150s/Game/VanossGaming/VanossGaming1/VanossGaming(747).webm,Music
1842,/mnt/hbnas/datasets/video_classification_videos/h264-vp9-150s/trans-150s/Game/VanossGaming/VanossGaming1/VanossGaming(399).webm,Game
1843,/mnt/hbnas/datasets/video_classification_videos/h264-vp9-150s/trans-150s/Game/VanossGaming/VanossGaming1/VanossGaming(481).webm,Food
1844,/mnt/hbnas/datasets/video_classification_videos/h264-vp9-150s/trans-150s/Game/VanossGaming/VanossGaming1/VanossGaming(243).webm,Music
1845,/mnt/hbnas/datasets/video_classification_videos/h264-vp9-150s/trans-150s/Game/VanossGaming/VanossGaming1/VanossGaming(809).webm,Game
1846,/mnt/hbnas/datasets/video_classification_videos/h264-vp9-150s/trans-150s/Game/VanossGaming/VanossGaming1/VanossGaming(490).webm,Game
1847,/mnt/hbnas/datasets/video_classification_videos/h264-vp9-150s/trans-150s/Game/VanossGaming/VanossGaming1/VanossGaming(154).webm,Music
1848,/mnt/hbnas/datasets/video_classification_videos/h264-vp9-150s/trans-150s/Game/VanossGaming/VanossGaming1/VanossGaming(367).webm,Game
1849,/mnt/hbnas/datasets/video_classification_videos/h264-vp9-150s/trans-150s/Game/VanossGaming/VanossGaming1/VanossGaming(660).webm,Game
1850,/mnt/hbnas/datasets/video_classification_videos/h264-vp9-150s/trans-150s/Game/VanossGaming/VanossGaming1/VanossGaming(377).webm,Game
1851,/mnt/hbnas/datasets/video_classification_videos/h264-vp9-150s/trans-150s/Game/VanossGaming/VanossGaming1/VanossGaming(760).webm,News
1852,/mnt/hbnas/datasets/video_classification_videos/h264-vp9-150s/trans-150s/Game/VanossGaming/VanossGaming1/VanossGaming(172).webm,Game
1853,/mnt/hbnas/datasets/video_classification_videos/h264-vp9-150s/trans-150s/Game/VanossGaming/VanossGaming1/VanossGaming(114).webm,Game
1854,/mnt/hbnas/datasets/video_classification_videos/h264-vp9-150s/trans-150s/Game/VanossGaming/VanossGaming1/VanossGaming(82).webm,Game
1855,/mnt/hbnas/datasets/video_classification_videos/h264-vp9-150s/trans-150s/Game/VanossGaming/VanossGaming1/VanossGaming(426).webm,Game
1856,/mnt/hbnas/datasets/video_classification_videos/h264-vp9-150s/trans-150s/Game/VanossGaming/VanossGaming1/VanossGaming(586).webm,News
1857,/mnt/hbnas/datasets/video_classification_videos/h264-vp9-150s/trans-150s/Game/VanossGaming/VanossGaming1/VanossGaming(143).webm,Technology
1858,/mnt/hbnas/datasets/video_classification_videos/h264-vp9-150s/trans-150s/Game/VanossGaming/VanossGaming1/VanossGaming(803).webm,Food
1859,/mnt/hbnas/datasets/video_classification_videos/h264-vp9-150s/trans-150s/Game/VanossGaming/VanossGaming1/VanossGaming(523).webm,Music
1860,/mnt/hbnas/datasets/video_classification_videos/h264-vp9-150s/trans-150s/Game/VanossGaming/VanossGaming1/VanossGaming(206).webm,Food
1861,/mnt/hbnas/datasets/video_classification_videos/h264-vp9-150s/trans-150s/Game/VanossGaming/VanossGaming1/VanossGaming(667).webm,Game
1862,/mnt/hbnas/datasets/video_classification_videos/h264-vp9-150s/trans-150s/Game/VanossGaming/VanossGaming1/VanossGaming(584).webm,Food
1863,/mnt/hbnas/datasets/video_classification_videos/h264-vp9-150s/trans-150s/Game/VanossGaming/VanossGaming1/VanossGaming(140).webm,Music
1864,/mnt/hbnas/datasets/video_classification_videos/h264-vp9-150s/trans-150s/Game/VanossGaming/VanossGaming1/VanossGaming(759).webm,Game
1865,/mnt/hbnas/datasets/video_classification_videos/h264-vp9-150s/trans-150s/Game/VanossGaming/VanossGaming1/VanossGaming(822).webm,News
1866,/mnt/hbnas/datasets/video_classification_videos/h264-vp9-150s/trans-150s/Game/VanossGaming/VanossGaming1/VanossGaming(396).webm,News
1867,/mnt/hbnas/datasets/video_classification_videos/h264-vp9-150s/trans-150s/Game/VanossGaming/VanossGaming1/VanossGaming(400).webm,Music
1868,/mnt/hbnas/datasets/video_classification_videos/h264-vp9-150s/trans-150s/Game/VanossGaming/VanossGaming1/VanossGaming(186).webm,Game
1869,/mnt/hbnas/datasets/video_classification_videos/h264-vp9-150s/trans-150s/Game/VanossGaming/VanossGaming1/VanossGaming(44).webm,Food
1870,/mnt/hbnas/datasets/video_classification_videos/h264-vp9-150s/trans-150s/Game/TheJWittz/TheJWittz(303).webm,Music
1871,/mnt/hbnas/datasets/video_classification_videos/h264-vp9-150s/trans-150s/Game/TheJWittz/TheJWittz(83).webm,Game
1872,/mnt/hbnas/datasets/video_classification_videos/h264-vp9-150s/trans-150s/Game/TheJWittz/TheJWittz(518).webm,Music
1873,/mnt/hbnas/datasets/video_classification_videos/h264-vp9-150s/trans-150s/Game/TheJWittz/TheJWittz(497).webm,Game
1874,/mnt/hbnas/datasets/video_classification_videos/h264-vp9-150s/trans-150s/Game/TheJWittz/TheJWittz(155).webm,News
1875,/mnt/hbnas/datasets/video_classification_videos/h264-vp9-150s/trans-150s/Game/TheJWittz/TheJWittz(119).webm,Game
1876,/mnt/hbnas/datasets/video_classification_videos/h264-vp9-150s/trans-150s/Game/TheJWittz/TheJWittz(374).webm,Game
1877,/mnt/hbnas/datasets/video_classification_videos/h264-vp9-150s/trans-150s/Game/TheJWittz/TheJWittz(569).webm,Game
1878,/mnt/hbnas/datasets/video_classification_videos/h264-vp9-150s/trans-150s/Game/TheJWittz/TheJWittz(548).webm,Food
1879,/mnt/hbnas/datasets/video_classification_videos/h264-vp9-150s/trans-150s/Game/TheJWittz/TheJWittz(205).webm,Music
1880,/mnt/hbnas/datasets/video_classification_videos/h264-vp9-150s/trans-150s/Game/TheJWittz/TheJWittz(578).webm,Music
1881,/mnt/hbnas/datasets/video_classification_videos/h264-vp9-150s/trans-150s/Game/TheJWittz/TheJWittz(416).webm,Food
1882,/mnt/hbnas/datasets/video_classification_videos/h264-vp9-150s/trans-150s/Game/TheJWittz/TheJWittz(422).webm,Game
1883,/mnt/hbnas/datasets/video_classification_videos/h264-vp9-150s/trans-150s/Game/TheJWittz/TheJWittz(37).webm,Game
1884,/mnt/hbnas/datasets/video_classification_videos/h264-vp9-150s/trans-150s/Game/TheJWittz/TheJWittz(371).webm,News
1885,/mnt/hbnas/datasets/video_classification_videos/h264-vp9-150s/trans-150s/Game/TheJWittz/TheJWittz(673).webm,News
1886,/mnt/hbnas/datasets/video_classification_videos/h264-vp9-150s/trans-150s/Game/TheJWittz/TheJWittz(526).webm,Food
1887,/mnt/hbnas/datasets/video_classification_videos/h264-vp9-150s/trans-150s/Game/TheJWittz/TheJWittz(660).webm,Music
1888,/mnt/hbnas/datasets/video_classification_videos/h264-vp9-150s/trans-150s/Game/TheJWittz/TheJWittz(653).webm,Game
1889,/mnt/hbnas/datasets/video_classification_videos/h264-vp9-150s/trans-150s/Game/TheJWittz/TheJWittz(185).webm,News
1890,/mnt/hbnas/datasets/video_classification_videos/h264-vp9-150s/trans-150s/Game/TheJWittz/TheJWittz(140).webm,Game
1891,/mnt/hbnas/datasets/video_classification_videos/h264-vp9-150s/trans-150s/Game/TheJWittz/TheJWittz(127).webm,Game
1892,/mnt/hbnas/datasets/video_classification_videos/h264-vp9-150s/trans-150s/Game/TheJWittz/TheJWittz(595).webm,Music
1893,/mnt/hbnas/datasets/video_classification_videos/h264-vp9-150s/trans-150s/Game/TheJWittz/TheJWittz(199).webm,Game
1894,/mnt/hbnas/datasets/video_classification_videos/h264-vp9-150s/trans-150s/Game/TheJWittz/TheJWittz(90).webm,News
1895,/mnt/hbnas/datasets/video_classification_videos/h264-vp9-150s/trans-150s/Game/TheJWittz/TheJWittz(568).webm,Game
1896,/mnt/hbnas/datasets/video_classification_videos/h264-vp9-150s/trans-150s/Game/TheJWittz/TheJWittz(300).webm,News
1897,/mnt/hbnas/datasets/video_classification_videos/h264-vp9-150s/trans-150s/Game/TheJWittz/TheJWittz(105).webm,Music
1898,/mnt/hbnas/datasets/video_classification_videos/h264-vp9-150s/trans-150s/Game/TheJWittz/TheJWittz(189).webm,Food
1899,/mnt/hbnas/datasets/video_classification_videos/h264-vp9-150s/trans-150s/Game/Game_LOL/gameLOL(564).webm,News
1900,/mnt/hbnas/datasets/video_classification_videos/h264-vp9-150s/trans-150s/Game/Game_LOL/gameLOL(787).webm,Music
1901,/mnt/hbnas/datasets/video_classification_videos/h264-vp9-150s/trans-150s/Game/Game_LOL/gameLOL(770).webm,Music
1902,/mnt/hbnas/datasets/video_classification_videos/h264-vp9-150s/trans-150s/Game/Game_LOL/gameLOL(743).webm,News
1903,/mnt/hbnas/datasets/video_classification_videos/h264-vp9-150s/trans-150s/Game/Game_LOL/gameLOL(442).webm,News
1904,/mnt/hbnas/datasets/video_classification_videos/h264-vp9-150s/trans-150s/Game/Game_LOL/gameLOL(851).webm,News
1905,/mnt/hbnas/datasets/video_classification_videos/h264-vp9-150s/trans-150s/Game/Game_LOL/gameLOL(740).webm,Game
1906,/mnt/hbnas/datasets/video_classification_videos/h264-vp9-150s/trans-150s/Game/Game_LOL/gameLOL(1107).webm,Game
1907,/mnt/hbnas/datasets/video_classification_videos/h264-vp9-150s/trans-150s/Game/Game_LOL/gameLOL(1113).webm,News
1908,/mnt/hbnas/datasets/video_classification_videos/h264-vp9-150s/trans-150s/Game/Game_LOL/gameLOL(870).webm,Music
1909,/mnt/hbnas/datasets/video_classification_videos/h264-vp9-150s/trans-150s/Game/Game_LOL/gameLOL(401).webm,Game
1910,/mnt/hbnas/datasets/video_classification_videos/h264-vp9-150s/trans-150s/Game/Game_LOL/gameLOL(644).webm,News
1911,/mnt/hbnas/datasets/video_classification_videos/h264-vp9-150s/trans-150s/Game/Game_LOL/gameLOL(1112).webm,News
1912,/mnt/hbnas/datasets/video_classification_videos/h264-vp9-150s/trans-150s/Game/Game_LOL/gameLOL(1041).webm,Game
1913,/mnt/hbnas/datasets/video_classification_videos/h264-vp9-150s/trans-150s/Game/Game_LOL/gameLOL(1050).webm,Game
1914,/mnt/hbnas/datasets/video_classification_videos/h264-vp9-150s/trans-150s/Game/Game_LOL/gameLOL(1161).webm,News
1915,/mnt/hbnas/datasets/video_classification_videos/h264-vp9-150s/trans-150s/Game/Game_LOL/gameLOL(1043).webm,News
1916,/mnt/hbnas/datasets/video_classification_videos/h264-vp9-150s/trans-150s/Game/Game_LOL/gameLOL(658).webm,Music
1917,/mnt/hbnas/datasets/video_classification_videos/h264-vp9-150s/trans-150s/Game/Game_LOL/gameLOL(414).webm,News
1918,/mnt/hbnas/datasets/video_classification_videos/h264-vp9-150s/trans-150s/Game/Game_LOL/gameLOL(1077).webm,Movie
1919,/mnt/hbnas/datasets/video_classification_videos/h264-vp9-150s/trans-150s/Game/Game_LOL/gameLOL(671).webm,News
1920,/mnt/hbnas/datasets/video_classification_videos/h264-vp9-150s/trans-150s/Game/Game_LOL/gameLOL(370).webm,Movie
1921,/mnt/hbnas/datasets/video_classification_videos/h264-vp9-150s/trans-150s/Game/Game_LOL/gameLOL(810).webm,Game
1922,/mnt/hbnas/datasets/video_classification_videos/h264-vp9-150s/trans-150s/Game/Game_LOL/gameLOL(759).webm,Music
1923,/mnt/hbnas/datasets/video_classification_videos/h264-vp9-150s/trans-150s/Game/FGTeev/fgteev(784).webm,News
1924,/mnt/hbnas/datasets/video_classification_videos/h264-vp9-150s/trans-150s/Game/FGTeev/fgteev(874).webm,Game
1925,/mnt/hbnas/datasets/video_classification_videos/h264-vp9-150s/trans-150s/Game/FGTeev/fgteev(726).webm,News
1926,/mnt/hbnas/datasets/video_classification_videos/h264-vp9-150s/trans-150s/Game/FGTeev/fgteev(490).webm,Game
1927,/mnt/hbnas/datasets/video_classification_videos/h264-vp9-150s/trans-150s/Game/FGTeev/fgteev(661).webm,Game
1928,/mnt/hbnas/datasets/video_classification_videos/h264-vp9-150s/trans-150s/Game/FGTeev/fgteev(758).webm,Game
1929,/mnt/hbnas/datasets/video_classification_videos/h264-vp9-150s/trans-150s/Game/FGTeev/fgteev(1148).webm,News
1930,/mnt/hbnas/datasets/video_classification_videos/h264-vp9-150s/trans-150s/Game/FGTeev/fgteev(994).webm,Game
1931,/mnt/hbnas/datasets/video_classification_videos/h264-vp9-150s/trans-150s/Game/FGTeev/fgteev(1356).webm,News
1932,/mnt/hbnas/datasets/video_classification_videos/h264-vp9-150s/trans-150s/Game/FGTeev/fgteev(865).webm,Food
1933,/mnt/hbnas/datasets/video_classification_videos/h264-vp9-150s/trans-150s/Game/FGTeev/fgteev(1086).webm,Game
1934,/mnt/hbnas/datasets/video_classification_videos/h264-vp9-150s/trans-150s/Game/FGTeev/fgteev(888).webm,Game
1935,/mnt/hbnas/datasets/video_classification_videos/h264-vp9-150s/trans-150s/Game/FGTeev/fgteev(264).webm,News
1936,/mnt/hbnas/datasets/video_classification_videos/h264-vp9-150s/trans-150s/Game/FGTeev/fgteev(637).webm,Game
1937,/mnt/hbnas/datasets/video_classification_videos/h264-vp9-150s/trans-150s/Game/FGTeev/fgteev(428).webm,News
1938,/mnt/hbnas/datasets/video_classification_videos/h264-vp9-150s/trans-150s/Game/FGTeev/fgteev(485).webm,News
1939,/mnt/hbnas/datasets/video_classification_videos/h264-vp9-150s/trans-150s/Game/FGTeev/fgteev(1031).webm,Food
1940,/mnt/hbnas/datasets/video_classification_videos/h264-vp9-150s/trans-150s/Game/FGTeev/fgteev(77).webm,Game
1941,/mnt/hbnas/datasets/video_classification_videos/h264-vp9-150s/trans-150s/Game/FGTeev/fgteev(263).webm,Game
1942,/mnt/hbnas/datasets/video_classification_videos/h264-vp9-150s/trans-150s/Game/FGTeev/fgteev(370).webm,Game
1943,/mnt/hbnas/datasets/video_classification_videos/h264-vp9-150s/trans-150s/Game/FGTeev/fgteev(1063).webm,Game
1944,/mnt/hbnas/datasets/video_classification_videos/h264-vp9-150s/trans-150s/Game/FGTeev/fgteev(380).webm,Food
1945,/mnt/hbnas/datasets/video_classification_videos/h264-vp9-150s/trans-150s/Game/FGTeev/fgteev(516).webm,Game
1946,/mnt/hbnas/datasets/video_classification_videos/h264-vp9-150s/trans-150s/Game/FGTeev/fgteev(346).webm,Game
1947,/mnt/hbnas/datasets/video_classification_videos/h264-vp9-150s/trans-150s/Game/FGTeev/fgteev(1181).webm,Food
1948,/mnt/hbnas/datasets/video_classification_videos/h264-vp9-150s/trans-150s/Game/FGTeev/fgteev(521).webm,Game
1949,/mnt/hbnas/datasets/video_classification_videos/h264-vp9-150s/trans-150s/Game/FGTeev/fgteev(1291).webm,News
1950,/mnt/hbnas/datasets/video_classification_videos/h264-vp9-150s/trans-150s/Game/FGTeev/fgteev(755).webm,News
1951,/mnt/hbnas/datasets/video_classification_videos/h264-vp9-150s/trans-150s/Game/FGTeev/fgteev(351).webm,Music
1952,/mnt/hbnas/datasets/video_classification_videos/h264-vp9-150s/trans-150s/Game/FGTeev/fgteev(125).webm,News
1953,/mnt/hbnas/datasets/video_classification_videos/h264-vp9-150s/trans-150s/Game/FGTeev/fgteev(1425).webm,News
1954,/mnt/hbnas/datasets/video_classification_videos/h264-vp9-150s/trans-150s/Game/FGTeev/fgteev(734).webm,News
1955,/mnt/hbnas/datasets/video_classification_videos/h264-vp9-150s/trans-150s/Game/FGTeev/fgteev(291).webm,News
1956,/mnt/hbnas/datasets/video_classification_videos/h264-vp9-150s/trans-150s/Game/FGTeev/fgteev(614).webm,Game
1957,/mnt/hbnas/datasets/video_classification_videos/h264-vp9-150s/trans-150s/Game/FGTeev/fgteev(178).webm,News
1958,/mnt/hbnas/datasets/video_classification_videos/h264-vp9-150s/trans-150s/Game/FGTeev/fgteev(644).webm,News
1959,/mnt/hbnas/datasets/video_classification_videos/h264-vp9-150s/trans-150s/Game/FGTeev/fgteev(283).webm,Game
1960,/mnt/hbnas/datasets/video_classification_videos/h264-vp9-150s/trans-150s/Game/FGTeev/fgteev(1021).webm,News
1961,/mnt/hbnas/datasets/video_classification_videos/h264-vp9-150s/trans-150s/Game/FGTeev/fgteev(1247).webm,News
1962,/mnt/hbnas/datasets/video_classification_videos/h264-vp9-150s/trans-150s/Game/FGTeev/fgteev(546).webm,Game
1963,/mnt/hbnas/datasets/video_classification_videos/h264-vp9-150s/trans-150s/Game/FGTeev/fgteev(1119).webm,Game
1964,/mnt/hbnas/datasets/video_classification_videos/h264-vp9-150s/trans-150s/Game/FGTeev/fgteev(528).webm,Game
1965,/mnt/hbnas/datasets/video_classification_videos/h264-vp9-150s/trans-150s/Game/FGTeev/fgteev(242).webm,Game
1966,/mnt/hbnas/datasets/video_classification_videos/h264-vp9-150s/trans-150s/Game/FGTeev/fgteev(91).webm,News
1967,/mnt/hbnas/datasets/video_classification_videos/h264-vp9-150s/trans-150s/Game/FGTeev/fgteev(343).webm,Game
1968,/mnt/hbnas/datasets/video_classification_videos/h264-vp9-150s/trans-150s/Game/FGTeev/fgteev(1238).webm,Music
1969,/mnt/hbnas/datasets/video_classification_videos/h264-vp9-150s/trans-150s/Game/FGTeev/fgteev(305).webm,Game
1970,/mnt/hbnas/datasets/video_classification_videos/h264-vp9-150s/trans-150s/Game/FGTeev/fgteev(412).webm,News
1971,/mnt/hbnas/datasets/video_classification_videos/h264-vp9-150s/trans-150s/Game/FGTeev/fgteev(131).webm,News
1972,/mnt/hbnas/datasets/video_classification_videos/h264-vp9-150s/trans-150s/Game/FGTeev/fgteev(1090).webm,Game
1973,/mnt/hbnas/datasets/video_classification_videos/h264-vp9-150s/trans-150s/Game/FGTeev/fgteev(611).webm,News
1974,/mnt/hbnas/datasets/video_classification_videos/h264-vp9-150s/trans-150s/Game/FGTeev/fgteev(690).webm,News
1975,/mnt/hbnas/datasets/video_classification_videos/h264-vp9-150s/trans-150s/Game/FGTeev/fgteev(46).webm,Game
1976,/mnt/hbnas/datasets/video_classification_videos/h264-vp9-150s/trans-150s/Game/FGTeev/fgteev(1168).webm,Game
1977,/mnt/hbnas/datasets/video_classification_videos/h264-vp9-150s/trans-150s/Game/FGTeev/fgteev(1303).webm,News
1978,/mnt/hbnas/datasets/video_classification_videos/h264-vp9-150s/trans-150s/Game/FGTeev/fgteev(1062).webm,Music
1979,/mnt/hbnas/datasets/video_classification_videos/h264-vp9-150s/trans-150s/Game/FGTeev/fgteev(1012).webm,Music
1980,/mnt/hbnas/datasets/video_classification_videos/h264-vp9-150s/trans-150s/Game/FGTeev/fgteev(1205).webm,Food
1981,/mnt/hbnas/datasets/video_classification_videos/h264-vp9-150s/trans-150s/Game/FGTeev/fgteev(1296).webm,Food
1982,/mnt/hbnas/datasets/video_classification_videos/h264-vp9-150s/trans-150s/Game/FGTeev/fgteev(1259).webm,Game
1983,/mnt/hbnas/datasets/video_classification_videos/h264-vp9-150s/trans-150s/Game/FGTeev/fgteev(993).webm,News
1984,/mnt/hbnas/datasets/video_classification_videos/h264-vp9-150s/trans-150s/Game/FGTeev/fgteev(619).webm,News
1985,/mnt/hbnas/datasets/video_classification_videos/h264-vp9-150s/trans-150s/Game/FGTeev/fgteev(338).webm,Game
1986,/mnt/hbnas/datasets/video_classification_videos/h264-vp9-150s/trans-150s/Game/FGTeev/fgteev(1050).webm,Game
1987,/mnt/hbnas/datasets/video_classification_videos/h264-vp9-150s/trans-150s/Game/FGTeev/fgteev(400).webm,Game
1988,/mnt/hbnas/datasets/video_classification_videos/h264-vp9-150s/trans-150s/Game/FGTeev/fgteev(36).webm,Game
1989,/mnt/hbnas/datasets/video_classification_videos/h264-vp9-150s/trans-150s/Game/FGTeev/fgteev(699).webm,Game
1990,/mnt/hbnas/datasets/video_classification_videos/h264-vp9-150s/trans-150s/Game/FGTeev/fgteev(243).webm,News
1991,/mnt/hbnas/datasets/video_classification_videos/h264-vp9-150s/trans-150s/Game/FGTeev/fgteev(841).webm,News
1992,/mnt/hbnas/datasets/video_classification_videos/h264-vp9-150s/trans-150s/Game/FGTeev/fgteev(214).webm,Game
1993,/mnt/hbnas/datasets/video_classification_videos/h264-vp9-150s/trans-150s/Game/FGTeev/fgteev(352).webm,Sports
1994,/mnt/hbnas/datasets/video_classification_videos/h264-vp9-150s/trans-150s/Game/FGTeev/fgteev(629).webm,Game
1995,/mnt/hbnas/datasets/video_classification_videos/h264-vp9-150s/trans-150s/Game/FGTeev/fgteev(110).webm,Game
1996,/mnt/hbnas/datasets/video_classification_videos/h264-vp9-150s/trans-150s/Game/FGTeev/fgteev(770).webm,Game
1997,/mnt/hbnas/datasets/video_classification_videos/h264-vp9-150s/trans-150s/Game/FGTeev/fgteev(922).webm,Game
1998,/mnt/hbnas/datasets/video_classification_videos/h264-vp9-150s/trans-150s/Game/FGTeev/fgteev(966).webm,News
1999,/mnt/hbnas/datasets/video_classification_videos/h264-vp9-150s/trans-150s/Game/FGTeev/fgteev(1254).webm,Game
2000,/mnt/hbnas/datasets/video_classification_videos/h264-vp9-150s/trans-150s/Knowledge/5minutecrafts/5minutecrafts(170).webm,News
2001,/mnt/hbnas/datasets/video_classification_videos/h264-vp9-150s/trans-150s/Knowledge/5minutecrafts/5minutecrafts(188).webm,News
2002,/mnt/hbnas/datasets/video_classification_videos/h264-vp9-150s/trans-150s/Knowledge/5minutecrafts/5minutecrafts(324).webm,News
2003,/mnt/hbnas/datasets/video_classification_videos/h264-vp9-150s/trans-150s/Knowledge/5minutecrafts/5minutecrafts(466).webm,News
2004,/mnt/hbnas/datasets/video_classification_videos/h264-vp9-150s/trans-150s/Knowledge/5minutecrafts/5minutecrafts(195).webm,Game
2005,/mnt/hbnas/datasets/video_classification_videos/h264-vp9-150s/trans-150s/Knowledge/5minutecrafts/5minutecrafts(236).webm,News
2006,/mnt/hbnas/datasets/video_classification_videos/h264-vp9-150s/trans-150s/Knowledge/5minutecrafts/5minutecrafts(58).webm,Game
2007,/mnt/hbnas/datasets/video_classification_videos/h264-vp9-150s/trans-150s/Knowledge/5minutecrafts/5minutecrafts(298).webm,News
2008,/mnt/hbnas/datasets/video_classification_videos/h264-vp9-150s/trans-150s/Knowledge/5minutecrafts/5minutecrafts(155).webm,News
2009,/mnt/hbnas/datasets/video_classification_videos/h264-vp9-150s/trans-150s/Knowledge/5minutecrafts/5minutecrafts(254).webm,Game
2010,/mnt/hbnas/datasets/video_classification_videos/h264-vp9-150s/trans-150s/Knowledge/5minutecrafts/5minutecrafts(107).webm,Game
2011,/mnt/hbnas/datasets/video_classification_videos/h264-vp9-150s/trans-150s/Knowledge/5minutecrafts/5minutecrafts(166).webm,News
2012,/mnt/hbnas/datasets/video_classification_videos/h264-vp9-150s/trans-150s/Knowledge/5minutecrafts/5minutecrafts(192).webm,News
2013,/mnt/hbnas/datasets/video_classification_videos/h264-vp9-150s/trans-150s/Knowledge/5minutecrafts/5minutecrafts(543).webm,News
2014,/mnt/hbnas/datasets/video_classification_videos/h264-vp9-150s/trans-150s/Knowledge/5minutecrafts/5minutecrafts(15).webm,News
2015,/mnt/hbnas/datasets/video_classification_videos/h264-vp9-150s/trans-150s/Knowledge/5minutecrafts/5minutecrafts(360).webm,News
2016,/mnt/hbnas/datasets/video_classification_videos/h264-vp9-150s/trans-150s/Knowledge/5minutecrafts/5minutecrafts(379).webm,News
2017,/mnt/hbnas/datasets/video_classification_videos/h264-vp9-150s/trans-150s/Knowledge/5minutecrafts/5minutecrafts(16).webm,News
2018,/mnt/hbnas/datasets/video_classification_videos/h264-vp9-150s/trans-150s/Knowledge/5minutecrafts/5minutecrafts(438).webm,News
2019,/mnt/hbnas/datasets/video_classification_videos/h264-vp9-150s/trans-150s/Knowledge/5minutecrafts/5minutecrafts(91).webm,Game
2020,/mnt/hbnas/datasets/video_classification_videos/h264-vp9-150s/trans-150s/Knowledge/5minutecrafts/5minutecrafts(351).webm,News
2021,/mnt/hbnas/datasets/video_classification_videos/h264-vp9-150s/trans-150s/Knowledge/5minutecrafts/5minutecrafts(72).webm,Game
2022,/mnt/hbnas/datasets/video_classification_videos/h264-vp9-150s/trans-150s/Knowledge/5minutecrafts/5minutecrafts(548).webm,News
2023,/mnt/hbnas/datasets/video_classification_videos/h264-vp9-150s/trans-150s/Knowledge/5minutecrafts/5minutecrafts(327).webm,News
2024,/mnt/hbnas/datasets/video_classification_videos/h264-vp9-150s/trans-150s/Knowledge/5minutecrafts/5minutecrafts(424).webm,News
2025,/mnt/hbnas/datasets/video_classification_videos/h264-vp9-150s/trans-150s/Knowledge/5minutecrafts/5minutecrafts(336).webm,News
2026,/mnt/hbnas/datasets/video_classification_videos/h264-vp9-150s/trans-150s/Knowledge/5minutecrafts/5minutecrafts(345).webm,News
2027,/mnt/hbnas/datasets/video_classification_videos/h264-vp9-150s/trans-150s/Knowledge/5minutecrafts/5minutecrafts(326).webm,Game
2028,/mnt/hbnas/datasets/video_classification_videos/h264-vp9-150s/trans-150s/Knowledge/5minutecrafts/5minutecrafts(147).webm,Game
2029,/mnt/hbnas/datasets/video_classification_videos/h264-vp9-150s/trans-150s/Knowledge/5minutecrafts/5minutecrafts(349).webm,News
2030,/mnt/hbnas/datasets/video_classification_videos/h264-vp9-150s/trans-150s/Knowledge/5minutecrafts/5minutecrafts(222).webm,Game
2031,/mnt/hbnas/datasets/video_classification_videos/h264-vp9-150s/trans-150s/Knowledge/5minutecrafts/5minutecrafts(435).webm,Food
2032,/mnt/hbnas/datasets/video_classification_videos/h264-vp9-150s/trans-150s/Knowledge/5minutecrafts/5minutecrafts(249).webm,Game
2033,/mnt/hbnas/datasets/video_classification_videos/h264-vp9-150s/trans-150s/Knowledge/5minutecrafts/5minutecrafts(338).webm,News
2034,/mnt/hbnas/datasets/video_classification_videos/h264-vp9-150s/trans-150s/Knowledge/5minutecrafts/5minutecrafts(171).webm,News
2035,/mnt/hbnas/datasets/video_classification_videos/h264-vp9-150s/trans-150s/Knowledge/5minutecrafts/5minutecrafts(398).webm,News
2036,/mnt/hbnas/datasets/video_classification_videos/h264-vp9-150s/trans-150s/Knowledge/5minutecrafts/5minutecrafts(21).webm,Game
2037,/mnt/hbnas/datasets/video_classification_videos/h264-vp9-150s/trans-150s/Knowledge/5minutecrafts/5minutecrafts(303).webm,Game
2038,/mnt/hbnas/datasets/video_classification_videos/h264-vp9-150s/trans-150s/Knowledge/5minutecrafts/5minutecrafts(304).webm,News
2039,/mnt/hbnas/datasets/video_classification_videos/h264-vp9-150s/trans-150s/Knowledge/5minutecrafts/5minutecrafts(325).webm,News
2040,/mnt/hbnas/datasets/video_classification_videos/h264-vp9-150s/trans-150s/Knowledge/5minutecrafts/5minutecrafts(12).webm,News
2041,/mnt/hbnas/datasets/video_classification_videos/h264-vp9-150s/trans-150s/Knowledge/5minutecrafts/5minutecrafts(182).webm,News
2042,/mnt/hbnas/datasets/video_classification_videos/h264-vp9-150s/trans-150s/Knowledge/5minutecrafts/5minutecrafts(52).webm,Game
2043,/mnt/hbnas/datasets/video_classification_videos/h264-vp9-150s/trans-150s/Knowledge/5minutecrafts/5minutecrafts(280).webm,Food
2044,/mnt/hbnas/datasets/video_classification_videos/h264-vp9-150s/trans-150s/Knowledge/5minutecrafts/5minutecrafts(148).webm,News
2045,/mnt/hbnas/datasets/video_classification_videos/h264-vp9-150s/trans-150s/Knowledge/5minutecrafts/5minutecrafts(467).webm,News
2046,/mnt/hbnas/datasets/video_classification_videos/h264-vp9-150s/trans-150s/Knowledge/5minutecrafts/5minutecrafts(458).webm,Food
2047,/mnt/hbnas/datasets/video_classification_videos/h264-vp9-150s/trans-150s/Knowledge/5minutecrafts/5minutecrafts(77).webm,News
2048,/mnt/hbnas/datasets/video_classification_videos/h264-vp9-150s/trans-150s/Knowledge/5minutecrafts/5minutecrafts(159).webm,Game
2049,/mnt/hbnas/datasets/video_classification_videos/h264-vp9-150s/trans-150s/Knowledge/5minutecrafts/5minutecrafts(187).webm,News
2050,/mnt/hbnas/datasets/video_classification_videos/h264-vp9-150s/trans-150s/Knowledge/5minutecrafts/5minutecrafts(332).webm,News
2051,/mnt/hbnas/datasets/video_classification_videos/h264-vp9-150s/trans-150s/Knowledge/5minutecrafts/5minutecrafts(369).webm,News
2052,/mnt/hbnas/datasets/video_classification_videos/h264-vp9-150s/trans-150s/Knowledge/5minutecrafts/5minutecrafts(186).webm,Game
2053,/mnt/hbnas/datasets/video_classification_videos/h264-vp9-150s/trans-150s/Knowledge/5minutecrafts/5minutecrafts(151).webm,Food
2054,/mnt/hbnas/datasets/video_classification_videos/h264-vp9-150s/trans-150s/Knowledge/5minutecrafts/5minutecrafts(361).webm,News
2055,/mnt/hbnas/datasets/video_classification_videos/h264-vp9-150s/trans-150s/Knowledge/5minutecrafts/5minutecrafts(158).webm,News
2056,/mnt/hbnas/datasets/video_classification_videos/h264-vp9-150s/trans-150s/Knowledge/5minutecrafts/5minutecrafts(174).webm,Game
2057,/mnt/hbnas/datasets/video_classification_videos/h264-vp9-150s/trans-150s/Knowledge/5minutecrafts/5minutecrafts(68).webm,News
2058,/mnt/hbnas/datasets/video_classification_videos/h264-vp9-150s/trans-150s/Knowledge/5minutecrafts/5minutecrafts(384).webm,Food
2059,/mnt/hbnas/datasets/video_classification_videos/h264-vp9-150s/trans-150s/Knowledge/5minutecrafts/5minutecrafts(98).webm,News
2060,/mnt/hbnas/datasets/video_classification_videos/h264-vp9-150s/trans-150s/Knowledge/5minutecrafts/5minutecrafts(17).webm,News
2061,/mnt/hbnas/datasets/video_classification_videos/h264-vp9-150s/trans-150s/Knowledge/5minutecrafts/5minutecrafts(362).webm,News
2062,/mnt/hbnas/datasets/video_classification_videos/h264-vp9-150s/trans-150s/Knowledge/5minutecrafts/5minutecrafts(387).webm,Game
2063,/mnt/hbnas/datasets/video_classification_videos/h264-vp9-150s/trans-150s/Knowledge/5minutecrafts/5minutecrafts(204).webm,Game
2064,/mnt/hbnas/datasets/video_classification_videos/h264-vp9-150s/trans-150s/Knowledge/5minutecrafts/5minutecrafts(253).webm,News
2065,/mnt/hbnas/datasets/video_classification_videos/h264-vp9-150s/trans-150s/Knowledge/5minutecrafts/5minutecrafts(344).webm,News
2066,/mnt/hbnas/datasets/video_classification_videos/h264-vp9-150s/trans-150s/Knowledge/5minutecrafts/5minutecrafts(419).webm,Food
2067,/mnt/hbnas/datasets/video_classification_videos/h264-vp9-150s/trans-150s/Knowledge/5minutecrafts/5minutecrafts(310).webm,Game
2068,/mnt/hbnas/datasets/video_classification_videos/h264-vp9-150s/trans-150s/Knowledge/5minutecrafts/5minutecrafts(454).webm,News
2069,/mnt/hbnas/datasets/video_classification_videos/h264-vp9-150s/trans-150s/Knowledge/5minutecrafts/5minutecrafts(46).webm,Food
2070,/mnt/hbnas/datasets/video_classification_videos/h264-vp9-150s/trans-150s/Knowledge/5minutecrafts/5minutecrafts(451).webm,News
2071,/mnt/hbnas/datasets/video_classification_videos/h264-vp9-150s/trans-150s/Knowledge/5minutecrafts/5minutecrafts(457).webm,Game
2072,/mnt/hbnas/datasets/video_classification_videos/h264-vp9-150s/trans-150s/Knowledge/5minutecrafts/5minutecrafts(163).webm,Food
2073,/mnt/hbnas/datasets/video_classification_videos/h264-vp9-150s/trans-150s/Knowledge/5minutecrafts/5minutecrafts(287).webm,Game
2074,/mnt/hbnas/datasets/video_classification_videos/h264-vp9-150s/trans-150s/Knowledge/5minutecrafts/5minutecrafts(371).webm,News
2075,/mnt/hbnas/datasets/video_classification_videos/h264-vp9-150s/trans-150s/Knowledge/5minutecrafts/5minutecrafts(177).webm,Food
2076,/mnt/hbnas/datasets/video_classification_videos/h264-vp9-150s/trans-150s/Knowledge/5minutecrafts/5minutecrafts(447).webm,News
2077,/mnt/hbnas/datasets/video_classification_videos/h264-vp9-150s/trans-150s/Knowledge/5minutecrafts/5minutecrafts(229).webm,Game
2078,/mnt/hbnas/datasets/video_classification_videos/h264-vp9-150s/trans-150s/Knowledge/5minutecrafts/5minutecrafts(134).webm,Game
2079,/mnt/hbnas/datasets/video_classification_videos/h264-vp9-150s/trans-150s/Knowledge/5minutecrafts/5minutecrafts(92).webm,News
2080,/mnt/hbnas/datasets/video_classification_videos/h264-vp9-150s/trans-150s/Knowledge/5minutecrafts/5minutecrafts(237).webm,News
2081,/mnt/hbnas/datasets/video_classification_videos/h264-vp9-150s/trans-150s/Knowledge/5minutecrafts/5minutecrafts(273).webm,Game
2082,/mnt/hbnas/datasets/video_classification_videos/h264-vp9-150s/trans-150s/Knowledge/5minutecrafts/5minutecrafts(185).webm,News
2083,/mnt/hbnas/datasets/video_classification_videos/h264-vp9-150s/trans-150s/Knowledge/5minutecrafts/5minutecrafts(172).webm,Game
2084,/mnt/hbnas/datasets/video_classification_videos/h264-vp9-150s/trans-150s/Knowledge/5minutecrafts/5minutecrafts(118).webm,Game
2085,/mnt/hbnas/datasets/video_classification_videos/h264-vp9-150s/trans-150s/Knowledge/5minutecrafts/5minutecrafts(389).webm,News
2086,/mnt/hbnas/datasets/video_classification_videos/h264-vp9-150s/trans-150s/Knowledge/5minutecrafts/5minutecrafts(114).webm,News
2087,/mnt/hbnas/datasets/video_classification_videos/h264-vp9-150s/trans-150s/Knowledge/5minutecrafts/5minutecrafts(292).webm,News
2088,/mnt/hbnas/datasets/video_classification_videos/h264-vp9-150s/trans-150s/Knowledge/5minutecrafts/5minutecrafts(101).webm,News
2089,/mnt/hbnas/datasets/video_classification_videos/h264-vp9-150s/trans-150s/Knowledge/5minutecrafts/5minutecrafts(82).webm,News
2090,/mnt/hbnas/datasets/video_classification_videos/h264-vp9-150s/trans-150s/Knowledge/5minutecrafts/5minutecrafts(4).webm,News
2091,/mnt/hbnas/datasets/video_classification_videos/h264-vp9-150s/trans-150s/Knowledge/5minutecrafts/5minutecrafts(375).webm,News
2092,/mnt/hbnas/datasets/video_classification_videos/h264-vp9-150s/trans-150s/Knowledge/5minutecrafts/5minutecrafts(403).webm,News
2093,/mnt/hbnas/datasets/video_classification_videos/h264-vp9-150s/trans-150s/Knowledge/5minutecrafts/5minutecrafts(23).webm,Game
2094,/mnt/hbnas/datasets/video_classification_videos/h264-vp9-150s/trans-150s/Knowledge/5minutecrafts/5minutecrafts(415).webm,Food
2095,/mnt/hbnas/datasets/video_classification_videos/h264-vp9-150s/trans-150s/Knowledge/5minutecrafts/5minutecrafts(75).webm,News
2096,/mnt/hbnas/datasets/video_classification_videos/h264-vp9-150s/trans-150s/Knowledge/5minutecrafts/5minutecrafts(439).webm,News
2097,/mnt/hbnas/datasets/video_classification_videos/h264-vp9-150s/trans-150s/Knowledge/5minutecrafts/5minutecrafts(88).webm,News
2098,/mnt/hbnas/datasets/video_classification_videos/h264-vp9-150s/trans-150s/Knowledge/5minutecrafts/5minutecrafts(124).webm,News
2099,/mnt/hbnas/datasets/video_classification_videos/h264-vp9-150s/trans-150s/Knowledge/5minutecrafts/5minutecrafts(334).webm,News
2100,/mnt/hbnas/datasets/video_classification_videos/h264-vp9-150s/trans-150s/Knowledge/5minutecrafts/5minutecrafts(358).webm,News
2101,/mnt/hbnas/datasets/video_classification_videos/h264-vp9-150s/trans-150s/Knowledge/5minutecrafts/5minutecrafts(295).webm,News
2102,/mnt/hbnas/datasets/video_classification_videos/h264-vp9-150s/trans-150s/Knowledge/5minutecrafts/5minutecrafts(67).webm,News
2103,/mnt/hbnas/datasets/video_classification_videos/h264-vp9-150s/trans-150s/Knowledge/5minutecrafts/5minutecrafts(99).webm,News
2104,/mnt/hbnas/datasets/video_classification_videos/h264-vp9-150s/trans-150s/Knowledge/5minutecrafts/5minutecrafts(30).webm,Game
2105,/mnt/hbnas/datasets/video_classification_videos/h264-vp9-150s/trans-150s/Knowledge/5minutecrafts/5minutecrafts(312).webm,News
2106,/mnt/hbnas/datasets/video_classification_videos/h264-vp9-150s/trans-150s/Knowledge/5minutecrafts/5minutecrafts(219).webm,News
2107,/mnt/hbnas/datasets/video_classification_videos/h264-vp9-150s/trans-150s/Knowledge/5minutecrafts/5minutecrafts(376).webm,News
2108,/mnt/hbnas/datasets/video_classification_videos/h264-vp9-150s/trans-150s/Knowledge/5minutecrafts/5minutecrafts(71).webm,News
2109,/mnt/hbnas/datasets/video_classification_videos/h264-vp9-150s/trans-150s/Knowledge/5minutecrafts/5minutecrafts(393).webm,News
2110,/mnt/hbnas/datasets/video_classification_videos/h264-vp9-150s/trans-150s/Knowledge/5minutecrafts/5minutecrafts(278).webm,News
2111,/mnt/hbnas/datasets/video_classification_videos/h264-vp9-150s/trans-150s/Knowledge/5minutecrafts/5minutecrafts(164).webm,News
2112,/mnt/hbnas/datasets/video_classification_videos/h264-vp9-150s/trans-150s/Knowledge/5minutecrafts/5minutecrafts(37).webm,News
2113,/mnt/hbnas/datasets/video_classification_videos/h264-vp9-150s/trans-150s/Knowledge/5minutecrafts/5minutecrafts(197).webm,News
2114,/mnt/hbnas/datasets/video_classification_videos/h264-vp9-150s/trans-150s/Knowledge/5minutecrafts/5minutecrafts(144).webm,Game
2115,/mnt/hbnas/datasets/video_classification_videos/h264-vp9-150s/trans-150s/Knowledge/5minutecrafts/5minutecrafts(468).webm,Game
2116,/mnt/hbnas/datasets/video_classification_videos/h264-vp9-150s/trans-150s/Knowledge/5minutecrafts/5minutecrafts(79).webm,Food
2117,/mnt/hbnas/datasets/video_classification_videos/h264-vp9-150s/trans-150s/Knowledge/5minutecrafts/5minutecrafts(65).webm,News
2118,/mnt/hbnas/datasets/video_classification_videos/h264-vp9-150s/trans-150s/Knowledge/5minutecrafts/5minutecrafts(20).webm,Food
2119,/mnt/hbnas/datasets/video_classification_videos/h264-vp9-150s/trans-150s/Knowledge/5minutecrafts/5minutecrafts(26).webm,Game
2120,/mnt/hbnas/datasets/video_classification_videos/h264-vp9-150s/trans-150s/Knowledge/5minutecrafts/5minutecrafts(83).webm,News
2121,/mnt/hbnas/datasets/video_classification_videos/h264-vp9-150s/trans-150s/Knowledge/5minutecrafts/5minutecrafts(432).webm,Game
2122,/mnt/hbnas/datasets/video_classification_videos/h264-vp9-150s/trans-150s/Knowledge/5minutecrafts/5minutecrafts(257).webm,News
2123,/mnt/hbnas/datasets/video_classification_videos/h264-vp9-150s/trans-150s/Knowledge/5minutecrafts/5minutecrafts(190).webm,Game
2124,/mnt/hbnas/datasets/video_classification_videos/h264-vp9-150s/trans-150s/Knowledge/5minutecrafts/5minutecrafts(184).webm,News
2125,/mnt/hbnas/datasets/video_classification_videos/h264-vp9-150s/trans-150s/Knowledge/5minutecrafts/5minutecrafts(122).webm,News
2126,/mnt/hbnas/datasets/video_classification_videos/h264-vp9-150s/trans-150s/Knowledge/5minutecrafts/5minutecrafts(176).webm,Food
2127,/mnt/hbnas/datasets/video_classification_videos/h264-vp9-150s/trans-150s/Knowledge/5minutecrafts/5minutecrafts(251).webm,News
2128,/mnt/hbnas/datasets/video_classification_videos/h264-vp9-150s/trans-150s/Knowledge/5minutecrafts/5minutecrafts(434).webm,News
2129,/mnt/hbnas/datasets/video_classification_videos/h264-vp9-150s/trans-150s/Knowledge/5minutecrafts/5minutecrafts(385).webm,News
2130,/mnt/hbnas/datasets/video_classification_videos/h264-vp9-150s/trans-150s/Knowledge/5minutecrafts/5minutecrafts(109).webm,News
2131,/mnt/hbnas/datasets/video_classification_videos/h264-vp9-150s/trans-150s/Knowledge/5minutecrafts/5minutecrafts(234).webm,News
2132,/mnt/hbnas/datasets/video_classification_videos/h264-vp9-150s/trans-150s/Knowledge/5minutecrafts/5minutecrafts(96).webm,News
2133,/mnt/hbnas/datasets/video_classification_videos/h264-vp9-150s/trans-150s/Knowledge/5minutecrafts/5minutecrafts(49).webm,News
2134,/mnt/hbnas/datasets/video_classification_videos/h264-vp9-150s/trans-150s/Knowledge/5minutecrafts/5minutecrafts(429).webm,News
2135,/mnt/hbnas/datasets/video_classification_videos/h264-vp9-150s/trans-150s/Knowledge/5minutecrafts/5minutecrafts(368).webm,Game
2136,/mnt/hbnas/datasets/video_classification_videos/h264-vp9-150s/trans-150s/Knowledge/5minutecrafts/5minutecrafts(244).webm,Food
2137,/mnt/hbnas/datasets/video_classification_videos/h264-vp9-150s/trans-150s/Knowledge/5minutecrafts/5minutecrafts(381).webm,News
2138,/mnt/hbnas/datasets/video_classification_videos/h264-vp9-150s/trans-150s/Knowledge/5minutecrafts/5minutecrafts(300).webm,Game
2139,/mnt/hbnas/datasets/video_classification_videos/h264-vp9-150s/trans-150s/Knowledge/5minutecrafts/5minutecrafts(404).webm,Game
2140,/mnt/hbnas/datasets/video_classification_videos/h264-vp9-150s/trans-150s/Knowledge/5minutecrafts/5minutecrafts(461).webm,Music
2141,/mnt/hbnas/datasets/video_classification_videos/h264-vp9-150s/trans-150s/Knowledge/5minutecrafts/5minutecrafts(464).webm,Food
2142,/mnt/hbnas/datasets/video_classification_videos/h264-vp9-150s/trans-150s/Knowledge/5minutecrafts/5minutecrafts(169).webm,News
2143,/mnt/hbnas/datasets/video_classification_videos/h264-vp9-150s/trans-150s/Knowledge/5minutecrafts/5minutecrafts(277).webm,News
2144,/mnt/hbnas/datasets/video_classification_videos/h264-vp9-150s/trans-150s/Knowledge/5minutecrafts/5minutecrafts(316).webm,News
2145,/mnt/hbnas/datasets/video_classification_videos/h264-vp9-150s/trans-150s/Knowledge/5minutecrafts/5minutecrafts(73).webm,News
2146,/mnt/hbnas/datasets/video_classification_videos/h264-vp9-150s/trans-150s/Knowledge/5minutecrafts/5minutecrafts(445).webm,News
2147,/mnt/hbnas/datasets/video_classification_videos/h264-vp9-150s/trans-150s/Knowledge/5minutecrafts/5minutecrafts(302).webm,News
2148,/mnt/hbnas/datasets/video_classification_videos/h264-vp9-150s/trans-150s/Knowledge/5minutecrafts/5minutecrafts(209).webm,Food
2149,/mnt/hbnas/datasets/video_classification_videos/h264-vp9-150s/trans-150s/Knowledge/5minutecrafts/5minutecrafts(137).webm,News
2150,/mnt/hbnas/datasets/video_classification_videos/h264-vp9-150s/trans-150s/Knowledge/5minutecrafts/5minutecrafts(152).webm,News
2151,/mnt/hbnas/datasets/video_classification_videos/h264-vp9-150s/trans-150s/Knowledge/5minutecrafts/5minutecrafts(322).webm,News
2152,/mnt/hbnas/datasets/video_classification_videos/h264-vp9-150s/trans-150s/Knowledge/5minutecrafts/5minutecrafts(392).webm,News
2153,/mnt/hbnas/datasets/video_classification_videos/h264-vp9-150s/trans-150s/Knowledge/5minutecrafts/5minutecrafts(167).webm,News
2154,/mnt/hbnas/datasets/video_classification_videos/h264-vp9-150s/trans-150s/Knowledge/5minutecrafts/5minutecrafts(44).webm,News
2155,/mnt/hbnas/datasets/video_classification_videos/h264-vp9-150s/trans-150s/Knowledge/5minutecrafts/5minutecrafts(221).webm,News
2156,/mnt/hbnas/datasets/video_classification_videos/h264-vp9-150s/trans-150s/Knowledge/5minutecrafts/5minutecrafts(135).webm,News
2157,/mnt/hbnas/datasets/video_classification_videos/h264-vp9-150s/trans-150s/Knowledge/5minutecrafts/5minutecrafts(259).webm,Game
2158,/mnt/hbnas/datasets/video_classification_videos/h264-vp9-150s/trans-150s/Knowledge/5minutecrafts/5minutecrafts(318).webm,News
2159,/mnt/hbnas/datasets/video_classification_videos/h264-vp9-150s/trans-150s/Knowledge/5minutecrafts/5minutecrafts(311).webm,Game
2160,/mnt/hbnas/datasets/video_classification_videos/h264-vp9-150s/trans-150s/Knowledge/5minutecrafts/5minutecrafts(448).webm,Game
2161,/mnt/hbnas/datasets/video_classification_videos/h264-vp9-150s/trans-150s/Knowledge/5minutecrafts/5minutecrafts(397).webm,Game
2162,/mnt/hbnas/datasets/video_classification_videos/h264-vp9-150s/trans-150s/Knowledge/5minutecrafts/5minutecrafts(168).webm,News
2163,/mnt/hbnas/datasets/video_classification_videos/h264-vp9-150s/trans-150s/Knowledge/5minutecrafts/5minutecrafts(227).webm,News
2164,/mnt/hbnas/datasets/video_classification_videos/h264-vp9-150s/trans-150s/Knowledge/5minutecrafts/5minutecrafts(110).webm,News
2165,/mnt/hbnas/datasets/video_classification_videos/h264-vp9-150s/trans-150s/Knowledge/5minutecrafts/5minutecrafts(6).webm,News
2166,/mnt/hbnas/datasets/video_classification_videos/h264-vp9-150s/trans-150s/Knowledge/5minutecrafts/5minutecrafts(383).webm,News
2167,/mnt/hbnas/datasets/video_classification_videos/h264-vp9-150s/trans-150s/Knowledge/5minutecrafts/5minutecrafts(203).webm,Food
2168,/mnt/hbnas/datasets/video_classification_videos/h264-vp9-150s/trans-150s/Knowledge/5minutecrafts/5minutecrafts(87).webm,News
2169,/mnt/hbnas/datasets/video_classification_videos/h264-vp9-150s/trans-150s/Knowledge/5minutecrafts/5minutecrafts(128).webm,News
2170,/mnt/hbnas/datasets/video_classification_videos/h264-vp9-150s/trans-150s/Knowledge/5minutecrafts/5minutecrafts(43).webm,Game
2171,/mnt/hbnas/datasets/video_classification_videos/h264-vp9-150s/trans-150s/Knowledge/5minutecrafts/5minutecrafts(132).webm,News
2172,/mnt/hbnas/datasets/video_classification_videos/h264-vp9-150s/trans-150s/Knowledge/5minutecrafts/5minutecrafts(422).webm,News
2173,/mnt/hbnas/datasets/video_classification_videos/h264-vp9-150s/trans-150s/Knowledge/5minutecrafts/5minutecrafts(378).webm,Food
2174,/mnt/hbnas/datasets/video_classification_videos/h264-vp9-150s/trans-150s/Knowledge/5minutecrafts/5minutecrafts(377).webm,Game
2175,/mnt/hbnas/datasets/video_classification_videos/h264-vp9-150s/trans-150s/Knowledge/5minutecrafts/5minutecrafts(178).webm,News
2176,/mnt/hbnas/datasets/video_classification_videos/h264-vp9-150s/trans-150s/Knowledge/5minutecrafts/5minutecrafts(268).webm,News
2177,/mnt/hbnas/datasets/video_classification_videos/h264-vp9-150s/trans-150s/Knowledge/5minutecrafts/5minutecrafts(442).webm,News
2178,/mnt/hbnas/datasets/video_classification_videos/h264-vp9-150s/trans-150s/Knowledge/5minutecrafts/5minutecrafts(242).webm,Game
2179,/mnt/hbnas/datasets/video_classification_videos/h264-vp9-150s/trans-150s/Knowledge/5minutecrafts/5minutecrafts(213).webm,Food
2180,/mnt/hbnas/datasets/video_classification_videos/h264-vp9-150s/trans-150s/Knowledge/5minutecrafts/5minutecrafts(421).webm,Game
2181,/mnt/hbnas/datasets/video_classification_videos/h264-vp9-150s/trans-150s/Knowledge/5minutecrafts/5minutecrafts(410).webm,Game
2182,/mnt/hbnas/datasets/video_classification_videos/h264-vp9-150s/trans-150s/Knowledge/5minutecrafts/5minutecrafts(145).webm,News
2183,/mnt/hbnas/datasets/video_classification_videos/h264-vp9-150s/trans-150s/Knowledge/5minutecrafts/5minutecrafts(319).webm,News
2184,/mnt/hbnas/datasets/video_classification_videos/h264-vp9-150s/trans-150s/Knowledge/5minutecrafts/5minutecrafts(233).webm,News
2185,/mnt/hbnas/datasets/video_classification_videos/h264-vp9-150s/trans-150s/Knowledge/5minutecrafts/5minutecrafts(271).webm,News
2186,/mnt/hbnas/datasets/video_classification_videos/h264-vp9-150s/trans-150s/Knowledge/5minutecrafts/5minutecrafts(41).webm,Food
2187,/mnt/hbnas/datasets/video_classification_videos/h264-vp9-150s/trans-150s/Knowledge/5minutecrafts/5minutecrafts(418).webm,News
2188,/mnt/hbnas/datasets/video_classification_videos/h264-vp9-150s/trans-150s/Knowledge/5minutecrafts/5minutecrafts(265).webm,News
2189,/mnt/hbnas/datasets/video_classification_videos/h264-vp9-150s/trans-150s/Knowledge/5minutecrafts/5minutecrafts(261).webm,News
2190,/mnt/hbnas/datasets/video_classification_videos/h264-vp9-150s/trans-150s/Knowledge/5minutecrafts/5minutecrafts(139).webm,News
2191,/mnt/hbnas/datasets/video_classification_videos/h264-vp9-150s/trans-150s/Knowledge/5minutecrafts/5minutecrafts(343).webm,Game
2192,/mnt/hbnas/datasets/video_classification_videos/h264-vp9-150s/trans-150s/Knowledge/5minutecrafts/5minutecrafts(54).webm,Food
2193,/mnt/hbnas/datasets/video_classification_videos/h264-vp9-150s/trans-150s/Knowledge/5minutecrafts/5minutecrafts(400).webm,News
2194,/mnt/hbnas/datasets/video_classification_videos/h264-vp9-150s/trans-150s/Knowledge/5minutecrafts/5minutecrafts(61).webm,News
2195,/mnt/hbnas/datasets/video_classification_videos/h264-vp9-150s/trans-150s/Knowledge/5minutecrafts/5minutecrafts(428).webm,Food
2196,/mnt/hbnas/datasets/video_classification_videos/h264-vp9-150s/trans-150s/Knowledge/5minutecrafts/5minutecrafts(307).webm,News
2197,/mnt/hbnas/datasets/video_classification_videos/h264-vp9-150s/trans-150s/Knowledge/5minutecrafts/5minutecrafts(9).webm,Food
2198,/mnt/hbnas/datasets/video_classification_videos/h264-vp9-150s/trans-150s/Knowledge/5minutecrafts/5minutecrafts(333).webm,News
2199,/mnt/hbnas/datasets/video_classification_videos/h264-vp9-150s/trans-150s/Knowledge/5minutecrafts/5minutecrafts(116).webm,News
2200,/mnt/hbnas/datasets/video_classification_videos/h264-vp9-150s/trans-150s/Knowledge/5minutecrafts/5minutecrafts(544).webm,News
2201,/mnt/hbnas/datasets/video_classification_videos/h264-vp9-150s/trans-150s/Knowledge/5minutecrafts/5minutecrafts(241).webm,Game
2202,/mnt/hbnas/datasets/video_classification_videos/h264-vp9-150s/trans-150s/Knowledge/5minutecrafts/5minutecrafts(270).webm,News
2203,/mnt/hbnas/datasets/video_classification_videos/h264-vp9-150s/trans-150s/Knowledge/5minutecrafts/5minutecrafts(267).webm,News
2204,/mnt/hbnas/datasets/video_classification_videos/h264-vp9-150s/trans-150s/Knowledge/5minutecrafts/5minutecrafts(239).webm,News
2205,/mnt/hbnas/datasets/video_classification_videos/h264-vp9-150s/trans-150s/Knowledge/5minutecrafts/5minutecrafts(297).webm,News
2206,/mnt/hbnas/datasets/video_classification_videos/h264-vp9-150s/trans-150s/Knowledge/5minutecrafts/5minutecrafts(320).webm,Game
2207,/mnt/hbnas/datasets/video_classification_videos/h264-vp9-150s/trans-150s/Knowledge/5minutecrafts/5minutecrafts(452).webm,News
2208,/mnt/hbnas/datasets/video_classification_videos/h264-vp9-150s/trans-150s/Knowledge/5minutecrafts/5minutecrafts(382).webm,News
2209,/mnt/hbnas/datasets/video_classification_videos/h264-vp9-150s/trans-150s/Knowledge/5minutecrafts/5minutecrafts(32).webm,News
2210,/mnt/hbnas/datasets/video_classification_videos/h264-vp9-150s/trans-150s/Knowledge/5minutecrafts/5minutecrafts(194).webm,Game
2211,/mnt/hbnas/datasets/video_classification_videos/h264-vp9-150s/trans-150s/Knowledge/5minutecrafts/5minutecrafts(105).webm,Game
2212,/mnt/hbnas/datasets/video_classification_videos/h264-vp9-150s/trans-150s/Knowledge/5minutecrafts/5minutecrafts(289).webm,News
2213,/mnt/hbnas/datasets/video_classification_videos/h264-vp9-150s/trans-150s/Knowledge/5minutecrafts/5minutecrafts(256).webm,News
2214,/mnt/hbnas/datasets/video_classification_videos/h264-vp9-150s/trans-150s/Knowledge/5minutecrafts/5minutecrafts(198).webm,Food
2215,/mnt/hbnas/datasets/video_classification_videos/h264-vp9-150s/trans-150s/Knowledge/5minutecrafts/5minutecrafts(35).webm,Food
2216,/mnt/hbnas/datasets/video_classification_videos/h264-vp9-150s/trans-150s/Knowledge/5minutecrafts/5minutecrafts(40).webm,News
2217,/mnt/hbnas/datasets/video_classification_videos/h264-vp9-150s/trans-150s/Knowledge/5minutecrafts/5minutecrafts(179).webm,News
2218,/mnt/hbnas/datasets/video_classification_videos/h264-vp9-150s/trans-150s/Knowledge/5minutecrafts/5minutecrafts(10).webm,News
2219,/mnt/hbnas/datasets/video_classification_videos/h264-vp9-150s/trans-150s/Knowledge/5minutecrafts/5minutecrafts(274).webm,Food
2220,/mnt/hbnas/datasets/video_classification_videos/h264-vp9-150s/trans-150s/Knowledge/5minutecrafts/5minutecrafts(460).webm,News
2221,/mnt/hbnas/datasets/video_classification_videos/h264-vp9-150s/trans-150s/Knowledge/5minutecrafts/5minutecrafts(33).webm,Game
2222,/mnt/hbnas/datasets/video_classification_videos/h264-vp9-150s/trans-150s/Knowledge/5minutecrafts/5minutecrafts(299).webm,Game
2223,/mnt/hbnas/datasets/video_classification_videos/h264-vp9-150s/trans-150s/Knowledge/5minutecrafts/5minutecrafts(359).webm,News
2224,/mnt/hbnas/datasets/video_classification_videos/h264-vp9-150s/trans-150s/Knowledge/5minutecrafts/5minutecrafts(217).webm,Game
2225,/mnt/hbnas/datasets/video_classification_videos/h264-vp9-150s/trans-150s/Knowledge/5minutecrafts/5minutecrafts(266).webm,Game
2226,/mnt/hbnas/datasets/video_classification_videos/h264-vp9-150s/trans-150s/Knowledge/5minutecrafts/5minutecrafts(354).webm,News
2227,/mnt/hbnas/datasets/video_classification_videos/h264-vp9-150s/trans-150s/Knowledge/5minutecrafts/5minutecrafts(290).webm,Game
2228,/mnt/hbnas/datasets/video_classification_videos/h264-vp9-150s/trans-150s/Knowledge/5minutecrafts/5minutecrafts(406).webm,Game
2229,/mnt/hbnas/datasets/video_classification_videos/h264-vp9-150s/trans-150s/Knowledge/5minutecrafts/5minutecrafts(285).webm,News
2230,/mnt/hbnas/datasets/video_classification_videos/h264-vp9-150s/trans-150s/Knowledge/5minutecrafts/5minutecrafts(81).webm,News
2231,/mnt/hbnas/datasets/video_classification_videos/h264-vp9-150s/trans-150s/Knowledge/5minutecrafts/5minutecrafts(157).webm,News
2232,/mnt/hbnas/datasets/video_classification_videos/h264-vp9-150s/trans-150s/Knowledge/5minutecrafts/5minutecrafts(323).webm,News
2233,/mnt/hbnas/datasets/video_classification_videos/h264-vp9-150s/trans-150s/Knowledge/5minutecrafts/5minutecrafts(154).webm,Game
2234,/mnt/hbnas/datasets/video_classification_videos/h264-vp9-150s/trans-150s/Knowledge/5minutecrafts/5minutecrafts(175).webm,News
2235,/mnt/hbnas/datasets/video_classification_videos/h264-vp9-150s/trans-150s/Knowledge/5minutecrafts/5minutecrafts(94).webm,News
2236,/mnt/hbnas/datasets/video_classification_videos/h264-vp9-150s/trans-150s/Knowledge/5minutecrafts/5minutecrafts(373).webm,News
2237,/mnt/hbnas/datasets/video_classification_videos/h264-vp9-150s/trans-150s/Knowledge/5minutecrafts/5minutecrafts(231).webm,News
2238,/mnt/hbnas/datasets/video_classification_videos/h264-vp9-150s/trans-150s/Knowledge/5minutecrafts/5minutecrafts(112).webm,News
2239,/mnt/hbnas/datasets/video_classification_videos/h264-vp9-150s/trans-150s/Knowledge/5minutecrafts/5minutecrafts(14).webm,News
2240,/mnt/hbnas/datasets/video_classification_videos/h264-vp9-150s/trans-150s/Knowledge/5minutecrafts/5minutecrafts(420).webm,Game
2241,/mnt/hbnas/datasets/video_classification_videos/h264-vp9-150s/trans-150s/Knowledge/5minutecrafts/5minutecrafts(97).webm,News
2242,/mnt/hbnas/datasets/video_classification_videos/h264-vp9-150s/trans-150s/Knowledge/5minutecrafts/5minutecrafts(106).webm,News
2243,/mnt/hbnas/datasets/video_classification_videos/h264-vp9-150s/trans-150s/Knowledge/5minutecrafts/5minutecrafts(199).webm,News
2244,/mnt/hbnas/datasets/video_classification_videos/h264-vp9-150s/trans-150s/Knowledge/5minutecrafts/5minutecrafts(246).webm,News
2245,/mnt/hbnas/datasets/video_classification_videos/h264-vp9-150s/trans-150s/Knowledge/5minutecrafts/5minutecrafts(328).webm,Food
2246,/mnt/hbnas/datasets/video_classification_videos/h264-vp9-150s/trans-150s/Knowledge/5minutecrafts/5minutecrafts(366).webm,News
2247,/mnt/hbnas/datasets/video_classification_videos/h264-vp9-150s/trans-150s/Knowledge/5minutecrafts/5minutecrafts(546).webm,News
2248,/mnt/hbnas/datasets/video_classification_videos/h264-vp9-150s/trans-150s/Knowledge/5minutecrafts/5minutecrafts(413).webm,News
2249,/mnt/hbnas/datasets/video_classification_videos/h264-vp9-150s/trans-150s/Knowledge/5minutecrafts/5minutecrafts(180).webm,News
2250,/mnt/hbnas/datasets/video_classification_videos/h264-vp9-150s/trans-150s/Knowledge/5minutecrafts/5minutecrafts(129).webm,News
2251,/mnt/hbnas/datasets/video_classification_videos/h264-vp9-150s/trans-150s/Knowledge/5minutecrafts/5minutecrafts(146).webm,News
2252,/mnt/hbnas/datasets/video_classification_videos/h264-vp9-150s/trans-150s/Knowledge/5minutecrafts/5minutecrafts(115).webm,News
2253,/mnt/hbnas/datasets/video_classification_videos/h264-vp9-150s/trans-150s/Knowledge/5minutecrafts/5minutecrafts(74).webm,News
2254,/mnt/hbnas/datasets/video_classification_videos/h264-vp9-150s/trans-150s/Knowledge/5minutecrafts/5minutecrafts(341).webm,News
2255,/mnt/hbnas/datasets/video_classification_videos/h264-vp9-150s/trans-150s/Knowledge/5minutecrafts/5minutecrafts(5).webm,News
2256,/mnt/hbnas/datasets/video_classification_videos/h264-vp9-150s/trans-150s/Knowledge/5minutecrafts/5minutecrafts(547).webm,News
2257,/mnt/hbnas/datasets/video_classification_videos/h264-vp9-150s/trans-150s/Knowledge/5minutecrafts/5minutecrafts(553).webm,News
2258,/mnt/hbnas/datasets/video_classification_videos/h264-vp9-150s/trans-150s/Knowledge/5minutecrafts/5minutecrafts(62).webm,News
2259,/mnt/hbnas/datasets/video_classification_videos/h264-vp9-150s/trans-150s/Knowledge/5minutecrafts/5minutecrafts(22).webm,News
2260,/mnt/hbnas/datasets/video_classification_videos/h264-vp9-150s/trans-150s/Knowledge/5minutecrafts/5minutecrafts(346).webm,News
2261,/mnt/hbnas/datasets/video_classification_videos/h264-vp9-150s/trans-150s/Knowledge/5minutecrafts/5minutecrafts(111).webm,News
2262,/mnt/hbnas/datasets/video_classification_videos/h264-vp9-150s/trans-150s/Knowledge/5minutecrafts/5minutecrafts(426).webm,News
2263,/mnt/hbnas/datasets/video_classification_videos/h264-vp9-150s/trans-150s/Knowledge/5minutecrafts/5minutecrafts(463).webm,News
2264,/mnt/hbnas/datasets/video_classification_videos/h264-vp9-150s/trans-150s/Knowledge/5minutecrafts/5minutecrafts(86).webm,News
2265,/mnt/hbnas/datasets/video_classification_videos/h264-vp9-150s/trans-150s/Knowledge/5minutecrafts/5minutecrafts(294).webm,News
2266,/mnt/hbnas/datasets/video_classification_videos/h264-vp9-150s/trans-150s/Knowledge/5minutecrafts/5minutecrafts(317).webm,Food
2267,/mnt/hbnas/datasets/video_classification_videos/h264-vp9-150s/trans-150s/Knowledge/5minutecrafts/5minutecrafts(321).webm,News
2268,/mnt/hbnas/datasets/video_classification_videos/h264-vp9-150s/trans-150s/Knowledge/5minutecrafts/5minutecrafts(258).webm,Game
2269,/mnt/hbnas/datasets/video_classification_videos/h264-vp9-150s/trans-150s/Knowledge/5minutecrafts/5minutecrafts(18).webm,Food
2270,/mnt/hbnas/datasets/video_classification_videos/h264-vp9-150s/trans-150s/Knowledge/5minutecrafts/5minutecrafts(31).webm,Game
2271,/mnt/hbnas/datasets/video_classification_videos/h264-vp9-150s/trans-150s/Knowledge/5minutecrafts/5minutecrafts(331).webm,News
2272,/mnt/hbnas/datasets/video_classification_videos/h264-vp9-150s/trans-150s/Knowledge/5minutecrafts/5minutecrafts(288).webm,Game
2273,/mnt/hbnas/datasets/video_classification_videos/h264-vp9-150s/trans-150s/Knowledge/5minutecrafts/5minutecrafts(357).webm,Food
2274,/mnt/hbnas/datasets/video_classification_videos/h264-vp9-150s/trans-150s/Knowledge/5minutecrafts/5minutecrafts(456).webm,Game
2275,/mnt/hbnas/datasets/video_classification_videos/h264-vp9-150s/trans-150s/Knowledge/5minutecrafts/5minutecrafts(140).webm,Game
2276,/mnt/hbnas/datasets/video_classification_videos/h264-vp9-150s/trans-150s/Knowledge/5minutecrafts/5minutecrafts(348).webm,News
2277,/mnt/hbnas/datasets/video_classification_videos/h264-vp9-150s/trans-150s/Knowledge/5minutecrafts/5minutecrafts(455).webm,News
2278,/mnt/hbnas/datasets/video_classification_videos/h264-vp9-150s/trans-150s/Knowledge/5minutecrafts/5minutecrafts(443).webm,News
2279,/mnt/hbnas/datasets/video_classification_videos/h264-vp9-150s/trans-150s/Knowledge/5minutecrafts/5minutecrafts(407).webm,News
2280,/mnt/hbnas/datasets/video_classification_videos/h264-vp9-150s/trans-150s/Knowledge/5minutecrafts/5minutecrafts(211).webm,Game
2281,/mnt/hbnas/datasets/video_classification_videos/h264-vp9-150s/trans-150s/Knowledge/5minutecrafts/5minutecrafts(117).webm,Game
2282,/mnt/hbnas/datasets/video_classification_videos/h264-vp9-150s/trans-150s/Knowledge/5minutecrafts/5minutecrafts(248).webm,News
2283,/mnt/hbnas/datasets/video_classification_videos/h264-vp9-150s/trans-150s/Knowledge/5minutecrafts/5minutecrafts(402).webm,News
2284,/mnt/hbnas/datasets/video_classification_videos/h264-vp9-150s/trans-150s/Knowledge/5minutecrafts/5minutecrafts(342).webm,Game
2285,/mnt/hbnas/datasets/video_classification_videos/h264-vp9-150s/trans-150s/Knowledge/5minutecrafts/5minutecrafts(374).webm,News
2286,/mnt/hbnas/datasets/video_classification_videos/h264-vp9-150s/trans-150s/Knowledge/5minutecrafts/5minutecrafts(417).webm,News
2287,/mnt/hbnas/datasets/video_classification_videos/h264-vp9-150s/trans-150s/Knowledge/5minutecrafts/5minutecrafts(450).webm,News
2288,/mnt/hbnas/datasets/video_classification_videos/h264-vp9-150s/trans-150s/Knowledge/5minutecrafts/5minutecrafts(78).webm,News
2289,/mnt/hbnas/datasets/video_classification_videos/h264-vp9-150s/trans-150s/Knowledge/5minutecrafts/5minutecrafts(56).webm,News
2290,/mnt/hbnas/datasets/video_classification_videos/h264-vp9-150s/trans-150s/Knowledge/5minutecrafts/5minutecrafts(269).webm,News
2291,/mnt/hbnas/datasets/video_classification_videos/h264-vp9-150s/trans-150s/Knowledge/5minutecrafts/5minutecrafts(339).webm,News
2292,/mnt/hbnas/datasets/video_classification_videos/h264-vp9-150s/trans-150s/Knowledge/5minutecrafts/5minutecrafts(36).webm,News
2293,/mnt/hbnas/datasets/video_classification_videos/h264-vp9-150s/trans-150s/Knowledge/5minutecrafts/5minutecrafts(411).webm,News
2294,/mnt/hbnas/datasets/video_classification_videos/h264-vp9-150s/trans-150s/Knowledge/5minutecrafts/5minutecrafts(133).webm,News
2295,/mnt/hbnas/datasets/video_classification_videos/h264-vp9-150s/trans-150s/Knowledge/5minutecrafts/5minutecrafts(220).webm,News
2296,/mnt/hbnas/datasets/video_classification_videos/h264-vp9-150s/trans-150s/Knowledge/5minutecrafts/5minutecrafts(260).webm,News
2297,/mnt/hbnas/datasets/video_classification_videos/h264-vp9-150s/trans-150s/Knowledge/5minutecrafts/5minutecrafts(153).webm,News
2298,/mnt/hbnas/datasets/video_classification_videos/h264-vp9-150s/trans-150s/Knowledge/5minutecrafts/5minutecrafts(308).webm,News
2299,/mnt/hbnas/datasets/video_classification_videos/h264-vp9-150s/trans-150s/Knowledge/5minutecrafts/5minutecrafts(123).webm,Game
2300,/mnt/hbnas/datasets/video_classification_videos/h264-vp9-150s/trans-150s/Knowledge/5minutecrafts/5minutecrafts(131).webm,News
2301,/mnt/hbnas/datasets/video_classification_videos/h264-vp9-150s/trans-150s/Knowledge/5minutecrafts/5minutecrafts(141).webm,Game
2302,/mnt/hbnas/datasets/video_classification_videos/h264-vp9-150s/trans-150s/Knowledge/5minutecrafts/5minutecrafts(206).webm,News
2303,/mnt/hbnas/datasets/video_classification_videos/h264-vp9-150s/trans-150s/Knowledge/5minutecrafts/5minutecrafts(356).webm,News
2304,/mnt/hbnas/datasets/video_classification_videos/h264-vp9-150s/trans-150s/Knowledge/5minutecrafts/5minutecrafts(126).webm,Food
2305,/mnt/hbnas/datasets/video_classification_videos/h264-vp9-150s/trans-150s/Knowledge/5minutecrafts/5minutecrafts(162).webm,News
2306,/mnt/hbnas/datasets/video_classification_videos/h264-vp9-150s/trans-150s/Knowledge/5minutecrafts/5minutecrafts(64).webm,News
2307,/mnt/hbnas/datasets/video_classification_videos/h264-vp9-150s/trans-150s/Knowledge/5minutecrafts/5minutecrafts(446).webm,Game
2308,/mnt/hbnas/datasets/video_classification_videos/h264-vp9-150s/trans-150s/Knowledge/5minutecrafts/5minutecrafts(347).webm,News
2309,/mnt/hbnas/datasets/video_classification_videos/h264-vp9-150s/trans-150s/Knowledge/5minutecrafts/5minutecrafts(208).webm,Game
2310,/mnt/hbnas/datasets/video_classification_videos/h264-vp9-150s/trans-150s/Knowledge/5minutecrafts/5minutecrafts(416).webm,Game
2311,/mnt/hbnas/datasets/video_classification_videos/h264-vp9-150s/trans-150s/Knowledge/5minutecrafts/5minutecrafts(401).webm,News
2312,/mnt/hbnas/datasets/video_classification_videos/h264-vp9-150s/trans-150s/Knowledge/5minutecrafts/5minutecrafts(283).webm,News
2313,/mnt/hbnas/datasets/video_classification_videos/h264-vp9-150s/trans-150s/Knowledge/5minutecrafts/5minutecrafts(552).webm,News
2314,/mnt/hbnas/datasets/video_classification_videos/h264-vp9-150s/trans-150s/Knowledge/5minutecrafts/5minutecrafts(160).webm,Food
2315,/mnt/hbnas/datasets/video_classification_videos/h264-vp9-150s/trans-150s/Knowledge/5minutecrafts/5minutecrafts(453).webm,Food
2316,/mnt/hbnas/datasets/video_classification_videos/h264-vp9-150s/trans-150s/Knowledge/5minutecrafts/5minutecrafts(370).webm,News
2317,/mnt/hbnas/datasets/video_classification_videos/h264-vp9-150s/trans-150s/Knowledge/5minutecrafts/5minutecrafts(8).webm,News
2318,/mnt/hbnas/datasets/video_classification_videos/h264-vp9-150s/trans-150s/Knowledge/5minutecrafts/5minutecrafts(459).webm,News
2319,/mnt/hbnas/datasets/video_classification_videos/h264-vp9-150s/trans-150s/Knowledge/5minutecrafts/5minutecrafts(436).webm,News
2320,/mnt/hbnas/datasets/video_classification_videos/h264-vp9-150s/trans-150s/Knowledge/5minutecrafts/5minutecrafts(296).webm,News
2321,/mnt/hbnas/datasets/video_classification_videos/h264-vp9-150s/trans-150s/Knowledge/5minutecrafts/5minutecrafts(232).webm,Food
2322,/mnt/hbnas/datasets/video_classification_videos/h264-vp9-150s/trans-150s/Knowledge/5minutecrafts/5minutecrafts(252).webm,Food
2323,/mnt/hbnas/datasets/video_classification_videos/h264-vp9-150s/trans-150s/Knowledge/5minutecrafts/5minutecrafts(243).webm,News
2324,/mnt/hbnas/datasets/video_classification_videos/h264-vp9-150s/trans-150s/Knowledge/5minutecrafts/5minutecrafts(353).webm,News
2325,/mnt/hbnas/datasets/video_classification_videos/h264-vp9-150s/trans-150s/Knowledge/5minutecrafts/5minutecrafts(80).webm,Food
2326,/mnt/hbnas/datasets/video_classification_videos/h264-vp9-150s/trans-150s/Knowledge/5minutecrafts/5minutecrafts(390).webm,News
2327,/mnt/hbnas/datasets/video_classification_videos/h264-vp9-150s/trans-150s/Knowledge/5minutecrafts/5minutecrafts(396).webm,News
2328,/mnt/hbnas/datasets/video_classification_videos/h264-vp9-150s/trans-150s/Knowledge/5minutecrafts/5minutecrafts(414).webm,Food
2329,/mnt/hbnas/datasets/video_classification_videos/h264-vp9-150s/trans-150s/Knowledge/5minutecrafts/5minutecrafts(355).webm,News
2330,/mnt/hbnas/datasets/video_classification_videos/h264-vp9-150s/trans-150s/Knowledge/5minutecrafts/5minutecrafts(63).webm,News
2331,/mnt/hbnas/datasets/video_classification_videos/h264-vp9-150s/trans-150s/Knowledge/5minutecrafts/5minutecrafts(555).webm,Game
2332,/mnt/hbnas/datasets/video_classification_videos/h264-vp9-150s/trans-150s/Knowledge/5minutecrafts/5minutecrafts(255).webm,News
2333,/mnt/hbnas/datasets/video_classification_videos/h264-vp9-150s/trans-150s/Knowledge/5minutecrafts/5minutecrafts(224).webm,Game
2334,/mnt/hbnas/datasets/video_classification_videos/h264-vp9-150s/trans-150s/Knowledge/5minutecrafts/5minutecrafts(352).webm,Food
2335,/mnt/hbnas/datasets/video_classification_videos/h264-vp9-150s/trans-150s/Knowledge/5minutecrafts/5minutecrafts(218).webm,News
2336,/mnt/hbnas/datasets/video_classification_videos/h264-vp9-150s/trans-150s/Knowledge/5minutecrafts/5minutecrafts(201).webm,Game
2337,/mnt/hbnas/datasets/video_classification_videos/h264-vp9-150s/trans-150s/Knowledge/5minutecrafts/5minutecrafts(309).webm,News
2338,/mnt/hbnas/datasets/video_classification_videos/h264-vp9-150s/trans-150s/Knowledge/5minutecrafts/5minutecrafts(225).webm,News
2339,/mnt/hbnas/datasets/video_classification_videos/h264-vp9-150s/trans-150s/Knowledge/5minutecrafts/5minutecrafts(408).webm,News
2340,/mnt/hbnas/datasets/video_classification_videos/h264-vp9-150s/trans-150s/Knowledge/5minutecrafts/5minutecrafts(263).webm,News
2341,/mnt/hbnas/datasets/video_classification_videos/h264-vp9-150s/trans-150s/Knowledge/5minutecrafts/5minutecrafts(196).webm,News
2342,/mnt/hbnas/datasets/video_classification_videos/h264-vp9-150s/trans-150s/Knowledge/5minutecrafts/5minutecrafts(365).webm,News
2343,/mnt/hbnas/datasets/video_classification_videos/h264-vp9-150s/trans-150s/Knowledge/5minutecrafts/5minutecrafts(550).webm,Game
2344,/mnt/hbnas/datasets/video_classification_videos/h264-vp9-150s/trans-150s/Knowledge/5minutecrafts/5minutecrafts(11).webm,Food
2345,/mnt/hbnas/datasets/video_classification_videos/h264-vp9-150s/trans-150s/Knowledge/5minutecrafts/5minutecrafts(230).webm,News
2346,/mnt/hbnas/datasets/video_classification_videos/h264-vp9-150s/trans-150s/Knowledge/5minutecrafts/5minutecrafts(386).webm,News
2347,/mnt/hbnas/datasets/video_classification_videos/h264-vp9-150s/trans-150s/Knowledge/5minutecrafts/5minutecrafts(136).webm,News
2348,/mnt/hbnas/datasets/video_classification_videos/h264-vp9-150s/trans-150s/Knowledge/5minutecrafts/5minutecrafts(1).webm,News
2349,/mnt/hbnas/datasets/video_classification_videos/h264-vp9-150s/trans-150s/Knowledge/5minutecrafts/5minutecrafts(191).webm,News
2350,/mnt/hbnas/datasets/video_classification_videos/h264-vp9-150s/trans-150s/Knowledge/5minutecrafts/5minutecrafts(150).webm,News
2351,/mnt/hbnas/datasets/video_classification_videos/h264-vp9-150s/trans-150s/Knowledge/5minutecrafts/5minutecrafts(301).webm,News
2352,/mnt/hbnas/datasets/video_classification_videos/h264-vp9-150s/trans-150s/Knowledge/5minutecrafts/5minutecrafts(193).webm,News
2353,/mnt/hbnas/datasets/video_classification_videos/h264-vp9-150s/trans-150s/Knowledge/5minutecrafts/5minutecrafts(228).webm,Game
2354,/mnt/hbnas/datasets/video_classification_videos/h264-vp9-150s/trans-150s/Knowledge/5minutecrafts/5minutecrafts(102).webm,News
2355,/mnt/hbnas/datasets/video_classification_videos/h264-vp9-150s/trans-150s/Knowledge/5minutecrafts/5minutecrafts(127).webm,Game
2356,/mnt/hbnas/datasets/video_classification_videos/h264-vp9-150s/trans-150s/Knowledge/5minutecrafts/5minutecrafts(29).webm,Food
2357,/mnt/hbnas/datasets/video_classification_videos/h264-vp9-150s/trans-150s/Knowledge/5minutecrafts/5minutecrafts(202).webm,Game
2358,/mnt/hbnas/datasets/video_classification_videos/h264-vp9-150s/trans-150s/Knowledge/5minutecrafts/5minutecrafts(240).webm,News
2359,/mnt/hbnas/datasets/video_classification_videos/h264-vp9-150s/trans-150s/Knowledge/5minutecrafts/5minutecrafts(161).webm,News
2360,/mnt/hbnas/datasets/video_classification_videos/h264-vp9-150s/trans-150s/Knowledge/5minutecrafts/5minutecrafts(143).webm,News
2361,/mnt/hbnas/datasets/video_classification_videos/h264-vp9-150s/trans-150s/Knowledge/5minutecrafts/5minutecrafts(104).webm,News
2362,/mnt/hbnas/datasets/video_classification_videos/h264-vp9-150s/trans-150s/Knowledge/5minutecrafts/5minutecrafts(51).webm,News
2363,/mnt/hbnas/datasets/video_classification_videos/h264-vp9-150s/trans-150s/Knowledge/5minutecrafts/5minutecrafts(412).webm,News
2364,/mnt/hbnas/datasets/video_classification_videos/h264-vp9-150s/trans-150s/Knowledge/5minutecrafts/5minutecrafts(262).webm,News
2365,/mnt/hbnas/datasets/video_classification_videos/h264-vp9-150s/trans-150s/Knowledge/5minutecrafts/5minutecrafts(462).webm,News
2366,/mnt/hbnas/datasets/video_classification_videos/h264-vp9-150s/trans-150s/Knowledge/5minutecrafts/5minutecrafts(130).webm,News
2367,/mnt/hbnas/datasets/video_classification_videos/h264-vp9-150s/trans-150s/Knowledge/5minutecrafts/5minutecrafts(437).webm,News
2368,/mnt/hbnas/datasets/video_classification_videos/h264-vp9-150s/trans-150s/Knowledge/5minutecrafts/5minutecrafts(363).webm,Game
2369,/mnt/hbnas/datasets/video_classification_videos/h264-vp9-150s/trans-150s/Knowledge/5minutecrafts/5minutecrafts(286).webm,News
2370,/mnt/hbnas/datasets/video_classification_videos/h264-vp9-150s/trans-150s/Knowledge/5minutecrafts/5minutecrafts(427).webm,News
2371,/mnt/hbnas/datasets/video_classification_videos/h264-vp9-150s/trans-150s/Knowledge/5minutecrafts/5minutecrafts(113).webm,News
2372,/mnt/hbnas/datasets/video_classification_videos/h264-vp9-150s/trans-150s/Knowledge/5minutecrafts/5minutecrafts(27).webm,News
2373,/mnt/hbnas/datasets/video_classification_videos/h264-vp9-150s/trans-150s/Knowledge/5minutecrafts/5minutecrafts(39).webm,Food
2374,/mnt/hbnas/datasets/video_classification_videos/h264-vp9-150s/trans-150s/Knowledge/5minutecrafts/5minutecrafts(84).webm,News
2375,/mnt/hbnas/datasets/video_classification_videos/h264-vp9-150s/trans-150s/Knowledge/5minutecrafts/5minutecrafts(60).webm,News
2376,/mnt/hbnas/datasets/video_classification_videos/h264-vp9-150s/trans-150s/Knowledge/5minutecrafts/5minutecrafts(200).webm,News
2377,/mnt/hbnas/datasets/video_classification_videos/h264-vp9-150s/trans-150s/Knowledge/5minutecrafts/5minutecrafts(100).webm,News
2378,/mnt/hbnas/datasets/video_classification_videos/h264-vp9-150s/trans-150s/Knowledge/5minutecrafts/5minutecrafts(28).webm,News
2379,/mnt/hbnas/datasets/video_classification_videos/h264-vp9-150s/trans-150s/Knowledge/5minutecrafts/5minutecrafts(281).webm,News
2380,/mnt/hbnas/datasets/video_classification_videos/h264-vp9-150s/trans-150s/Knowledge/5minutecrafts/5minutecrafts(48).webm,Game
2381,/mnt/hbnas/datasets/video_classification_videos/h264-vp9-150s/trans-150s/Knowledge/5minutecrafts/5minutecrafts(59).webm,News
2382,/mnt/hbnas/datasets/video_classification_videos/h264-vp9-150s/trans-150s/Knowledge/5minutecrafts/5minutecrafts(340).webm,News
2383,/mnt/hbnas/datasets/video_classification_videos/h264-vp9-150s/trans-150s/Knowledge/5minutecrafts/5minutecrafts(138).webm,News
2384,/mnt/hbnas/datasets/video_classification_videos/h264-vp9-150s/trans-150s/Knowledge/5minutecrafts/5minutecrafts(554).webm,News
2385,/mnt/hbnas/datasets/video_classification_videos/h264-vp9-150s/trans-150s/Knowledge/5minutecrafts/5minutecrafts(444).webm,Game
2386,/mnt/hbnas/datasets/video_classification_videos/h264-vp9-150s/trans-150s/Knowledge/5minutecrafts/5minutecrafts(89).webm,News
2387,/mnt/hbnas/datasets/video_classification_videos/h264-vp9-150s/trans-150s/Knowledge/5minutecrafts/5minutecrafts(409).webm,News
2388,/mnt/hbnas/datasets/video_classification_videos/h264-vp9-150s/trans-150s/Knowledge/5minutecrafts/5minutecrafts(364).webm,News
2389,/mnt/hbnas/datasets/video_classification_videos/h264-vp9-150s/trans-150s/Knowledge/5minutecrafts/5minutecrafts(306).webm,Game
2390,/mnt/hbnas/datasets/video_classification_videos/h264-vp9-150s/trans-150s/Knowledge/5minutecrafts/5minutecrafts(215).webm,News
2391,/mnt/hbnas/datasets/video_classification_videos/h264-vp9-150s/trans-150s/Knowledge/5minutecrafts/5minutecrafts(66).webm,News
2392,/mnt/hbnas/datasets/video_classification_videos/h264-vp9-150s/trans-150s/Knowledge/5minutecrafts/5minutecrafts(405).webm,Game
2393,/mnt/hbnas/datasets/video_classification_videos/h264-vp9-150s/trans-150s/Knowledge/5minutecrafts/5minutecrafts(108).webm,News
2394,/mnt/hbnas/datasets/video_classification_videos/h264-vp9-150s/trans-150s/Knowledge/5minutecrafts/5minutecrafts(55).webm,News
2395,/mnt/hbnas/datasets/video_classification_videos/h264-vp9-150s/trans-150s/Knowledge/5minutecrafts/5minutecrafts(42).webm,News
2396,/mnt/hbnas/datasets/video_classification_videos/h264-vp9-150s/trans-150s/Knowledge/5minutecrafts/5minutecrafts(223).webm,Game
2397,/mnt/hbnas/datasets/video_classification_videos/h264-vp9-150s/trans-150s/Knowledge/5minutecrafts/5minutecrafts(238).webm,News
2398,/mnt/hbnas/datasets/video_classification_videos/h264-vp9-150s/trans-150s/Knowledge/5minutecrafts/5minutecrafts(394).webm,Food
2399,/mnt/hbnas/datasets/video_classification_videos/h264-vp9-150s/trans-150s/Knowledge/5minutecrafts/5minutecrafts(337).webm,Game
2400,/mnt/hbnas/datasets/video_classification_videos/h264-vp9-150s/trans-150s/Movies/Movie_clips/movie_clips(735).webm,Sports
2401,/mnt/hbnas/datasets/video_classification_videos/h264-vp9-150s/trans-150s/Movies/Movie_clips/movie_clips(4).webm,News
2402,/mnt/hbnas/datasets/video_classification_videos/h264-vp9-150s/trans-150s/Movies/Movie_clips/movie_clips(551).webm,News
2403,/mnt/hbnas/datasets/video_classification_videos/h264-vp9-150s/trans-150s/Movies/Movie_clips/movie_clips(745).webm,News
2404,/mnt/hbnas/datasets/video_classification_videos/h264-vp9-150s/trans-150s/Movies/Movie_clips/movie_clips(82).webm,News
2405,/mnt/hbnas/datasets/video_classification_videos/h264-vp9-150s/trans-150s/Movies/Movie_clips/movie_clips(173).webm,News
2406,/mnt/hbnas/datasets/video_classification_videos/h264-vp9-150s/trans-150s/Movies/Movie_clips/movie_clips(748).webm,News
2407,/mnt/hbnas/datasets/video_classification_videos/h264-vp9-150s/trans-150s/Movies/Movie_clips/movie_clips(254).webm,News
2408,/mnt/hbnas/datasets/video_classification_videos/h264-vp9-150s/trans-150s/Movies/Movie_clips/movie_clips(377).webm,Food
2409,/mnt/hbnas/datasets/video_classification_videos/h264-vp9-150s/trans-150s/Movies/Movie_clips/movie_clips(587).webm,News
2410,/mnt/hbnas/datasets/video_classification_videos/h264-vp9-150s/trans-150s/Movies/Movie_clips/movie_clips(31).webm,News
2411,/mnt/hbnas/datasets/video_classification_videos/h264-vp9-150s/trans-150s/Movies/Movie_clips/movie_clips(742).webm,Game
2412,/mnt/hbnas/datasets/video_classification_videos/h264-vp9-150s/trans-150s/Movies/Movie_clips/movie_clips(647).webm,News
2413,/mnt/hbnas/datasets/video_classification_videos/h264-vp9-150s/trans-150s/Movies/Movie_clips/movie_clips(800).webm,News
2414,/mnt/hbnas/datasets/video_classification_videos/h264-vp9-150s/trans-150s/Movies/Movie_clips/movie_clips(790).webm,News
2415,/mnt/hbnas/datasets/video_classification_videos/h264-vp9-150s/trans-150s/Movies/Movie_clips/movie_clips(427).webm,News
2416,/mnt/hbnas/datasets/video_classification_videos/h264-vp9-150s/trans-150s/Movies/Movie_clips/movie_clips(72).webm,News
2417,/mnt/hbnas/datasets/video_classification_videos/h264-vp9-150s/trans-150s/Movies/Movie_clips/movie_clips(823).webm,Food
2418,/mnt/hbnas/datasets/video_classification_videos/h264-vp9-150s/trans-150s/Movies/Movie_clips/movie_clips(708).webm,Food
2419,/mnt/hbnas/datasets/video_classification_videos/h264-vp9-150s/trans-150s/Movies/Movie_clips/movie_clips(86).webm,Food
2420,/mnt/hbnas/datasets/video_classification_videos/h264-vp9-150s/trans-150s/Movies/Movie_clips/movie_clips(441).webm,News
2421,/mnt/hbnas/datasets/video_classification_videos/h264-vp9-150s/trans-150s/Movies/Movie_clips/movie_clips(493).webm,News
2422,/mnt/hbnas/datasets/video_classification_videos/h264-vp9-150s/trans-150s/Movies/Movie_clips/movie_clips(719).webm,Game
2423,/mnt/hbnas/datasets/video_classification_videos/h264-vp9-150s/trans-150s/Movies/Movie_clips/movie_clips(144).webm,News
2424,/mnt/hbnas/datasets/video_classification_videos/h264-vp9-150s/trans-150s/Movies/Movie_clips/movie_clips(581).webm,News
2425,/mnt/hbnas/datasets/video_classification_videos/h264-vp9-150s/trans-150s/Movies/Movie_clips/movie_clips(502).webm,News
2426,/mnt/hbnas/datasets/video_classification_videos/h264-vp9-150s/trans-150s/Movies/Movie_clips/movie_clips(500).webm,News
2427,/mnt/hbnas/datasets/video_classification_videos/h264-vp9-150s/trans-150s/Movies/Movie_clips/movie_clips(411).webm,News
2428,/mnt/hbnas/datasets/video_classification_videos/h264-vp9-150s/trans-150s/Movies/Movie_clips/movie_clips(600).webm,News
2429,/mnt/hbnas/datasets/video_classification_videos/h264-vp9-150s/trans-150s/Movies/Movie_clips/movie_clips(91).webm,News
2430,/mnt/hbnas/datasets/video_classification_videos/h264-vp9-150s/trans-150s/Movies/Movie_clips/movie_clips(42).webm,News
2431,/mnt/hbnas/datasets/video_classification_videos/h264-vp9-150s/trans-150s/Movies/Movie_clips/movie_clips(379).webm,News
2432,/mnt/hbnas/datasets/video_classification_videos/h264-vp9-150s/trans-150s/Movies/Movie_clips/movie_clips(437).webm,News
2433,/mnt/hbnas/datasets/video_classification_videos/h264-vp9-150s/trans-150s/Movies/Movie_clips/movie_clips(788).webm,News
2434,/mnt/hbnas/datasets/video_classification_videos/h264-vp9-150s/trans-150s/Movies/Movie_clips/movie_clips(454).webm,News
2435,/mnt/hbnas/datasets/video_classification_videos/h264-vp9-150s/trans-150s/Movies/Movie_clips/movie_clips(648).webm,News
2436,/mnt/hbnas/datasets/video_classification_videos/h264-vp9-150s/trans-150s/Movies/Movie_clips/movie_clips(50).webm,News
2437,/mnt/hbnas/datasets/video_classification_videos/h264-vp9-150s/trans-150s/Movies/Movie_clips/movie_clips(619).webm,News
2438,/mnt/hbnas/datasets/video_classification_videos/h264-vp9-150s/trans-150s/Movies/Movie_clips/movie_clips(615).webm,News
2439,/mnt/hbnas/datasets/video_classification_videos/h264-vp9-150s/trans-150s/Movies/Movie_clips/movie_clips(329).webm,News
2440,/mnt/hbnas/datasets/video_classification_videos/h264-vp9-150s/trans-150s/Movies/Movie_clips/movie_clips(129).webm,News
2441,/mnt/hbnas/datasets/video_classification_videos/h264-vp9-150s/trans-150s/Movies/Movie_clips/movie_clips(312).webm,News
2442,/mnt/hbnas/datasets/video_classification_videos/h264-vp9-150s/trans-150s/Movies/Movie_clips/movie_clips(780).webm,News
2443,/mnt/hbnas/datasets/video_classification_videos/h264-vp9-150s/trans-150s/Movies/Movie_clips/movie_clips(307).webm,News
2444,/mnt/hbnas/datasets/video_classification_videos/h264-vp9-150s/trans-150s/Movies/Movie_clips/movie_clips(473).webm,News
2445,/mnt/hbnas/datasets/video_classification_videos/h264-vp9-150s/trans-150s/Movies/Movie_clips/movie_clips(304).webm,News
2446,/mnt/hbnas/datasets/video_classification_videos/h264-vp9-150s/trans-150s/Movies/Movie_clips/movie_clips(723).webm,News
2447,/mnt/hbnas/datasets/video_classification_videos/h264-vp9-150s/trans-150s/Movies/Movie_clips/movie_clips(90).webm,News
2448,/mnt/hbnas/datasets/video_classification_videos/h264-vp9-150s/trans-150s/Movies/Movie_clips/movie_clips(549).webm,News
2449,/mnt/hbnas/datasets/video_classification_videos/h264-vp9-150s/trans-150s/Movies/Movie_clips/movie_clips(527).webm,News
2450,/mnt/hbnas/datasets/video_classification_videos/h264-vp9-150s/trans-150s/Movies/Movie_clips/movie_clips(546).webm,News
2451,/mnt/hbnas/datasets/video_classification_videos/h264-vp9-150s/trans-150s/Movies/Movie_clips/movie_clips(122).webm,News
2452,/mnt/hbnas/datasets/video_classification_videos/h264-vp9-150s/trans-150s/Movies/Movie_clips/movie_clips(419).webm,News
2453,/mnt/hbnas/datasets/video_classification_videos/h264-vp9-150s/trans-150s/Movies/Movie_clips/movie_clips(567).webm,News
2454,/mnt/hbnas/datasets/video_classification_videos/h264-vp9-150s/trans-150s/Movies/Movie_clips/movie_clips(159).webm,News
2455,/mnt/hbnas/datasets/video_classification_videos/h264-vp9-150s/trans-150s/Movies/Movie_clips/movie_clips(663).webm,News
2456,/mnt/hbnas/datasets/video_classification_videos/h264-vp9-150s/trans-150s/Movies/Movie_clips/movie_clips(592).webm,News
2457,/mnt/hbnas/datasets/video_classification_videos/h264-vp9-150s/trans-150s/Movies/Movie_clips/movie_clips(614).webm,News
2458,/mnt/hbnas/datasets/video_classification_videos/h264-vp9-150s/trans-150s/Movies/Movie_clips/movie_clips(224).webm,News
2459,/mnt/hbnas/datasets/video_classification_videos/h264-vp9-150s/trans-150s/Movies/Movie_clips/movie_clips(732).webm,Game
2460,/mnt/hbnas/datasets/video_classification_videos/h264-vp9-150s/trans-150s/Movies/Movie_clips/movie_clips(2).webm,News
2461,/mnt/hbnas/datasets/video_classification_videos/h264-vp9-150s/trans-150s/Movies/Movie_clips/movie_clips(529).webm,News
2462,/mnt/hbnas/datasets/video_classification_videos/h264-vp9-150s/trans-150s/Movies/Movie_clips/movie_clips(469).webm,News
2463,/mnt/hbnas/datasets/video_classification_videos/h264-vp9-150s/trans-150s/Movies/Movie_clips/movie_clips(733).webm,Game
2464,/mnt/hbnas/datasets/video_classification_videos/h264-vp9-150s/trans-150s/Movies/Movie_clips/movie_clips(345).webm,News
2465,/mnt/hbnas/datasets/video_classification_videos/h264-vp9-150s/trans-150s/Movies/Movie_clips/movie_clips(21).webm,News
2466,/mnt/hbnas/datasets/video_classification_videos/h264-vp9-150s/trans-150s/Movies/Movie_clips/movie_clips(738).webm,Food
2467,/mnt/hbnas/datasets/video_classification_videos/h264-vp9-150s/trans-150s/Movies/Movie_clips/movie_clips(509).webm,News
2468,/mnt/hbnas/datasets/video_classification_videos/h264-vp9-150s/trans-150s/Movies/Movie_clips/movie_clips(439).webm,Food
2469,/mnt/hbnas/datasets/video_classification_videos/h264-vp9-150s/trans-150s/Movies/Movie_clips/movie_clips(455).webm,News
2470,/mnt/hbnas/datasets/video_classification_videos/h264-vp9-150s/trans-150s/Movies/Movie_clips/movie_clips(341).webm,News
2471,/mnt/hbnas/datasets/video_classification_videos/h264-vp9-150s/trans-150s/Movies/Movie_clips/movie_clips(281).webm,News
2472,/mnt/hbnas/datasets/video_classification_videos/h264-vp9-150s/trans-150s/Movies/Movie_clips/movie_clips(798).webm,News
2473,/mnt/hbnas/datasets/video_classification_videos/h264-vp9-150s/trans-150s/Movies/Movie_clips/movie_clips(489).webm,News
2474,/mnt/hbnas/datasets/video_classification_videos/h264-vp9-150s/trans-150s/Movies/Movie_clips/movie_clips(414).webm,News
2475,/mnt/hbnas/datasets/video_classification_videos/h264-vp9-150s/trans-150s/Movies/Movie_clips/movie_clips(26).webm,News
2476,/mnt/hbnas/datasets/video_classification_videos/h264-vp9-150s/trans-150s/Movies/Movie_clips/movie_clips(275).webm,News
2477,/mnt/hbnas/datasets/video_classification_videos/h264-vp9-150s/trans-150s/Movies/Movie_clips/movie_clips(665).webm,News
2478,/mnt/hbnas/datasets/video_classification_videos/h264-vp9-150s/trans-150s/Movies/Movie_clips/movie_clips(446).webm,News
2479,/mnt/hbnas/datasets/video_classification_videos/h264-vp9-150s/trans-150s/Movies/Movie_clips/movie_clips(715).webm,Food
2480,/mnt/hbnas/datasets/video_classification_videos/h264-vp9-150s/trans-150s/Movies/Movie_clips/movie_clips(649).webm,News
2481,/mnt/hbnas/datasets/video_classification_videos/h264-vp9-150s/trans-150s/Movies/Movie_clips/movie_clips(349).webm,Sports
2482,/mnt/hbnas/datasets/video_classification_videos/h264-vp9-150s/trans-150s/Movies/Movie_clips/movie_clips(25).webm,News
2483,/mnt/hbnas/datasets/video_classification_videos/h264-vp9-150s/trans-150s/Movies/Movie_clips/movie_clips(250).webm,News
2484,/mnt/hbnas/datasets/video_classification_videos/h264-vp9-150s/trans-150s/Movies/Movie_clips/movie_clips(424).webm,News
2485,/mnt/hbnas/datasets/video_classification_videos/h264-vp9-150s/trans-150s/Movies/Movie_clips/movie_clips(8).webm,News
2486,/mnt/hbnas/datasets/video_classification_videos/h264-vp9-150s/trans-150s/Movies/Movie_clips/movie_clips(662).webm,News
2487,/mnt/hbnas/datasets/video_classification_videos/h264-vp9-150s/trans-150s/Movies/Movie_clips/movie_clips(221).webm,Food
2488,/mnt/hbnas/datasets/video_classification_videos/h264-vp9-150s/trans-150s/Movies/Movie_clips/movie_clips(635).webm,News
2489,/mnt/hbnas/datasets/video_classification_videos/h264-vp9-150s/trans-150s/Movies/Movie_clips/movie_clips(285).webm,News
2490,/mnt/hbnas/datasets/video_classification_videos/h264-vp9-150s/trans-150s/Movies/Movie_clips/movie_clips(722).webm,News
2491,/mnt/hbnas/datasets/video_classification_videos/h264-vp9-150s/trans-150s/Movies/Movie_clips/movie_clips(165).webm,News
2492,/mnt/hbnas/datasets/video_classification_videos/h264-vp9-150s/trans-150s/Movies/Movie_clips/movie_clips(322).webm,News
2493,/mnt/hbnas/datasets/video_classification_videos/h264-vp9-150s/trans-150s/Movies/Movie_clips/movie_clips(603).webm,News
2494,/mnt/hbnas/datasets/video_classification_videos/h264-vp9-150s/trans-150s/Movies/Movie_clips/movie_clips(152).webm,News
2495,/mnt/hbnas/datasets/video_classification_videos/h264-vp9-150s/trans-150s/Movies/Movie_clips/movie_clips(40).webm,News
2496,/mnt/hbnas/datasets/video_classification_videos/h264-vp9-150s/trans-150s/Movies/Movie_clips/movie_clips(241).webm,Food
2497,/mnt/hbnas/datasets/video_classification_videos/h264-vp9-150s/trans-150s/Movies/Movie_clips/movie_clips(112).webm,News
2498,/mnt/hbnas/datasets/video_classification_videos/h264-vp9-150s/trans-150s/Movies/Movie_clips/movie_clips(255).webm,News
2499,/mnt/hbnas/datasets/video_classification_videos/h264-vp9-150s/trans-150s/Movies/Movie_clips/movie_clips(696).webm,News
2500,/mnt/hbnas/datasets/video_classification_videos/h264-vp9-150s/trans-150s/Movies/Movie_clips/movie_clips(713).webm,News
2501,/mnt/hbnas/datasets/video_classification_videos/h264-vp9-150s/trans-150s/Movies/Movie_clips/movie_clips(325).webm,Food
2502,/mnt/hbnas/datasets/video_classification_videos/h264-vp9-150s/trans-150s/Movies/Movie_clips/movie_clips(361).webm,News
2503,/mnt/hbnas/datasets/video_classification_videos/h264-vp9-150s/trans-150s/Movies/Movie_clips/movie_clips(256).webm,News
2504,/mnt/hbnas/datasets/video_classification_videos/h264-vp9-150s/trans-150s/Movies/Movie_clips/movie_clips(30).webm,News
2505,/mnt/hbnas/datasets/video_classification_videos/h264-vp9-150s/trans-150s/Movies/Movie_clips/movie_clips(104).webm,News
2506,/mnt/hbnas/datasets/video_classification_videos/h264-vp9-150s/trans-150s/Movies/Movie_clips/movie_clips(391).webm,News
2507,/mnt/hbnas/datasets/video_classification_videos/h264-vp9-150s/trans-150s/Movies/Movie_clips/movie_clips(589).webm,News
2508,/mnt/hbnas/datasets/video_classification_videos/h264-vp9-150s/trans-150s/Movies/Movie_clips/movie_clips(709).webm,News
2509,/mnt/hbnas/datasets/video_classification_videos/h264-vp9-150s/trans-150s/Movies/Movie_clips/movie_clips(559).webm,News
2510,/mnt/hbnas/datasets/video_classification_videos/h264-vp9-150s/trans-150s/Movies/Movie_clips/movie_clips(484).webm,News
2511,/mnt/hbnas/datasets/video_classification_videos/h264-vp9-150s/trans-150s/Movies/Movie_clips/movie_clips(787).webm,Music
2512,/mnt/hbnas/datasets/video_classification_videos/h264-vp9-150s/trans-150s/Movies/Movie_clips/movie_clips(412).webm,News
2513,/mnt/hbnas/datasets/video_classification_videos/h264-vp9-150s/trans-150s/Movies/Movie_clips/movie_clips(208).webm,News
2514,/mnt/hbnas/datasets/video_classification_videos/h264-vp9-150s/trans-150s/Movies/Movie_clips/movie_clips(766).webm,News
2515,/mnt/hbnas/datasets/video_classification_videos/h264-vp9-150s/trans-150s/Movies/Movie_clips/movie_clips(188).webm,News
2516,/mnt/hbnas/datasets/video_classification_videos/h264-vp9-150s/trans-150s/Movies/Movie_clips/movie_clips(418).webm,News
2517,/mnt/hbnas/datasets/video_classification_videos/h264-vp9-150s/trans-150s/Movies/Movie_clips/movie_clips(445).webm,News
2518,/mnt/hbnas/datasets/video_classification_videos/h264-vp9-150s/trans-150s/Movies/Movie_clips/movie_clips(280).webm,News
2519,/mnt/hbnas/datasets/video_classification_videos/h264-vp9-150s/trans-150s/Movies/Movie_clips/movie_clips(148).webm,News
2520,/mnt/hbnas/datasets/video_classification_videos/h264-vp9-150s/trans-150s/Movies/Movie_clips/movie_clips(199).webm,News
2521,/mnt/hbnas/datasets/video_classification_videos/h264-vp9-150s/trans-150s/Movies/Movie_clips/movie_clips(803).webm,News
2522,/mnt/hbnas/datasets/video_classification_videos/h264-vp9-150s/trans-150s/Movies/Movie_clips/movie_clips(186).webm,News
2523,/mnt/hbnas/datasets/video_classification_videos/h264-vp9-150s/trans-150s/Movies/Movie_clips/movie_clips(247).webm,News
2524,/mnt/hbnas/datasets/video_classification_videos/h264-vp9-150s/trans-150s/Movies/Movie_clips/movie_clips(716).webm,Food
2525,/mnt/hbnas/datasets/video_classification_videos/h264-vp9-150s/trans-150s/Movies/Movie_clips/movie_clips(115).webm,News
2526,/mnt/hbnas/datasets/video_classification_videos/h264-vp9-150s/trans-150s/Movies/Movie_clips/movie_clips(572).webm,News
2527,/mnt/hbnas/datasets/video_classification_videos/h264-vp9-150s/trans-150s/Movies/Movie_clips/movie_clips(688).webm,News
2528,/mnt/hbnas/datasets/video_classification_videos/h264-vp9-150s/trans-150s/Movies/Movie_clips/movie_clips(767).webm,News
2529,/mnt/hbnas/datasets/video_classification_videos/h264-vp9-150s/trans-150s/Movies/Movie_clips/movie_clips(519).webm,News
2530,/mnt/hbnas/datasets/video_classification_videos/h264-vp9-150s/trans-150s/Movies/Movie_clips/movie_clips(693).webm,News
2531,/mnt/hbnas/datasets/video_classification_videos/h264-vp9-150s/trans-150s/Movies/Movie_clips/movie_clips(168).webm,News
2532,/mnt/hbnas/datasets/video_classification_videos/h264-vp9-150s/trans-150s/Movies/Movie_clips/movie_clips(556).webm,News
2533,/mnt/hbnas/datasets/video_classification_videos/h264-vp9-150s/trans-150s/Movies/Movie_clips/movie_clips(468).webm,News
2534,/mnt/hbnas/datasets/video_classification_videos/h264-vp9-150s/trans-150s/Movies/Movie_clips/movie_clips(747).webm,News
2535,/mnt/hbnas/datasets/video_classification_videos/h264-vp9-150s/trans-150s/Movies/Movie_clips/movie_clips(813).webm,News
2536,/mnt/hbnas/datasets/video_classification_videos/h264-vp9-150s/trans-150s/Movies/Movie_clips/movie_clips(472).webm,News
2537,/mnt/hbnas/datasets/video_classification_videos/h264-vp9-150s/trans-150s/Movies/Movie_clips/movie_clips(701).webm,News
2538,/mnt/hbnas/datasets/video_classification_videos/h264-vp9-150s/trans-150s/Movies/Movie_clips/movie_clips(598).webm,News
2539,/mnt/hbnas/datasets/video_classification_videos/h264-vp9-150s/trans-150s/Movies/Movie_clips/movie_clips(768).webm,News
2540,/mnt/hbnas/datasets/video_classification_videos/h264-vp9-150s/trans-150s/Movies/Movie_clips/movie_clips(11).webm,News
2541,/mnt/hbnas/datasets/video_classification_videos/h264-vp9-150s/trans-150s/Movies/Movie_clips/movie_clips(371).webm,News
2542,/mnt/hbnas/datasets/video_classification_videos/h264-vp9-150s/trans-150s/Movies/Movie_clips/movie_clips(234).webm,News
2543,/mnt/hbnas/datasets/video_classification_videos/h264-vp9-150s/trans-150s/Movies/Movie_clips/movie_clips(568).webm,News
2544,/mnt/hbnas/datasets/video_classification_videos/h264-vp9-150s/trans-150s/Movies/Movie_clips/movie_clips(584).webm,News
2545,/mnt/hbnas/datasets/video_classification_videos/h264-vp9-150s/trans-150s/Movies/Movie_clips/movie_clips(560).webm,News
2546,/mnt/hbnas/datasets/video_classification_videos/h264-vp9-150s/trans-150s/Movies/Movie_clips/movie_clips(84).webm,News
2547,/mnt/hbnas/datasets/video_classification_videos/h264-vp9-150s/trans-150s/Movies/Movie_clips/movie_clips(717).webm,News
2548,/mnt/hbnas/datasets/video_classification_videos/h264-vp9-150s/trans-150s/Movies/Movie_clips/movie_clips(310).webm,News
2549,/mnt/hbnas/datasets/video_classification_videos/h264-vp9-150s/trans-150s/Movies/Movie_clips/movie_clips(321).webm,News
2550,/mnt/hbnas/datasets/video_classification_videos/h264-vp9-150s/trans-150s/Movies/Movie_clips/movie_clips(192).webm,News
2551,/mnt/hbnas/datasets/video_classification_videos/h264-vp9-150s/trans-150s/Movies/Movie_clips/movie_clips(492).webm,News
2552,/mnt/hbnas/datasets/video_classification_videos/h264-vp9-150s/trans-150s/Movies/Movie_clips/movie_clips(552).webm,News
2553,/mnt/hbnas/datasets/video_classification_videos/h264-vp9-150s/trans-150s/Movies/Movie_clips/movie_clips(741).webm,News
2554,/mnt/hbnas/datasets/video_classification_videos/h264-vp9-150s/trans-150s/Movies/Movie_clips/movie_clips(486).webm,News
2555,/mnt/hbnas/datasets/video_classification_videos/h264-vp9-150s/trans-150s/Movies/Movie_clips/movie_clips(718).webm,Sports
2556,/mnt/hbnas/datasets/video_classification_videos/h264-vp9-150s/trans-150s/Movies/Movie_clips/movie_clips(108).webm,News
2557,/mnt/hbnas/datasets/video_classification_videos/h264-vp9-150s/trans-150s/Movies/Movie_clips/movie_clips(154).webm,Food
2558,/mnt/hbnas/datasets/video_classification_videos/h264-vp9-150s/trans-150s/Movies/Movie_clips/movie_clips(513).webm,News
2559,/mnt/hbnas/datasets/video_classification_videos/h264-vp9-150s/trans-150s/Movies/Movie_clips/movie_clips(544).webm,Game
2560,/mnt/hbnas/datasets/video_classification_videos/h264-vp9-150s/trans-150s/Movies/Movie_clips/movie_clips(170).webm,News
2561,/mnt/hbnas/datasets/video_classification_videos/h264-vp9-150s/trans-150s/Movies/Movie_clips/movie_clips(189).webm,News
2562,/mnt/hbnas/datasets/video_classification_videos/h264-vp9-150s/trans-150s/Movies/Movie_clips/movie_clips(232).webm,News
2563,/mnt/hbnas/datasets/video_classification_videos/h264-vp9-150s/trans-150s/Movies/Movie_clips/movie_clips(457).webm,Game
2564,/mnt/hbnas/datasets/video_classification_videos/h264-vp9-150s/trans-150s/Movies/Movie_clips/movie_clips(196).webm,News
2565,/mnt/hbnas/datasets/video_classification_videos/h264-vp9-150s/trans-150s/Movies/Movie_clips/movie_clips(249).webm,Game
2566,/mnt/hbnas/datasets/video_classification_videos/h264-vp9-150s/trans-150s/Movies/Movie_clips/movie_clips(223).webm,News
2567,/mnt/hbnas/datasets/video_classification_videos/h264-vp9-150s/trans-150s/Movies/Movie_clips/movie_clips(215).webm,News
2568,/mnt/hbnas/datasets/video_classification_videos/h264-vp9-150s/trans-150s/Movies/Movie_clips/movie_clips(358).webm,News
2569,/mnt/hbnas/datasets/video_classification_videos/h264-vp9-150s/trans-150s/Movies/Movie_clips/movie_clips(459).webm,News
2570,/mnt/hbnas/datasets/video_classification_videos/h264-vp9-150s/trans-150s/Movies/Movie_clips/movie_clips(340).webm,News
2571,/mnt/hbnas/datasets/video_classification_videos/h264-vp9-150s/trans-150s/Movies/Movie_clips/movie_clips(334).webm,News
2572,/mnt/hbnas/datasets/video_classification_videos/h264-vp9-150s/trans-150s/Movies/Movie_clips/movie_clips(659).webm,News
2573,/mnt/hbnas/datasets/video_classification_videos/h264-vp9-150s/trans-150s/Movies/Movie_clips/movie_clips(319).webm,News
2574,/mnt/hbnas/datasets/video_classification_videos/h264-vp9-150s/trans-150s/Movies/Movie_clips/movie_clips(799).webm,News
2575,/mnt/hbnas/datasets/video_classification_videos/h264-vp9-150s/trans-150s/Movies/Movie_clips/movie_clips(16).webm,News
2576,/mnt/hbnas/datasets/video_classification_videos/h264-vp9-150s/trans-150s/Movies/Movie_clips/movie_clips(145).webm,News
2577,/mnt/hbnas/datasets/video_classification_videos/h264-vp9-150s/trans-150s/Movies/Movie_clips/movie_clips(355).webm,News
2578,/mnt/hbnas/datasets/video_classification_videos/h264-vp9-150s/trans-150s/Movies/Movie_clips/movie_clips(691).webm,News
2579,/mnt/hbnas/datasets/video_classification_videos/h264-vp9-150s/trans-150s/Movies/Movie_clips/movie_clips(557).webm,News
2580,/mnt/hbnas/datasets/video_classification_videos/h264-vp9-150s/trans-150s/Movies/Movie_clips/movie_clips(79).webm,News
2581,/mnt/hbnas/datasets/video_classification_videos/h264-vp9-150s/trans-150s/Movies/Movie_clips/movie_clips(125).webm,News
2582,/mnt/hbnas/datasets/video_classification_videos/h264-vp9-150s/trans-150s/Movies/Movie_clips/movie_clips(564).webm,Music
2583,/mnt/hbnas/datasets/video_classification_videos/h264-vp9-150s/trans-150s/Movies/Movie_clips/movie_clips(120).webm,News
2584,/mnt/hbnas/datasets/video_classification_videos/h264-vp9-150s/trans-150s/Movies/Movie_clips/movie_clips(769).webm,News
2585,/mnt/hbnas/datasets/video_classification_videos/h264-vp9-150s/trans-150s/Movies/Movie_clips/movie_clips(480).webm,News
2586,/mnt/hbnas/datasets/video_classification_videos/h264-vp9-150s/trans-150s/Movies/Movie_clips/movie_clips(399).webm,News
2587,/mnt/hbnas/datasets/video_classification_videos/h264-vp9-150s/trans-150s/Movies/Movie_clips/movie_clips(128).webm,News
2588,/mnt/hbnas/datasets/video_classification_videos/h264-vp9-150s/trans-150s/Movies/Movie_clips/movie_clips(477).webm,Music
2589,/mnt/hbnas/datasets/video_classification_videos/h264-vp9-150s/trans-150s/Movies/Movie_clips/movie_clips(175).webm,News
2590,/mnt/hbnas/datasets/video_classification_videos/h264-vp9-150s/trans-150s/Movies/Movie_clips/movie_clips(290).webm,News
2591,/mnt/hbnas/datasets/video_classification_videos/h264-vp9-150s/trans-150s/Movies/Movie_clips/movie_clips(703).webm,Food
2592,/mnt/hbnas/datasets/video_classification_videos/h264-vp9-150s/trans-150s/Movies/Movie_clips/movie_clips(123).webm,News
2593,/mnt/hbnas/datasets/video_classification_videos/h264-vp9-150s/trans-150s/Movies/Movie_clips/movie_clips(264).webm,News
2594,/mnt/hbnas/datasets/video_classification_videos/h264-vp9-150s/trans-150s/Movies/Movie_clips/movie_clips(541).webm,News
2595,/mnt/hbnas/datasets/video_classification_videos/h264-vp9-150s/trans-150s/Movies/Movie_clips/movie_clips(32).webm,Game
2596,/mnt/hbnas/datasets/video_classification_videos/h264-vp9-150s/trans-150s/Movies/Movie_clips/movie_clips(339).webm,News
2597,/mnt/hbnas/datasets/video_classification_videos/h264-vp9-150s/trans-150s/Movies/Movie_clips/movie_clips(284).webm,News
2598,/mnt/hbnas/datasets/video_classification_videos/h264-vp9-150s/trans-150s/Movies/Movie_clips/movie_clips(98).webm,News
2599,/mnt/hbnas/datasets/video_classification_videos/h264-vp9-150s/trans-150s/Movies/Movie_clips/movie_clips(657).webm,News
2600,/mnt/hbnas/datasets/video_classification_videos/h264-vp9-150s/trans-150s/Movies/Movie_clips/movie_clips(724).webm,News
2601,/mnt/hbnas/datasets/video_classification_videos/h264-vp9-150s/trans-150s/Movies/Movie_clips/movie_clips(380).webm,News
2602,/mnt/hbnas/datasets/video_classification_videos/h264-vp9-150s/trans-150s/Movies/Movie_clips/movie_clips(453).webm,News
2603,/mnt/hbnas/datasets/video_classification_videos/h264-vp9-150s/trans-150s/Movies/Movie_clips/movie_clips(245).webm,News
2604,/mnt/hbnas/datasets/video_classification_videos/h264-vp9-150s/trans-150s/Movies/Movie_clips/movie_clips(736).webm,Game
2605,/mnt/hbnas/datasets/video_classification_videos/h264-vp9-150s/trans-150s/Movies/Movie_clips/movie_clips(335).webm,News
2606,/mnt/hbnas/datasets/video_classification_videos/h264-vp9-150s/trans-150s/Movies/Movie_clips/movie_clips(452).webm,News
2607,/mnt/hbnas/datasets/video_classification_videos/h264-vp9-150s/trans-150s/Movies/Movie_clips/movie_clips(685).webm,News
2608,/mnt/hbnas/datasets/video_classification_videos/h264-vp9-150s/trans-150s/Movies/Movie_clips/movie_clips(420).webm,News
2609,/mnt/hbnas/datasets/video_classification_videos/h264-vp9-150s/trans-150s/Movies/Movie_clips/movie_clips(540).webm,News
2610,/mnt/hbnas/datasets/video_classification_videos/h264-vp9-150s/trans-150s/Movies/Movie_clips/movie_clips(10).webm,News
2611,/mnt/hbnas/datasets/video_classification_videos/h264-vp9-150s/trans-150s/Movies/Movie_clips/movie_clips(219).webm,News
2612,/mnt/hbnas/datasets/video_classification_videos/h264-vp9-150s/trans-150s/Movies/Movie_clips/movie_clips(18).webm,News
2613,/mnt/hbnas/datasets/video_classification_videos/h264-vp9-150s/trans-150s/Movies/Movie_clips/movie_clips(251).webm,News
2614,/mnt/hbnas/datasets/video_classification_videos/h264-vp9-150s/trans-150s/Movies/Movie_clips/movie_clips(99).webm,News
2615,/mnt/hbnas/datasets/video_classification_videos/h264-vp9-150s/trans-150s/Movies/Movie_clips/movie_clips(393).webm,News
2616,/mnt/hbnas/datasets/video_classification_videos/h264-vp9-150s/trans-150s/Movies/Movie_clips/movie_clips(89).webm,News
2617,/mnt/hbnas/datasets/video_classification_videos/h264-vp9-150s/trans-150s/Movies/Movie_clips/movie_clips(212).webm,Game
2618,/mnt/hbnas/datasets/video_classification_videos/h264-vp9-150s/trans-150s/Movies/Movie_clips/movie_clips(670).webm,News
2619,/mnt/hbnas/datasets/video_classification_videos/h264-vp9-150s/trans-150s/Movies/Movie_clips/movie_clips(375).webm,News
2620,/mnt/hbnas/datasets/video_classification_videos/h264-vp9-150s/trans-150s/Movies/Movie_clips/movie_clips(569).webm,News
2621,/mnt/hbnas/datasets/video_classification_videos/h264-vp9-150s/trans-150s/Movies/Movie_clips/movie_clips(483).webm,News
2622,/mnt/hbnas/datasets/video_classification_videos/h264-vp9-150s/trans-150s/Movies/Movie_clips/movie_clips(239).webm,Game
2623,/mnt/hbnas/datasets/video_classification_videos/h264-vp9-150s/trans-150s/Movies/Movie_clips/movie_clips(505).webm,News
2624,/mnt/hbnas/datasets/video_classification_videos/h264-vp9-150s/trans-150s/Movies/Movie_clips/movie_clips(294).webm,News
2625,/mnt/hbnas/datasets/video_classification_videos/h264-vp9-150s/trans-150s/Movies/Movie_clips/movie_clips(763).webm,News
2626,/mnt/hbnas/datasets/video_classification_videos/h264-vp9-150s/trans-150s/Movies/Movie_clips/movie_clips(783).webm,News
2627,/mnt/hbnas/datasets/video_classification_videos/h264-vp9-150s/trans-150s/Movies/Movie_clips/movie_clips(494).webm,News
2628,/mnt/hbnas/datasets/video_classification_videos/h264-vp9-150s/trans-150s/Movies/Movie_clips/movie_clips(579).webm,News
2629,/mnt/hbnas/datasets/video_classification_videos/h264-vp9-150s/trans-150s/Movies/Movie_clips/movie_clips(764).webm,News
2630,/mnt/hbnas/datasets/video_classification_videos/h264-vp9-150s/trans-150s/Movies/Movie_clips/movie_clips(214).webm,News
2631,/mnt/hbnas/datasets/video_classification_videos/h264-vp9-150s/trans-150s/Movies/Movie_clips/movie_clips(396).webm,News
2632,/mnt/hbnas/datasets/video_classification_videos/h264-vp9-150s/trans-150s/Movies/Movie_clips/movie_clips(197).webm,Game
2633,/mnt/hbnas/datasets/video_classification_videos/h264-vp9-150s/trans-150s/Movies/Movie_clips/movie_clips(205).webm,News
2634,/mnt/hbnas/datasets/video_classification_videos/h264-vp9-150s/trans-150s/Movies/Movie_clips/movie_clips(357).webm,Food
2635,/mnt/hbnas/datasets/video_classification_videos/h264-vp9-150s/trans-150s/Movies/Movie_clips/movie_clips(318).webm,News
2636,/mnt/hbnas/datasets/video_classification_videos/h264-vp9-150s/trans-150s/Movies/Movie_clips/movie_clips(524).webm,News
2637,/mnt/hbnas/datasets/video_classification_videos/h264-vp9-150s/trans-150s/Movies/Movie_clips/movie_clips(794).webm,News
2638,/mnt/hbnas/datasets/video_classification_videos/h264-vp9-150s/trans-150s/Movies/Movie_clips/movie_clips(558).webm,News
2639,/mnt/hbnas/datasets/video_classification_videos/h264-vp9-150s/trans-150s/Movies/Movie_clips/movie_clips(176).webm,News
2640,/mnt/hbnas/datasets/video_classification_videos/h264-vp9-150s/trans-150s/Movies/Movie_clips/movie_clips(331).webm,News
2641,/mnt/hbnas/datasets/video_classification_videos/h264-vp9-150s/trans-150s/Movies/Movie_clips/movie_clips(211).webm,News
2642,/mnt/hbnas/datasets/video_classification_videos/h264-vp9-150s/trans-150s/Movies/Movie_clips/movie_clips(689).webm,Food
2643,/mnt/hbnas/datasets/video_classification_videos/h264-vp9-150s/trans-150s/Movies/Movie_clips/movie_clips(85).webm,Game
2644,/mnt/hbnas/datasets/video_classification_videos/h264-vp9-150s/trans-150s/Movies/Movie_clips/movie_clips(750).webm,News
2645,/mnt/hbnas/datasets/video_classification_videos/h264-vp9-150s/trans-150s/Movies/Movie_clips/movie_clips(222).webm,News
2646,/mnt/hbnas/datasets/video_classification_videos/h264-vp9-150s/trans-150s/Movies/Movie_clips/movie_clips(634).webm,News
2647,/mnt/hbnas/datasets/video_classification_videos/h264-vp9-150s/trans-150s/Movies/Movie_clips/movie_clips(664).webm,News
2648,/mnt/hbnas/datasets/video_classification_videos/h264-vp9-150s/trans-150s/Movies/Movie_clips/movie_clips(130).webm,News
2649,/mnt/hbnas/datasets/video_classification_videos/h264-vp9-150s/trans-150s/Movies/Movie_clips/movie_clips(613).webm,News
2650,/mnt/hbnas/datasets/video_classification_videos/h264-vp9-150s/trans-150s/Movies/Movie_clips/movie_clips(225).webm,News
2651,/mnt/hbnas/datasets/video_classification_videos/h264-vp9-150s/trans-150s/Movies/Movie_clips/movie_clips(704).webm,News
2652,/mnt/hbnas/datasets/video_classification_videos/h264-vp9-150s/trans-150s/Movies/Movie_clips/movie_clips(608).webm,News
2653,/mnt/hbnas/datasets/video_classification_videos/h264-vp9-150s/trans-150s/Movies/Movie_clips/movie_clips(495).webm,News
2654,/mnt/hbnas/datasets/video_classification_videos/h264-vp9-150s/trans-150s/Movies/Movie_clips/movie_clips(416).webm,News
2655,/mnt/hbnas/datasets/video_classification_videos/h264-vp9-150s/trans-150s/Movies/Movie_clips/movie_clips(610).webm,News
2656,/mnt/hbnas/datasets/video_classification_videos/h264-vp9-150s/trans-150s/Movies/Movie_clips/movie_clips(174).webm,News
2657,/mnt/hbnas/datasets/video_classification_videos/h264-vp9-150s/trans-150s/Movies/Movie_clips/movie_clips(6).webm,News
2658,/mnt/hbnas/datasets/video_classification_videos/h264-vp9-150s/trans-150s/Movies/Movie_clips/movie_clips(525).webm,News
2659,/mnt/hbnas/datasets/video_classification_videos/h264-vp9-150s/trans-150s/Movies/Movie_clips/movie_clips(450).webm,News
2660,/mnt/hbnas/datasets/video_classification_videos/h264-vp9-150s/trans-150s/Movies/Movie_clips/movie_clips(350).webm,News
2661,/mnt/hbnas/datasets/video_classification_videos/h264-vp9-150s/trans-150s/Movies/Movie_clips/movie_clips(81).webm,News
2662,/mnt/hbnas/datasets/video_classification_videos/h264-vp9-150s/trans-150s/Movies/Movie_clips/movie_clips(343).webm,News
2663,/mnt/hbnas/datasets/video_classification_videos/h264-vp9-150s/trans-150s/Movies/Movie_clips/movie_clips(637).webm,News
2664,/mnt/hbnas/datasets/video_classification_videos/h264-vp9-150s/trans-150s/Movies/Movie_clips/movie_clips(714).webm,Game
2665,/mnt/hbnas/datasets/video_classification_videos/h264-vp9-150s/trans-150s/Movies/Movie_clips/movie_clips(661).webm,News
2666,/mnt/hbnas/datasets/video_classification_videos/h264-vp9-150s/trans-150s/Movies/Movie_clips/movie_clips(451).webm,News
2667,/mnt/hbnas/datasets/video_classification_videos/h264-vp9-150s/trans-150s/Movies/Movie_clips/movie_clips(700).webm,News
2668,/mnt/hbnas/datasets/video_classification_videos/h264-vp9-150s/trans-150s/Movies/Movie_clips/movie_clips(252).webm,News
2669,/mnt/hbnas/datasets/video_classification_videos/h264-vp9-150s/trans-150s/Movies/Movie_clips/movie_clips(261).webm,News
2670,/mnt/hbnas/datasets/video_classification_videos/h264-vp9-150s/trans-150s/Movies/Movie_clips/movie_clips(792).webm,News
2671,/mnt/hbnas/datasets/video_classification_videos/h264-vp9-150s/trans-150s/Movies/Movie_clips/movie_clips(103).webm,News
2672,/mnt/hbnas/datasets/video_classification_videos/h264-vp9-150s/trans-150s/Movies/Movie_clips/movie_clips(354).webm,News
2673,/mnt/hbnas/datasets/video_classification_videos/h264-vp9-150s/trans-150s/Movies/Movie_clips/movie_clips(721).webm,News
2674,/mnt/hbnas/datasets/video_classification_videos/h264-vp9-150s/trans-150s/Movies/Movie_clips/movie_clips(781).webm,News
2675,/mnt/hbnas/datasets/video_classification_videos/h264-vp9-150s/trans-150s/Movies/Movie_clips/movie_clips(141).webm,News
2676,/mnt/hbnas/datasets/video_classification_videos/h264-vp9-150s/trans-150s/Movies/Movie_clips/movie_clips(14).webm,News
2677,/mnt/hbnas/datasets/video_classification_videos/h264-vp9-150s/trans-150s/Movies/Movie_clips/movie_clips(771).webm,News
2678,/mnt/hbnas/datasets/video_classification_videos/h264-vp9-150s/trans-150s/Movies/Movie_clips/movie_clips(353).webm,News
2679,/mnt/hbnas/datasets/video_classification_videos/h264-vp9-150s/trans-150s/Movies/Movie_clips/movie_clips(436).webm,News
2680,/mnt/hbnas/datasets/video_classification_videos/h264-vp9-150s/trans-150s/Movies/Movie_clips/movie_clips(289).webm,News
2681,/mnt/hbnas/datasets/video_classification_videos/h264-vp9-150s/trans-150s/Movies/Movie_clips/movie_clips(533).webm,News
2682,/mnt/hbnas/datasets/video_classification_videos/h264-vp9-150s/trans-150s/Movies/Movie_clips/movie_clips(315).webm,News
2683,/mnt/hbnas/datasets/video_classification_videos/h264-vp9-150s/trans-150s/Movies/Movie_clips/movie_clips(547).webm,News
2684,/mnt/hbnas/datasets/video_classification_videos/h264-vp9-150s/trans-150s/Movies/Movie_clips/movie_clips(822).webm,News
2685,/mnt/hbnas/datasets/video_classification_videos/h264-vp9-150s/trans-150s/Movies/Movie_clips/movie_clips(423).webm,News
2686,/mnt/hbnas/datasets/video_classification_videos/h264-vp9-150s/trans-150s/Movies/Movie_clips/movie_clips(447).webm,News
2687,/mnt/hbnas/datasets/video_classification_videos/h264-vp9-150s/trans-150s/Movies/Movie_clips/movie_clips(478).webm,News
2688,/mnt/hbnas/datasets/video_classification_videos/h264-vp9-150s/trans-150s/Movies/Movie_clips/movie_clips(330).webm,News
2689,/mnt/hbnas/datasets/video_classification_videos/h264-vp9-150s/trans-150s/Movies/Movie_clips/movie_clips(460).webm,News
2690,/mnt/hbnas/datasets/video_classification_videos/h264-vp9-150s/trans-150s/Movies/Movie_clips/movie_clips(306).webm,News
2691,/mnt/hbnas/datasets/video_classification_videos/h264-vp9-150s/trans-150s/Movies/Movie_clips/movie_clips(41).webm,News
2692,/mnt/hbnas/datasets/video_classification_videos/h264-vp9-150s/trans-150s/Movies/Movie_clips/movie_clips(537).webm,Game
2693,/mnt/hbnas/datasets/video_classification_videos/h264-vp9-150s/trans-150s/Movies/Movie_clips/movie_clips(303).webm,News
2694,/mnt/hbnas/datasets/video_classification_videos/h264-vp9-150s/trans-150s/Movies/Movie_clips/movie_clips(442).webm,News
2695,/mnt/hbnas/datasets/video_classification_videos/h264-vp9-150s/trans-150s/Movies/Movie_clips/movie_clips(737).webm,Game
2696,/mnt/hbnas/datasets/video_classification_videos/h264-vp9-150s/trans-150s/Movies/Movie_clips/movie_clips(517).webm,News
2697,/mnt/hbnas/datasets/video_classification_videos/h264-vp9-150s/trans-150s/Movies/Movie_clips/movie_clips(387).webm,News
2698,/mnt/hbnas/datasets/video_classification_videos/h264-vp9-150s/trans-150s/Movies/Movie_clips/movie_clips(470).webm,Game
2699,/mnt/hbnas/datasets/video_classification_videos/h264-vp9-150s/trans-150s/Movies/Movie_clips/movie_clips(623).webm,News
2700,/mnt/hbnas/datasets/video_classification_videos/h264-vp9-150s/trans-150s/Movies/Movie_clips/movie_clips(131).webm,News
2701,/mnt/hbnas/datasets/video_classification_videos/h264-vp9-150s/trans-150s/Movies/Movie_clips/movie_clips(588).webm,News
2702,/mnt/hbnas/datasets/video_classification_videos/h264-vp9-150s/trans-150s/Movies/Movie_clips/movie_clips(739).webm,Game
2703,/mnt/hbnas/datasets/video_classification_videos/h264-vp9-150s/trans-150s/Movies/Movie_clips/movie_clips(779).webm,News
2704,/mnt/hbnas/datasets/video_classification_videos/h264-vp9-150s/trans-150s/Movies/Movie_clips/movie_clips(147).webm,News
2705,/mnt/hbnas/datasets/video_classification_videos/h264-vp9-150s/trans-150s/Movies/Movie_clips/movie_clips(413).webm,News
2706,/mnt/hbnas/datasets/video_classification_videos/h264-vp9-150s/trans-150s/Movies/Movie_clips/movie_clips(182).webm,Game
2707,/mnt/hbnas/datasets/video_classification_videos/h264-vp9-150s/trans-150s/Movies/Movie_clips/movie_clips(320).webm,News
2708,/mnt/hbnas/datasets/video_classification_videos/h264-vp9-150s/trans-150s/Movies/Movie_clips/movie_clips(58).webm,Food
2709,/mnt/hbnas/datasets/video_classification_videos/h264-vp9-150s/trans-150s/Movies/Movie_clips/movie_clips(516).webm,News
2710,/mnt/hbnas/datasets/video_classification_videos/h264-vp9-150s/trans-150s/Movies/Movie_clips/movie_clips(604).webm,News
2711,/mnt/hbnas/datasets/video_classification_videos/h264-vp9-150s/trans-150s/Movies/Movie_clips/movie_clips(565).webm,News
2712,/mnt/hbnas/datasets/video_classification_videos/h264-vp9-150s/trans-150s/Movies/Movie_clips/movie_clips(107).webm,News
2713,/mnt/hbnas/datasets/video_classification_videos/h264-vp9-150s/trans-150s/Movies/Movie_clips/movie_clips(776).webm,News
2714,/mnt/hbnas/datasets/video_classification_videos/h264-vp9-150s/trans-150s/Movies/Movie_clips/movie_clips(555).webm,News
2715,/mnt/hbnas/datasets/video_classification_videos/h264-vp9-150s/trans-150s/Movies/Movie_clips/movie_clips(642).webm,News
2716,/mnt/hbnas/datasets/video_classification_videos/h264-vp9-150s/trans-150s/Movies/Movie_clips/movie_clips(806).webm,News
2717,/mnt/hbnas/datasets/video_classification_videos/h264-vp9-150s/trans-150s/Movies/Movie_clips/movie_clips(566).webm,News
2718,/mnt/hbnas/datasets/video_classification_videos/h264-vp9-150s/trans-150s/Movies/Movie_clips/movie_clips(309).webm,News
2719,/mnt/hbnas/datasets/video_classification_videos/h264-vp9-150s/trans-150s/Movies/Movie_clips/movie_clips(444).webm,News
2720,/mnt/hbnas/datasets/video_classification_videos/h264-vp9-150s/trans-150s/Movies/Movie_clips/movie_clips(497).webm,News
2721,/mnt/hbnas/datasets/video_classification_videos/h264-vp9-150s/trans-150s/Movies/Movie_clips/movie_clips(288).webm,News
2722,/mnt/hbnas/datasets/video_classification_videos/h264-vp9-150s/trans-150s/Movies/Movie_clips/movie_clips(274).webm,Game
2723,/mnt/hbnas/datasets/video_classification_videos/h264-vp9-150s/trans-150s/Movies/Movie_clips/movie_clips(730).webm,Music
2724,/mnt/hbnas/datasets/video_classification_videos/h264-vp9-150s/trans-150s/Movies/Movie_clips/movie_clips(646).webm,News
2725,/mnt/hbnas/datasets/video_classification_videos/h264-vp9-150s/trans-150s/Movies/Movie_clips/movie_clips(476).webm,Game
2726,/mnt/hbnas/datasets/video_classification_videos/h264-vp9-150s/trans-150s/Movies/Movie_clips/movie_clips(422).webm,News
2727,/mnt/hbnas/datasets/video_classification_videos/h264-vp9-150s/trans-150s/Movies/Movie_clips/movie_clips(253).webm,News
2728,/mnt/hbnas/datasets/video_classification_videos/h264-vp9-150s/trans-150s/Movies/Movie_clips/movie_clips(653).webm,News
2729,/mnt/hbnas/datasets/video_classification_videos/h264-vp9-150s/trans-150s/Movies/Movie_clips/movie_clips(777).webm,News
2730,/mnt/hbnas/datasets/video_classification_videos/h264-vp9-150s/trans-150s/Movies/Movie_clips/movie_clips(308).webm,News
2731,/mnt/hbnas/datasets/video_classification_videos/h264-vp9-150s/trans-150s/Movies/Movie_clips/movie_clips(178).webm,News
2732,/mnt/hbnas/datasets/video_classification_videos/h264-vp9-150s/trans-150s/Movies/Movie_clips/movie_clips(743).webm,News
2733,/mnt/hbnas/datasets/video_classification_videos/h264-vp9-150s/trans-150s/Movies/Movie_clips/movie_clips(374).webm,News
2734,/mnt/hbnas/datasets/video_classification_videos/h264-vp9-150s/trans-150s/Movies/Movie_clips/movie_clips(383).webm,News
2735,/mnt/hbnas/datasets/video_classification_videos/h264-vp9-150s/trans-150s/Movies/Movie_clips/movie_clips(184).webm,News
2736,/mnt/hbnas/datasets/video_classification_videos/h264-vp9-150s/trans-150s/Movies/Movie_clips/movie_clips(605).webm,Game
2737,/mnt/hbnas/datasets/video_classification_videos/h264-vp9-150s/trans-150s/Movies/Movie_clips/movie_clips(782).webm,News
2738,/mnt/hbnas/datasets/video_classification_videos/h264-vp9-150s/trans-150s/Movies/Movie_clips/movie_clips(347).webm,News
2739,/mnt/hbnas/datasets/video_classification_videos/h264-vp9-150s/trans-150s/Movies/Movie_clips/movie_clips(599).webm,News
2740,/mnt/hbnas/datasets/video_classification_videos/h264-vp9-150s/trans-150s/Movies/Movie_clips/movie_clips(812).webm,News
2741,/mnt/hbnas/datasets/video_classification_videos/h264-vp9-150s/trans-150s/Movies/Movie_clips/movie_clips(772).webm,News
2742,/mnt/hbnas/datasets/video_classification_videos/h264-vp9-150s/trans-150s/Movies/Movie_clips/movie_clips(490).webm,News
2743,/mnt/hbnas/datasets/video_classification_videos/h264-vp9-150s/trans-150s/Movies/Movie_clips/movie_clips(49).webm,News
2744,/mnt/hbnas/datasets/video_classification_videos/h264-vp9-150s/trans-150s/Movies/Movie_clips/movie_clips(268).webm,News
2745,/mnt/hbnas/datasets/video_classification_videos/h264-vp9-150s/trans-150s/Movies/Movie_clips/movie_clips(805).webm,News
2746,/mnt/hbnas/datasets/video_classification_videos/h264-vp9-150s/trans-150s/Movies/Movie_clips/movie_clips(521).webm,News
2747,/mnt/hbnas/datasets/video_classification_videos/h264-vp9-150s/trans-150s/Movies/Movie_clips/movie_clips(520).webm,News
2748,/mnt/hbnas/datasets/video_classification_videos/h264-vp9-150s/trans-150s/Movies/Movie_clips/movie_clips(83).webm,News
2749,/mnt/hbnas/datasets/video_classification_videos/h264-vp9-150s/trans-150s/Movies/Movie_clips/movie_clips(169).webm,News
2750,/mnt/hbnas/datasets/video_classification_videos/h264-vp9-150s/trans-150s/Movies/Movie_clips/movie_clips(373).webm,News
2751,/mnt/hbnas/datasets/video_classification_videos/h264-vp9-150s/trans-150s/Movies/Movie_clips/movie_clips(302).webm,News
2752,/mnt/hbnas/datasets/video_classification_videos/h264-vp9-150s/trans-150s/Movies/Movie_clips/movie_clips(282).webm,News
2753,/mnt/hbnas/datasets/video_classification_videos/h264-vp9-150s/trans-150s/Movies/Movie_clips/movie_clips(612).webm,Music
2754,/mnt/hbnas/datasets/video_classification_videos/h264-vp9-150s/trans-150s/Movies/Movie_clips/movie_clips(378).webm,News
2755,/mnt/hbnas/datasets/video_classification_videos/h264-vp9-150s/trans-150s/Movies/Movie_clips/movie_clips(164).webm,News
2756,/mnt/hbnas/datasets/video_classification_videos/h264-vp9-150s/trans-150s/Movies/Movie_clips/movie_clips(305).webm,News
2757,/mnt/hbnas/datasets/video_classification_videos/h264-vp9-150s/trans-150s/Movies/Movie_clips/movie_clips(292).webm,News
2758,/mnt/hbnas/datasets/video_classification_videos/h264-vp9-150s/trans-150s/Movies/Movie_clips/movie_clips(582).webm,News
2759,/mnt/hbnas/datasets/video_classification_videos/h264-vp9-150s/trans-150s/Movies/Movie_clips/movie_clips(686).webm,News
2760,/mnt/hbnas/datasets/video_classification_videos/h264-vp9-150s/trans-150s/Movies/Movie_clips/movie_clips(815).webm,News
2761,/mnt/hbnas/datasets/video_classification_videos/h264-vp9-150s/trans-150s/Movies/Movie_clips/movie_clips(467).webm,News
2762,/mnt/hbnas/datasets/video_classification_videos/h264-vp9-150s/trans-150s/Movies/Movie_clips/movie_clips(531).webm,News
2763,/mnt/hbnas/datasets/video_classification_videos/h264-vp9-150s/trans-150s/Movies/Movie_clips/movie_clips(655).webm,News
2764,/mnt/hbnas/datasets/video_classification_videos/h264-vp9-150s/trans-150s/Movies/Movie_clips/movie_clips(366).webm,News
2765,/mnt/hbnas/datasets/video_classification_videos/h264-vp9-150s/trans-150s/Movies/Movie_clips/movie_clips(499).webm,News
2766,/mnt/hbnas/datasets/video_classification_videos/h264-vp9-150s/trans-150s/Movies/Movie_clips/movie_clips(111).webm,News
2767,/mnt/hbnas/datasets/video_classification_videos/h264-vp9-150s/trans-150s/Movies/Movie_clips/movie_clips(675).webm,News
2768,/mnt/hbnas/datasets/video_classification_videos/h264-vp9-150s/trans-150s/Movies/Movie_clips/movie_clips(583).webm,News
2769,/mnt/hbnas/datasets/video_classification_videos/h264-vp9-150s/trans-150s/Movies/Movie_clips/movie_clips(160).webm,News
2770,/mnt/hbnas/datasets/video_classification_videos/h264-vp9-150s/trans-150s/Movies/Movie_clips/movie_clips(376).webm,News
2771,/mnt/hbnas/datasets/video_classification_videos/h264-vp9-150s/trans-150s/Movies/Movie_clips/movie_clips(403).webm,News
2772,/mnt/hbnas/datasets/video_classification_videos/h264-vp9-150s/trans-150s/Movies/Movie_clips/movie_clips(756).webm,News
2773,/mnt/hbnas/datasets/video_classification_videos/h264-vp9-150s/trans-150s/Movies/Movie_clips/movie_clips(53).webm,News
2774,/mnt/hbnas/datasets/video_classification_videos/h264-vp9-150s/trans-150s/Movies/Movie_clips/movie_clips(382).webm,Food
2775,/mnt/hbnas/datasets/video_classification_videos/h264-vp9-150s/trans-150s/Movies/Movie_clips/movie_clips(491).webm,News
2776,/mnt/hbnas/datasets/video_classification_videos/h264-vp9-150s/trans-150s/Movies/Movie_clips/movie_clips(757).webm,News
2777,/mnt/hbnas/datasets/video_classification_videos/h264-vp9-150s/trans-150s/Movies/Movie_clips/movie_clips(616).webm,News
2778,/mnt/hbnas/datasets/video_classification_videos/h264-vp9-150s/trans-150s/Movies/Movie_clips/movie_clips(126).webm,News
2779,/mnt/hbnas/datasets/video_classification_videos/h264-vp9-150s/trans-150s/Movies/Movie_clips/movie_clips(749).webm,News
2780,/mnt/hbnas/datasets/video_classification_videos/h264-vp9-150s/trans-150s/Movies/Movie_clips/movie_clips(793).webm,News
2781,/mnt/hbnas/datasets/video_classification_videos/h264-vp9-150s/trans-150s/Movies/Movie_clips/movie_clips(317).webm,News
2782,/mnt/hbnas/datasets/video_classification_videos/h264-vp9-150s/trans-150s/Movies/Movie_clips/movie_clips(744).webm,News
2783,/mnt/hbnas/datasets/video_classification_videos/h264-vp9-150s/trans-150s/Movies/Movie_clips/movie_clips(824).webm,News
2784,/mnt/hbnas/datasets/video_classification_videos/h264-vp9-150s/trans-150s/Movies/Movie_clips/movie_clips(162).webm,News
2785,/mnt/hbnas/datasets/video_classification_videos/h264-vp9-150s/trans-150s/Movies/Movie_clips/movie_clips(609).webm,News
2786,/mnt/hbnas/datasets/video_classification_videos/h264-vp9-150s/trans-150s/Movies/Movie_clips/movie_clips(804).webm,News
2787,/mnt/hbnas/datasets/video_classification_videos/h264-vp9-150s/trans-150s/Movies/Movie_clips/movie_clips(532).webm,News
2788,/mnt/hbnas/datasets/video_classification_videos/h264-vp9-150s/trans-150s/Movies/Movie_clips/movie_clips(52).webm,News
2789,/mnt/hbnas/datasets/video_classification_videos/h264-vp9-150s/trans-150s/Movies/Movie_clips/movie_clips(38).webm,News
2790,/mnt/hbnas/datasets/video_classification_videos/h264-vp9-150s/trans-150s/Movies/Movie_clips/movie_clips(287).webm,Music
2791,/mnt/hbnas/datasets/video_classification_videos/h264-vp9-150s/trans-150s/Movies/Movie_clips/movie_clips(286).webm,News
2792,/mnt/hbnas/datasets/video_classification_videos/h264-vp9-150s/trans-150s/Movies/Movie_clips/movie_clips(171).webm,News
2793,/mnt/hbnas/datasets/video_classification_videos/h264-vp9-150s/trans-150s/Movies/Movie_clips/movie_clips(676).webm,News
2794,/mnt/hbnas/datasets/video_classification_videos/h264-vp9-150s/trans-150s/Movies/Movie_clips/movie_clips(93).webm,News
2795,/mnt/hbnas/datasets/video_classification_videos/h264-vp9-150s/trans-150s/Movies/Movie_clips/movie_clips(590).webm,News
2796,/mnt/hbnas/datasets/video_classification_videos/h264-vp9-150s/trans-150s/Movies/Movie_clips/movie_clips(235).webm,News
2797,/mnt/hbnas/datasets/video_classification_videos/h264-vp9-150s/trans-150s/Movies/Movie_clips/movie_clips(456).webm,News
2798,/mnt/hbnas/datasets/video_classification_videos/h264-vp9-150s/trans-150s/Movies/Movie_clips/movie_clips(449).webm,News
2799,/mnt/hbnas/datasets/video_classification_videos/h264-vp9-150s/trans-150s/Movies/Movie_clips/movie_clips(466).webm,News
2800,/mnt/hbnas/datasets/video_classification_videos/h264-vp9-150s/trans-150s/Music/Pop/music(403).webm,News
2801,/mnt/hbnas/datasets/video_classification_videos/h264-vp9-150s/trans-150s/Music/Pop/music(265).webm,News
2802,/mnt/hbnas/datasets/video_classification_videos/h264-vp9-150s/trans-150s/Music/Pop/music(191).webm,News
2803,/mnt/hbnas/datasets/video_classification_videos/h264-vp9-150s/trans-150s/Music/Pop/music(775).webm,News
2804,/mnt/hbnas/datasets/video_classification_videos/h264-vp9-150s/trans-150s/Music/Pop/music(264).webm,News
2805,/mnt/hbnas/datasets/video_classification_videos/h264-vp9-150s/trans-150s/Music/Pop/music(412).webm,News
2806,/mnt/hbnas/datasets/video_classification_videos/h264-vp9-150s/trans-150s/Music/Pop/music(461).webm,News
2807,/mnt/hbnas/datasets/video_classification_videos/h264-vp9-150s/trans-150s/Music/Pop/music(192).webm,Game
2808,/mnt/hbnas/datasets/video_classification_videos/h264-vp9-150s/trans-150s/Music/Pop/music(480).webm,News
2809,/mnt/hbnas/datasets/video_classification_videos/h264-vp9-150s/trans-150s/Music/Pop/music(414).webm,News
2810,/mnt/hbnas/datasets/video_classification_videos/h264-vp9-150s/trans-150s/Music/Pop/music(152).webm,Game
2811,/mnt/hbnas/datasets/video_classification_videos/h264-vp9-150s/trans-150s/Music/Pop/music(965).webm,News
2812,/mnt/hbnas/datasets/video_classification_videos/h264-vp9-150s/trans-150s/Music/Pop/music(485).webm,News
2813,/mnt/hbnas/datasets/video_classification_videos/h264-vp9-150s/trans-150s/Music/Pop/music(312).webm,News
2814,/mnt/hbnas/datasets/video_classification_videos/h264-vp9-150s/trans-150s/Music/Pop/music(322).webm,News
2815,/mnt/hbnas/datasets/video_classification_videos/h264-vp9-150s/trans-150s/Music/Pop/music(504).webm,News
2816,/mnt/hbnas/datasets/video_classification_videos/h264-vp9-150s/trans-150s/Music/Pop/music(718).webm,Game
2817,/mnt/hbnas/datasets/video_classification_videos/h264-vp9-150s/trans-150s/Music/Pop/music(201).webm,News
2818,/mnt/hbnas/datasets/video_classification_videos/h264-vp9-150s/trans-150s/Music/Pop/music(654).webm,News
2819,/mnt/hbnas/datasets/video_classification_videos/h264-vp9-150s/trans-150s/Music/Pop/music(233).webm,News
2820,/mnt/hbnas/datasets/video_classification_videos/h264-vp9-150s/trans-150s/Music/Pop/music(120).webm,News
2821,/mnt/hbnas/datasets/video_classification_videos/h264-vp9-150s/trans-150s/Music/Pop/music(506).webm,News
2822,/mnt/hbnas/datasets/video_classification_videos/h264-vp9-150s/trans-150s/Music/Pop/music(942).webm,News
2823,/mnt/hbnas/datasets/video_classification_videos/h264-vp9-150s/trans-150s/Music/Pop/music(704).webm,News
2824,/mnt/hbnas/datasets/video_classification_videos/h264-vp9-150s/trans-150s/Music/Pop/music(436).webm,News
2825,/mnt/hbnas/datasets/video_classification_videos/h264-vp9-150s/trans-150s/Music/Pop/music(379).webm,News
2826,/mnt/hbnas/datasets/video_classification_videos/h264-vp9-150s/trans-150s/Music/Pop/music(690).webm,News
2827,/mnt/hbnas/datasets/video_classification_videos/h264-vp9-150s/trans-150s/Music/Pop/music(405).webm,News
2828,/mnt/hbnas/datasets/video_classification_videos/h264-vp9-150s/trans-150s/Music/Pop/music(195).webm,News
2829,/mnt/hbnas/datasets/video_classification_videos/h264-vp9-150s/trans-150s/Music/Pop/music(903).webm,News
2830,/mnt/hbnas/datasets/video_classification_videos/h264-vp9-150s/trans-150s/Music/Pop/music(400).webm,News
2831,/mnt/hbnas/datasets/video_classification_videos/h264-vp9-150s/trans-150s/Music/Pop/music(595).webm,News
2832,/mnt/hbnas/datasets/video_classification_videos/h264-vp9-150s/trans-150s/Music/Pop/music(652).webm,Food
2833,/mnt/hbnas/datasets/video_classification_videos/h264-vp9-150s/trans-150s/Music/Pop/music(284).webm,Game
2834,/mnt/hbnas/datasets/video_classification_videos/h264-vp9-150s/trans-150s/Music/Pop/music(927).webm,Game
2835,/mnt/hbnas/datasets/video_classification_videos/h264-vp9-150s/trans-150s/Music/Pop/music(973).webm,News
2836,/mnt/hbnas/datasets/video_classification_videos/h264-vp9-150s/trans-150s/Music/Pop/music(807).webm,News
2837,/mnt/hbnas/datasets/video_classification_videos/h264-vp9-150s/trans-150s/Music/Pop/music(460).webm,News
2838,/mnt/hbnas/datasets/video_classification_videos/h264-vp9-150s/trans-150s/Music/Pop/music(629).webm,News
2839,/mnt/hbnas/datasets/video_classification_videos/h264-vp9-150s/trans-150s/Music/Pop/music(798).webm,Food
2840,/mnt/hbnas/datasets/video_classification_videos/h264-vp9-150s/trans-150s/Music/Pop/music(801).webm,News
2841,/mnt/hbnas/datasets/video_classification_videos/h264-vp9-150s/trans-150s/Music/Pop/music(188).webm,News
2842,/mnt/hbnas/datasets/video_classification_videos/h264-vp9-150s/trans-150s/Music/Pop/music(673).webm,News
2843,/mnt/hbnas/datasets/video_classification_videos/h264-vp9-150s/trans-150s/Music/Pop/music(693).webm,News
2844,/mnt/hbnas/datasets/video_classification_videos/h264-vp9-150s/trans-150s/Music/Pop/music(165).webm,News
2845,/mnt/hbnas/datasets/video_classification_videos/h264-vp9-150s/trans-150s/Music/Pop/music(419).webm,News
2846,/mnt/hbnas/datasets/video_classification_videos/h264-vp9-150s/trans-150s/Music/Pop/music(666).webm,News
2847,/mnt/hbnas/datasets/video_classification_videos/h264-vp9-150s/trans-150s/Music/Pop/music(683).webm,News
2848,/mnt/hbnas/datasets/video_classification_videos/h264-vp9-150s/trans-150s/Music/Pop/music(797).webm,News
2849,/mnt/hbnas/datasets/video_classification_videos/h264-vp9-150s/trans-150s/Music/Pop/music(256).webm,Food
2850,/mnt/hbnas/datasets/video_classification_videos/h264-vp9-150s/trans-150s/Music/Pop/music(336).webm,News
2851,/mnt/hbnas/datasets/video_classification_videos/h264-vp9-150s/trans-150s/Music/Pop/music(343).webm,News
2852,/mnt/hbnas/datasets/video_classification_videos/h264-vp9-150s/trans-150s/Music/Pop/music(449).webm,News
2853,/mnt/hbnas/datasets/video_classification_videos/h264-vp9-150s/trans-150s/Music/Pop/music(537).webm,News
2854,/mnt/hbnas/datasets/video_classification_videos/h264-vp9-150s/trans-150s/Music/Pop/music(206).webm,News
2855,/mnt/hbnas/datasets/video_classification_videos/h264-vp9-150s/trans-150s/Music/Pop/music(919).webm,News
2856,/mnt/hbnas/datasets/video_classification_videos/h264-vp9-150s/trans-150s/Music/Pop/music(512).webm,News
2857,/mnt/hbnas/datasets/video_classification_videos/h264-vp9-150s/trans-150s/Music/Pop/music(954).webm,News
2858,/mnt/hbnas/datasets/video_classification_videos/h264-vp9-150s/trans-150s/Music/Pop/music(408).webm,News
2859,/mnt/hbnas/datasets/video_classification_videos/h264-vp9-150s/trans-150s/Music/Pop/music(671).webm,News
2860,/mnt/hbnas/datasets/video_classification_videos/h264-vp9-150s/trans-150s/Music/Pop/music(700).webm,News
2861,/mnt/hbnas/datasets/video_classification_videos/h264-vp9-150s/trans-150s/Music/Pop/music(290).webm,News
2862,/mnt/hbnas/datasets/video_classification_videos/h264-vp9-150s/trans-150s/Music/Pop/music(825).webm,Movie
2863,/mnt/hbnas/datasets/video_classification_videos/h264-vp9-150s/trans-150s/Music/Pop/music(518).webm,News
2864,/mnt/hbnas/datasets/video_classification_videos/h264-vp9-150s/trans-150s/Music/Pop/music(932).webm,News
2865,/mnt/hbnas/datasets/video_classification_videos/h264-vp9-150s/trans-150s/Music/Pop/music(794).webm,Food
2866,/mnt/hbnas/datasets/video_classification_videos/h264-vp9-150s/trans-150s/Music/Pop/music(271).webm,News
2867,/mnt/hbnas/datasets/video_classification_videos/h264-vp9-150s/trans-150s/Music/Pop/music(610).webm,News
2868,/mnt/hbnas/datasets/video_classification_videos/h264-vp9-150s/trans-150s/Music/Pop/music(464).webm,News
2869,/mnt/hbnas/datasets/video_classification_videos/h264-vp9-150s/trans-150s/Music/Pop/music(234).webm,News
2870,/mnt/hbnas/datasets/video_classification_videos/h264-vp9-150s/trans-150s/Music/Pop/music(308).webm,Game
2871,/mnt/hbnas/datasets/video_classification_videos/h264-vp9-150s/trans-150s/Music/Pop/music(928).webm,News
2872,/mnt/hbnas/datasets/video_classification_videos/h264-vp9-150s/trans-150s/Music/Pop/music(639).webm,News
2873,/mnt/hbnas/datasets/video_classification_videos/h264-vp9-150s/trans-150s/Music/Pop/music(280).webm,News
2874,/mnt/hbnas/datasets/video_classification_videos/h264-vp9-150s/trans-150s/Music/Pop/music(571).webm,News
2875,/mnt/hbnas/datasets/video_classification_videos/h264-vp9-150s/trans-150s/Music/Pop/music(476).webm,News
2876,/mnt/hbnas/datasets/video_classification_videos/h264-vp9-150s/trans-150s/Music/Pop/music(283).webm,Game
2877,/mnt/hbnas/datasets/video_classification_videos/h264-vp9-150s/trans-150s/Music/Pop/music(755).webm,News
2878,/mnt/hbnas/datasets/video_classification_videos/h264-vp9-150s/trans-150s/Music/Pop/music(289).webm,News
2879,/mnt/hbnas/datasets/video_classification_videos/h264-vp9-150s/trans-150s/Music/Pop/music(285).webm,News
2880,/mnt/hbnas/datasets/video_classification_videos/h264-vp9-150s/trans-150s/Music/Pop/music(604).webm,News
2881,/mnt/hbnas/datasets/video_classification_videos/h264-vp9-150s/trans-150s/Music/Pop/music(117).webm,News
2882,/mnt/hbnas/datasets/video_classification_videos/h264-vp9-150s/trans-150s/Music/Pop/music(586).webm,News
2883,/mnt/hbnas/datasets/video_classification_videos/h264-vp9-150s/trans-150s/Music/Pop/music(466).webm,News
2884,/mnt/hbnas/datasets/video_classification_videos/h264-vp9-150s/trans-150s/Music/Pop/music(468).webm,News
2885,/mnt/hbnas/datasets/video_classification_videos/h264-vp9-150s/trans-150s/Music/Pop/music(568).webm,News
2886,/mnt/hbnas/datasets/video_classification_videos/h264-vp9-150s/trans-150s/Music/Pop/music(902).webm,News
2887,/mnt/hbnas/datasets/video_classification_videos/h264-vp9-150s/trans-150s/Music/Pop/music(374).webm,News
2888,/mnt/hbnas/datasets/video_classification_videos/h264-vp9-150s/trans-150s/Music/Pop/music(382).webm,News
2889,/mnt/hbnas/datasets/video_classification_videos/h264-vp9-150s/trans-150s/Music/Pop/music(776).webm,News
2890,/mnt/hbnas/datasets/video_classification_videos/h264-vp9-150s/trans-150s/Music/Pop/music(714).webm,News
2891,/mnt/hbnas/datasets/video_classification_videos/h264-vp9-150s/trans-150s/Music/Pop/music(909).webm,News
2892,/mnt/hbnas/datasets/video_classification_videos/h264-vp9-150s/trans-150s/Music/Pop/music(843).webm,News
2893,/mnt/hbnas/datasets/video_classification_videos/h264-vp9-150s/trans-150s/Music/Pop/music(148).webm,News
2894,/mnt/hbnas/datasets/video_classification_videos/h264-vp9-150s/trans-150s/Music/Pop/music(227).webm,News
2895,/mnt/hbnas/datasets/video_classification_videos/h264-vp9-150s/trans-150s/Music/Pop/music(583).webm,News
2896,/mnt/hbnas/datasets/video_classification_videos/h264-vp9-150s/trans-150s/Music/Pop/music(587).webm,News
2897,/mnt/hbnas/datasets/video_classification_videos/h264-vp9-150s/trans-150s/Music/Pop/music(914).webm,News
2898,/mnt/hbnas/datasets/video_classification_videos/h264-vp9-150s/trans-150s/Music/Pop/music(764).webm,News
2899,/mnt/hbnas/datasets/video_classification_videos/h264-vp9-150s/trans-150s/Music/Pop/music(817).webm,News
2900,/mnt/hbnas/datasets/video_classification_videos/h264-vp9-150s/trans-150s/Music/Pop/music(439).webm,News
2901,/mnt/hbnas/datasets/video_classification_videos/h264-vp9-150s/trans-150s/Music/Pop/music(433).webm,Food
2902,/mnt/hbnas/datasets/video_classification_videos/h264-vp9-150s/trans-150s/Music/Pop/music(656).webm,News
2903,/mnt/hbnas/datasets/video_classification_videos/h264-vp9-150s/trans-150s/Music/Pop/music(849).webm,News
2904,/mnt/hbnas/datasets/video_classification_videos/h264-vp9-150s/trans-150s/Music/Pop/music(908).webm,News
2905,/mnt/hbnas/datasets/video_classification_videos/h264-vp9-150s/trans-150s/Music/Pop/music(415).webm,News
2906,/mnt/hbnas/datasets/video_classification_videos/h264-vp9-150s/trans-150s/Music/Pop/music(384).webm,News
2907,/mnt/hbnas/datasets/video_classification_videos/h264-vp9-150s/trans-150s/Music/Pop/music(463).webm,News
2908,/mnt/hbnas/datasets/video_classification_videos/h264-vp9-150s/trans-150s/Music/Pop/music(344).webm,News
2909,/mnt/hbnas/datasets/video_classification_videos/h264-vp9-150s/trans-150s/Music/Pop/music(116).webm,Food
2910,/mnt/hbnas/datasets/video_classification_videos/h264-vp9-150s/trans-150s/Music/Pop/music(859).webm,Music
2911,/mnt/hbnas/datasets/video_classification_videos/h264-vp9-150s/trans-150s/Music/Pop/music(573).webm,News
2912,/mnt/hbnas/datasets/video_classification_videos/h264-vp9-150s/trans-150s/Music/Concert/concert(115).webm,News
2913,/mnt/hbnas/datasets/video_classification_videos/h264-vp9-150s/trans-150s/Music/Concert/concert(789).webm,News
2914,/mnt/hbnas/datasets/video_classification_videos/h264-vp9-150s/trans-150s/Music/Concert/concert(114).webm,News
2915,/mnt/hbnas/datasets/video_classification_videos/h264-vp9-150s/trans-150s/Music/Concert/concert(793).webm,News
2916,/mnt/hbnas/datasets/video_classification_videos/h264-vp9-150s/trans-150s/Music/Concert/concert(352).webm,News
2917,/mnt/hbnas/datasets/video_classification_videos/h264-vp9-150s/trans-150s/Music/Concert/concert(598).webm,News
2918,/mnt/hbnas/datasets/video_classification_videos/h264-vp9-150s/trans-150s/Music/Concert/concert(704).webm,News
2919,/mnt/hbnas/datasets/video_classification_videos/h264-vp9-150s/trans-150s/Music/Concert/concert(768).webm,News
2920,/mnt/hbnas/datasets/video_classification_videos/h264-vp9-150s/trans-150s/Music/Concert/concert(910).webm,News
2921,/mnt/hbnas/datasets/video_classification_videos/h264-vp9-150s/trans-150s/Music/Concert/concert(749).webm,News
2922,/mnt/hbnas/datasets/video_classification_videos/h264-vp9-150s/trans-150s/Music/Concert/concert(184).webm,News
2923,/mnt/hbnas/datasets/video_classification_videos/h264-vp9-150s/trans-150s/Music/Concert/concert(753).webm,Movie
2924,/mnt/hbnas/datasets/video_classification_videos/h264-vp9-150s/trans-150s/Music/Concert/concert(329).webm,News
2925,/mnt/hbnas/datasets/video_classification_videos/h264-vp9-150s/trans-150s/Music/Concert/concert(832).webm,News
2926,/mnt/hbnas/datasets/video_classification_videos/h264-vp9-150s/trans-150s/Music/Concert/concert(133).webm,News
2927,/mnt/hbnas/datasets/video_classification_videos/h264-vp9-150s/trans-150s/Music/Concert/concert(805).webm,News
2928,/mnt/hbnas/datasets/video_classification_videos/h264-vp9-150s/trans-150s/Music/Concert/concert(919).webm,News
2929,/mnt/hbnas/datasets/video_classification_videos/h264-vp9-150s/trans-150s/Music/Concert/concert(158).webm,News
2930,/mnt/hbnas/datasets/video_classification_videos/h264-vp9-150s/trans-150s/Music/Concert/concert(591).webm,News
2931,/mnt/hbnas/datasets/video_classification_videos/h264-vp9-150s/trans-150s/Music/Concert/concert(944).webm,Music
2932,/mnt/hbnas/datasets/video_classification_videos/h264-vp9-150s/trans-150s/Music/Concert/concert(697).webm,Music
2933,/mnt/hbnas/datasets/video_classification_videos/h264-vp9-150s/trans-150s/Music/Concert/concert(380).webm,Game
2934,/mnt/hbnas/datasets/video_classification_videos/h264-vp9-150s/trans-150s/Music/Concert/concert(498).webm,News
2935,/mnt/hbnas/datasets/video_classification_videos/h264-vp9-150s/trans-150s/Music/Concert/concert(258).webm,News
2936,/mnt/hbnas/datasets/video_classification_videos/h264-vp9-150s/trans-150s/Music/Concert/concert(520).webm,News
2937,/mnt/hbnas/datasets/video_classification_videos/h264-vp9-150s/trans-150s/Music/Concert/concert(792).webm,Game
2938,/mnt/hbnas/datasets/video_classification_videos/h264-vp9-150s/trans-150s/Music/Concert/concert(243).webm,News
2939,/mnt/hbnas/datasets/video_classification_videos/h264-vp9-150s/trans-150s/Music/Concert/concert(646).webm,News
2940,/mnt/hbnas/datasets/video_classification_videos/h264-vp9-150s/trans-150s/Music/Concert/concert(902).webm,Game
2941,/mnt/hbnas/datasets/video_classification_videos/h264-vp9-150s/trans-150s/Music/Concert/concert(942).webm,News
2942,/mnt/hbnas/datasets/video_classification_videos/h264-vp9-150s/trans-150s/Music/Concert/concert(866).webm,News
2943,/mnt/hbnas/datasets/video_classification_videos/h264-vp9-150s/trans-150s/Music/Concert/concert(780).webm,News
2944,/mnt/hbnas/datasets/video_classification_videos/h264-vp9-150s/trans-150s/Music/Concert/concert(337).webm,News
2945,/mnt/hbnas/datasets/video_classification_videos/h264-vp9-150s/trans-150s/Music/Concert/concert(755).webm,News
2946,/mnt/hbnas/datasets/video_classification_videos/h264-vp9-150s/trans-150s/Music/Concert/concert(915).webm,News
2947,/mnt/hbnas/datasets/video_classification_videos/h264-vp9-150s/trans-150s/Music/Concert/concert(289).webm,News
2948,/mnt/hbnas/datasets/video_classification_videos/h264-vp9-150s/trans-150s/Music/Concert/concert(836).webm,Food
2949,/mnt/hbnas/datasets/video_classification_videos/h264-vp9-150s/trans-150s/Music/Concert/concert(533).webm,News
2950,/mnt/hbnas/datasets/video_classification_videos/h264-vp9-150s/trans-150s/Music/Concert/concert(613).webm,News
2951,/mnt/hbnas/datasets/video_classification_videos/h264-vp9-150s/trans-150s/Music/Concert/concert(499).webm,News
2952,/mnt/hbnas/datasets/video_classification_videos/h264-vp9-150s/trans-150s/Music/Concert/concert(336).webm,Music
2953,/mnt/hbnas/datasets/video_classification_videos/h264-vp9-150s/trans-150s/Music/Concert/concert(881).webm,News
2954,/mnt/hbnas/datasets/video_classification_videos/h264-vp9-150s/trans-150s/Music/Concert/concert(687).webm,News
2955,/mnt/hbnas/datasets/video_classification_videos/h264-vp9-150s/trans-150s/Music/Concert/concert(835).webm,Music
2956,/mnt/hbnas/datasets/video_classification_videos/h264-vp9-150s/trans-150s/Music/Concert/concert(220).webm,News
2957,/mnt/hbnas/datasets/video_classification_videos/h264-vp9-150s/trans-150s/Music/Concert/concert(938).webm,News
2958,/mnt/hbnas/datasets/video_classification_videos/h264-vp9-150s/trans-150s/Music/Concert/concert(449).webm,News
2959,/mnt/hbnas/datasets/video_classification_videos/h264-vp9-150s/trans-150s/Music/Concert/concert(815).webm,News
2960,/mnt/hbnas/datasets/video_classification_videos/h264-vp9-150s/trans-150s/Music/Concert/concert(411).webm,News
2961,/mnt/hbnas/datasets/video_classification_videos/h264-vp9-150s/trans-150s/Music/Concert/concert(608).webm,News
2962,/mnt/hbnas/datasets/video_classification_videos/h264-vp9-150s/trans-150s/Music/Concert/concert(781).webm,News
2963,/mnt/hbnas/datasets/video_classification_videos/h264-vp9-150s/trans-150s/Music/Concert/concert(669).webm,News
2964,/mnt/hbnas/datasets/video_classification_videos/h264-vp9-150s/trans-150s/Music/Concert/concert(292).webm,Music
2965,/mnt/hbnas/datasets/video_classification_videos/h264-vp9-150s/trans-150s/Music/Concert/concert(460).webm,News
2966,/mnt/hbnas/datasets/video_classification_videos/h264-vp9-150s/trans-150s/Music/Concert/concert(710).webm,News
2967,/mnt/hbnas/datasets/video_classification_videos/h264-vp9-150s/trans-150s/Music/Concert/concert(905).webm,Music
2968,/mnt/hbnas/datasets/video_classification_videos/h264-vp9-150s/trans-150s/Music/Concert/concert(643).webm,News
2969,/mnt/hbnas/datasets/video_classification_videos/h264-vp9-150s/trans-150s/Music/Concert/concert(326).webm,News
2970,/mnt/hbnas/datasets/video_classification_videos/h264-vp9-150s/trans-150s/Music/Concert/concert(674).webm,News
2971,/mnt/hbnas/datasets/video_classification_videos/h264-vp9-150s/trans-150s/Music/Concert/concert(183).webm,Game
2972,/mnt/hbnas/datasets/video_classification_videos/h264-vp9-150s/trans-150s/Music/Concert/concert(234).webm,Music
2973,/mnt/hbnas/datasets/video_classification_videos/h264-vp9-150s/trans-150s/Music/Concert/concert(428).webm,News
2974,/mnt/hbnas/datasets/video_classification_videos/h264-vp9-150s/trans-150s/Music/Concert/concert(775).webm,Game
2975,/mnt/hbnas/datasets/video_classification_videos/h264-vp9-150s/trans-150s/Music/Concert/concert(923).webm,News
2976,/mnt/hbnas/datasets/video_classification_videos/h264-vp9-150s/trans-150s/Music/Concert/concert(269).webm,News
2977,/mnt/hbnas/datasets/video_classification_videos/h264-vp9-150s/trans-150s/Music/Concert/concert(953).webm,News
2978,/mnt/hbnas/datasets/video_classification_videos/h264-vp9-150s/trans-150s/Music/Concert/concert(928).webm,Food
2979,/mnt/hbnas/datasets/video_classification_videos/h264-vp9-150s/trans-150s/Music/Concert/concert(347).webm,News
2980,/mnt/hbnas/datasets/video_classification_videos/h264-vp9-150s/trans-150s/Music/Concert/concert(811).webm,Music
2981,/mnt/hbnas/datasets/video_classification_videos/h264-vp9-150s/trans-150s/Music/Concert/concert(798).webm,News
2982,/mnt/hbnas/datasets/video_classification_videos/h264-vp9-150s/trans-150s/Music/Concert/concert(730).webm,News
2983,/mnt/hbnas/datasets/video_classification_videos/h264-vp9-150s/trans-150s/Music/Concert/concert(152).webm,News
2984,/mnt/hbnas/datasets/video_classification_videos/h264-vp9-150s/trans-150s/Music/Concert/concert(552).webm,News
2985,/mnt/hbnas/datasets/video_classification_videos/h264-vp9-150s/trans-150s/Music/Concert/concert(648).webm,News
2986,/mnt/hbnas/datasets/video_classification_videos/h264-vp9-150s/trans-150s/Music/Concert/concert(628).webm,News
2987,/mnt/hbnas/datasets/video_classification_videos/h264-vp9-150s/trans-150s/Music/Concert/concert(856).webm,Music
2988,/mnt/hbnas/datasets/video_classification_videos/h264-vp9-150s/trans-150s/Music/Concert/concert(138).webm,Music
2989,/mnt/hbnas/datasets/video_classification_videos/h264-vp9-150s/trans-150s/Music/Concert/concert(113).webm,News
2990,/mnt/hbnas/datasets/video_classification_videos/h264-vp9-150s/trans-150s/Music/Concert/concert(186).webm,News
2991,/mnt/hbnas/datasets/video_classification_videos/h264-vp9-150s/trans-150s/Music/Concert/concert(897).webm,News
2992,/mnt/hbnas/datasets/video_classification_videos/h264-vp9-150s/trans-150s/Music/Concert/concert(472).webm,News
2993,/mnt/hbnas/datasets/video_classification_videos/h264-vp9-150s/trans-150s/Music/Concert/concert(799).webm,News
2994,/mnt/hbnas/datasets/video_classification_videos/h264-vp9-150s/trans-150s/Music/Concert/concert(948).webm,News
2995,/mnt/hbnas/datasets/video_classification_videos/h264-vp9-150s/trans-150s/Music/Concert/concert(255).webm,News
2996,/mnt/hbnas/datasets/video_classification_videos/h264-vp9-150s/trans-150s/Music/Concert/concert(249).webm,News
2997,/mnt/hbnas/datasets/video_classification_videos/h264-vp9-150s/trans-150s/Music/Concert/concert(763).webm,News
2998,/mnt/hbnas/datasets/video_classification_videos/h264-vp9-150s/trans-150s/Music/Concert/concert(563).webm,News
2999,/mnt/hbnas/datasets/video_classification_videos/h264-vp9-150s/trans-150s/Music/Concert/concert(427).webm,News
3000,/mnt/hbnas/datasets/video_classification_videos/h264-vp9-150s/trans-150s/Music/Concert/concert(980).webm,News
3001,/mnt/hbnas/datasets/video_classification_videos/h264-vp9-150s/trans-150s/Music/Concert/concert(529).webm,News
3002,/mnt/hbnas/datasets/video_classification_videos/h264-vp9-150s/trans-150s/Music/Concert/concert(195).webm,News
3003,/mnt/hbnas/datasets/video_classification_videos/h264-vp9-150s/trans-150s/Music/Concert/concert(988).webm,News
3004,/mnt/hbnas/datasets/video_classification_videos/h264-vp9-150s/trans-150s/Music/Concert/concert(417).webm,News
3005,/mnt/hbnas/datasets/video_classification_videos/h264-vp9-150s/trans-150s/Music/Concert/concert(884).webm,News
3006,/mnt/hbnas/datasets/video_classification_videos/h264-vp9-150s/trans-150s/Music/Concert/concert(207).webm,News
3007,/mnt/hbnas/datasets/video_classification_videos/h264-vp9-150s/trans-150s/Music/Concert/concert(847).webm,News
3008,/mnt/hbnas/datasets/video_classification_videos/h264-vp9-150s/trans-150s/Music/Concert/concert(390).webm,News
3009,/mnt/hbnas/datasets/video_classification_videos/h264-vp9-150s/trans-150s/Music/Concert/concert(699).webm,News
3010,/mnt/hbnas/datasets/video_classification_videos/h264-vp9-150s/trans-150s/Music/Concert/concert(474).webm,News
3011,/mnt/hbnas/datasets/video_classification_videos/h264-vp9-150s/trans-150s/Music/Concert/concert(981).webm,News
3012,/mnt/hbnas/datasets/video_classification_videos/h264-vp9-150s/trans-150s/Music/Concert/concert(350).webm,Food
3013,/mnt/hbnas/datasets/video_classification_videos/h264-vp9-150s/trans-150s/Music/Concert/concert(762).webm,News
3014,/mnt/hbnas/datasets/video_classification_videos/h264-vp9-150s/trans-150s/Music/Concert/concert(264).webm,News
3015,/mnt/hbnas/datasets/video_classification_videos/h264-vp9-150s/trans-150s/Music/Concert/concert(378).webm,News
3016,/mnt/hbnas/datasets/video_classification_videos/h264-vp9-150s/trans-150s/Music/Concert/concert(726).webm,News
3017,/mnt/hbnas/datasets/video_classification_videos/h264-vp9-150s/trans-150s/Music/Concert/concert(470).webm,News
3018,/mnt/hbnas/datasets/video_classification_videos/h264-vp9-150s/trans-150s/Music/Concert/concert(407).webm,News
3019,/mnt/hbnas/datasets/video_classification_videos/h264-vp9-150s/trans-150s/Music/Concert/concert(181).webm,News
3020,/mnt/hbnas/datasets/video_classification_videos/h264-vp9-150s/trans-150s/Music/Concert/concert(542).webm,News
3021,/mnt/hbnas/datasets/video_classification_videos/h264-vp9-150s/trans-150s/Music/Concert/concert(271).webm,News
3022,/mnt/hbnas/datasets/video_classification_videos/h264-vp9-150s/trans-150s/Music/Concert/concert(504).webm,News
3023,/mnt/hbnas/datasets/video_classification_videos/h264-vp9-150s/trans-150s/Music/Concert/concert(146).webm,News
3024,/mnt/hbnas/datasets/video_classification_videos/h264-vp9-150s/trans-150s/Music/Concert/concert(516).webm,News
3025,/mnt/hbnas/datasets/video_classification_videos/h264-vp9-150s/trans-150s/Music/Concert/concert(917).webm,Music
3026,/mnt/hbnas/datasets/video_classification_videos/h264-vp9-150s/trans-150s/Music/Concert/concert(930).webm,News
3027,/mnt/hbnas/datasets/video_classification_videos/h264-vp9-150s/trans-150s/Music/Concert/concert(170).webm,Music
3028,/mnt/hbnas/datasets/video_classification_videos/h264-vp9-150s/trans-150s/Music/MV/mv/mv460.webm,News
3029,/mnt/hbnas/datasets/video_classification_videos/h264-vp9-150s/trans-150s/Music/MV/mv/mv828.webm,News
3030,/mnt/hbnas/datasets/video_classification_videos/h264-vp9-150s/trans-150s/Music/MV/mv/mv312.webm,Food
3031,/mnt/hbnas/datasets/video_classification_videos/h264-vp9-150s/trans-150s/Music/MV/mv/mv651.webm,News
3032,/mnt/hbnas/datasets/video_classification_videos/h264-vp9-150s/trans-150s/Music/MV/mv/mv612.webm,News
3033,/mnt/hbnas/datasets/video_classification_videos/h264-vp9-150s/trans-150s/Music/MV/mv/mv741.webm,News
3034,/mnt/hbnas/datasets/video_classification_videos/h264-vp9-150s/trans-150s/Music/MV/mv/mv353.webm,News
3035,/mnt/hbnas/datasets/video_classification_videos/h264-vp9-150s/trans-150s/Music/MV/mv/mv169.webm,News
3036,/mnt/hbnas/datasets/video_classification_videos/h264-vp9-150s/trans-150s/Music/MV/mv/mv445.webm,News
3037,/mnt/hbnas/datasets/video_classification_videos/h264-vp9-150s/trans-150s/Music/MV/mv/mv520.webm,News
3038,/mnt/hbnas/datasets/video_classification_videos/h264-vp9-150s/trans-150s/Music/MV/mv/mv378.webm,News
3039,/mnt/hbnas/datasets/video_classification_videos/h264-vp9-150s/trans-150s/Music/MV/mv/mv690.webm,News
3040,/mnt/hbnas/datasets/video_classification_videos/h264-vp9-150s/trans-150s/Music/MV/mv/mv253.webm,News
3041,/mnt/hbnas/datasets/video_classification_videos/h264-vp9-150s/trans-150s/Music/MV/mv/mv397.webm,Sports
3042,/mnt/hbnas/datasets/video_classification_videos/h264-vp9-150s/trans-150s/Music/MV/mv/mv150.webm,News
3043,/mnt/hbnas/datasets/video_classification_videos/h264-vp9-150s/trans-150s/Music/MV/mv/mv250.webm,Food
3044,/mnt/hbnas/datasets/video_classification_videos/h264-vp9-150s/trans-150s/Music/MV/mv/mv364.webm,News
3045,/mnt/hbnas/datasets/video_classification_videos/h264-vp9-150s/trans-150s/Music/MV/mv/mv290.webm,Food
3046,/mnt/hbnas/datasets/video_classification_videos/h264-vp9-150s/trans-150s/Music/MV/mv/mv511.webm,News
3047,/mnt/hbnas/datasets/video_classification_videos/h264-vp9-150s/trans-150s/Music/MV/mv/mv124.webm,News
3048,/mnt/hbnas/datasets/video_classification_videos/h264-vp9-150s/trans-150s/Music/MV/mv/mv618.webm,News
3049,/mnt/hbnas/datasets/video_classification_videos/h264-vp9-150s/trans-150s/Music/MV/mv/mv247.webm,Game
3050,/mnt/hbnas/datasets/video_classification_videos/h264-vp9-150s/trans-150s/Music/MV/mv/mv558.webm,Game
3051,/mnt/hbnas/datasets/video_classification_videos/h264-vp9-150s/trans-150s/Music/MV/mv/mv629.webm,News
3052,/mnt/hbnas/datasets/video_classification_videos/h264-vp9-150s/trans-150s/Music/MV/mv/mv402.webm,Food
3053,/mnt/hbnas/datasets/video_classification_videos/h264-vp9-150s/trans-150s/Music/MV/mv/mv765.webm,Game
3054,/mnt/hbnas/datasets/video_classification_videos/h264-vp9-150s/trans-150s/Music/MV/mv/mv845.webm,News
3055,/mnt/hbnas/datasets/video_classification_videos/h264-vp9-150s/trans-150s/Music/MV/mv/mv865.webm,Food
3056,/mnt/hbnas/datasets/video_classification_videos/h264-vp9-150s/trans-150s/Music/MV/mv/mv641.webm,News
3057,/mnt/hbnas/datasets/video_classification_videos/h264-vp9-150s/trans-150s/Music/MV/mv/mv673.webm,News
3058,/mnt/hbnas/datasets/video_classification_videos/h264-vp9-150s/trans-150s/Music/MV/mv/mv330.webm,Food
3059,/mnt/hbnas/datasets/video_classification_videos/h264-vp9-150s/trans-150s/Music/MV/mv/mv859.webm,News
3060,/mnt/hbnas/datasets/video_classification_videos/h264-vp9-150s/trans-150s/Music/MV/mv/mv809.webm,News
3061,/mnt/hbnas/datasets/video_classification_videos/h264-vp9-150s/trans-150s/Music/MV/mv/mv747.webm,News
3062,/mnt/hbnas/datasets/video_classification_videos/h264-vp9-150s/trans-150s/Music/MV/mv/mv712.webm,News
3063,/mnt/hbnas/datasets/video_classification_videos/h264-vp9-150s/trans-150s/Music/MV/mv/mv757.webm,News
3064,/mnt/hbnas/datasets/video_classification_videos/h264-vp9-150s/trans-150s/Music/MV/mv/mv652.webm,Food
3065,/mnt/hbnas/datasets/video_classification_videos/h264-vp9-150s/trans-150s/Music/MV/mv/mv664.webm,News
3066,/mnt/hbnas/datasets/video_classification_videos/h264-vp9-150s/trans-150s/Music/MV/mv/mv504.webm,Game
3067,/mnt/hbnas/datasets/video_classification_videos/h264-vp9-150s/trans-150s/Music/MV/mv/mv517.webm,News
3068,/mnt/hbnas/datasets/video_classification_videos/h264-vp9-150s/trans-150s/Music/MV/mv/mv530.webm,News
3069,/mnt/hbnas/datasets/video_classification_videos/h264-vp9-150s/trans-150s/Music/MV/mv/mv817.webm,News
3070,/mnt/hbnas/datasets/video_classification_videos/h264-vp9-150s/trans-150s/Music/MV/mv/mv633.webm,News
3071,/mnt/hbnas/datasets/video_classification_videos/h264-vp9-150s/trans-150s/Music/MV/mv/mv391.webm,Game
3072,/mnt/hbnas/datasets/video_classification_videos/h264-vp9-150s/trans-150s/Music/MV/mv/mv142.webm,News
3073,/mnt/hbnas/datasets/video_classification_videos/h264-vp9-150s/trans-150s/Music/MV/mv/mv862.webm,Music
3074,/mnt/hbnas/datasets/video_classification_videos/h264-vp9-150s/trans-150s/Music/MV/mv/mv318.webm,News
3075,/mnt/hbnas/datasets/video_classification_videos/h264-vp9-150s/trans-150s/Music/MV/mv/mv270.webm,Food
3076,/mnt/hbnas/datasets/video_classification_videos/h264-vp9-150s/trans-150s/Music/MV/mv/mv711.webm,Game
3077,/mnt/hbnas/datasets/video_classification_videos/h264-vp9-150s/trans-150s/Music/MV/mv/mv316.webm,News
3078,/mnt/hbnas/datasets/video_classification_videos/h264-vp9-150s/trans-150s/Music/MV/mv/mv715.webm,Game
3079,/mnt/hbnas/datasets/video_classification_videos/h264-vp9-150s/trans-150s/Music/MV/mv/mv818.webm,News
3080,/mnt/hbnas/datasets/video_classification_videos/h264-vp9-150s/trans-150s/Music/MV/mv/mv706.webm,News
3081,/mnt/hbnas/datasets/video_classification_videos/h264-vp9-150s/trans-150s/Music/MV/mv/mv382.webm,Game
3082,/mnt/hbnas/datasets/video_classification_videos/h264-vp9-150s/trans-150s/Music/MV/mv/mv771.webm,News
3083,/mnt/hbnas/datasets/video_classification_videos/h264-vp9-150s/trans-150s/Music/MV/mv/mv615.webm,News
3084,/mnt/hbnas/datasets/video_classification_videos/h264-vp9-150s/trans-150s/Music/MV/mv/mv470.webm,Food
3085,/mnt/hbnas/datasets/video_classification_videos/h264-vp9-150s/trans-150s/Music/MV/mv/mv663.webm,News
3086,/mnt/hbnas/datasets/video_classification_videos/h264-vp9-150s/trans-150s/Music/MV/mv/mv321.webm,Food
3087,/mnt/hbnas/datasets/video_classification_videos/h264-vp9-150s/trans-150s/Music/MV/mv/mv144.webm,News
3088,/mnt/hbnas/datasets/video_classification_videos/h264-vp9-150s/trans-150s/Music/MV/mv/mv328.webm,Game
3089,/mnt/hbnas/datasets/video_classification_videos/h264-vp9-150s/trans-150s/Music/MV/mv/mv736.webm,News
3090,/mnt/hbnas/datasets/video_classification_videos/h264-vp9-150s/trans-150s/Music/MV/mv/mv821.webm,Food
3091,/mnt/hbnas/datasets/video_classification_videos/h264-vp9-150s/trans-150s/Music/MV/mv/mv334.webm,News
3092,/mnt/hbnas/datasets/video_classification_videos/h264-vp9-150s/trans-150s/Music/MV/mv/mv776.webm,News
3093,/mnt/hbnas/datasets/video_classification_videos/h264-vp9-150s/trans-150s/Music/MV/mv/mv756.webm,Sports
3094,/mnt/hbnas/datasets/video_classification_videos/h264-vp9-150s/trans-150s/Music/MV/mv/mv822.webm,News
3095,/mnt/hbnas/datasets/video_classification_videos/h264-vp9-150s/trans-150s/Music/MV/mv/mv576.webm,News
3096,/mnt/hbnas/datasets/video_classification_videos/h264-vp9-150s/trans-150s/Music/MV/mv/mv190.webm,News
3097,/mnt/hbnas/datasets/video_classification_videos/h264-vp9-150s/trans-150s/Music/MV/mv/mv555.webm,Game
3098,/mnt/hbnas/datasets/video_classification_videos/h264-vp9-150s/trans-150s/Music/MV/mv/mv418.webm,Food
3099,/mnt/hbnas/datasets/video_classification_videos/h264-vp9-150s/trans-150s/Music/MV/mv/mv166.webm,News
3100,/mnt/hbnas/datasets/video_classification_videos/h264-vp9-150s/trans-150s/Music/MV/mv/mv601.webm,News
3101,/mnt/hbnas/datasets/video_classification_videos/h264-vp9-150s/trans-150s/Music/MV/mv/mv188.webm,News
3102,/mnt/hbnas/datasets/video_classification_videos/h264-vp9-150s/trans-150s/Music/MV/mv/mv340.webm,News
3103,/mnt/hbnas/datasets/video_classification_videos/h264-vp9-150s/trans-150s/Music/MV/mv/mv454.webm,News
3104,/mnt/hbnas/datasets/video_classification_videos/h264-vp9-150s/trans-150s/Music/MV/mv/mv638.webm,News
3105,/mnt/hbnas/datasets/video_classification_videos/h264-vp9-150s/trans-150s/Music/MV/mv/mv780.webm,News
3106,/mnt/hbnas/datasets/video_classification_videos/h264-vp9-150s/trans-150s/Music/MV/mv/mv819.webm,News
3107,/mnt/hbnas/datasets/video_classification_videos/h264-vp9-150s/trans-150s/Music/MV/mv/mv578.webm,Music
3108,/mnt/hbnas/datasets/video_classification_videos/h264-vp9-150s/trans-150s/Music/MV/mv/mv141.webm,News
3109,/mnt/hbnas/datasets/video_classification_videos/h264-vp9-150s/trans-150s/Music/MV/mv/mv153.webm,News
3110,/mnt/hbnas/datasets/video_classification_videos/h264-vp9-150s/trans-150s/Music/MV/mv/mv447.webm,News
3111,/mnt/hbnas/datasets/video_classification_videos/h264-vp9-150s/trans-150s/Music/MV/mv/mv654.webm,News
3112,/mnt/hbnas/datasets/video_classification_videos/h264-vp9-150s/trans-150s/Music/MV/mv/mv774.webm,Game
3113,/mnt/hbnas/datasets/video_classification_videos/h264-vp9-150s/trans-150s/Music/MV/mv/mv346.webm,News
3114,/mnt/hbnas/datasets/video_classification_videos/h264-vp9-150s/trans-150s/Music/MV/mv/mv365.webm,Music
3115,/mnt/hbnas/datasets/video_classification_videos/h264-vp9-150s/trans-150s/Music/MV/mv/mv749.webm,News
3116,/mnt/hbnas/datasets/video_classification_videos/h264-vp9-150s/trans-150s/Music/MV/mv/mv778.webm,News
3117,/mnt/hbnas/datasets/video_classification_videos/h264-vp9-150s/trans-150s/Music/MV/mv/mv465.webm,News
3118,/mnt/hbnas/datasets/video_classification_videos/h264-vp9-150s/trans-150s/Music/MV/mv_test/mv88.webm,News
3119,/mnt/hbnas/datasets/video_classification_videos/h264-vp9-150s/trans-150s/Music/MV/mv_test/mv58.webm,News
3120,/mnt/hbnas/datasets/video_classification_videos/h264-vp9-150s/trans-150s/Music/MV/mv_test/mv100.webm,News
3121,/mnt/hbnas/datasets/video_classification_videos/h264-vp9-150s/trans-150s/Music/MV/mv_test/mv75.webm,Food
3122,/mnt/hbnas/datasets/video_classification_videos/h264-vp9-150s/trans-150s/Music/MV/mv_test/mv51.webm,Game
3123,/mnt/hbnas/datasets/video_classification_videos/h264-vp9-150s/trans-150s/Music/T-Series/T-Series(92).webm,News
3124,/mnt/hbnas/datasets/video_classification_videos/h264-vp9-150s/trans-150s/Music/T-Series/T-Series(514).webm,Game
3125,/mnt/hbnas/datasets/video_classification_videos/h264-vp9-150s/trans-150s/Music/T-Series/T-Series(586).webm,Music
3126,/mnt/hbnas/datasets/video_classification_videos/h264-vp9-150s/trans-150s/Music/T-Series/T-Series(406).webm,Music
3127,/mnt/hbnas/datasets/video_classification_videos/h264-vp9-150s/trans-150s/Music/T-Series/T-Series(344).webm,Music
3128,/mnt/hbnas/datasets/video_classification_videos/h264-vp9-150s/trans-150s/Music/T-Series/T-Series(202).webm,Game
3129,/mnt/hbnas/datasets/video_classification_videos/h264-vp9-150s/trans-150s/Music/T-Series/T-Series(494).webm,News
3130,/mnt/hbnas/datasets/video_classification_videos/h264-vp9-150s/trans-150s/Music/T-Series/T-Series(194).webm,News
3131,/mnt/hbnas/datasets/video_classification_videos/h264-vp9-150s/trans-150s/Music/T-Series/T-Series(193).webm,Game
3132,/mnt/hbnas/datasets/video_classification_videos/h264-vp9-150s/trans-150s/Music/T-Series/T-Series(485).webm,Game
3133,/mnt/hbnas/datasets/video_classification_videos/h264-vp9-150s/trans-150s/Music/T-Series/T-Series(149).webm,News
3134,/mnt/hbnas/datasets/video_classification_videos/h264-vp9-150s/trans-150s/Music/T-Series/T-Series(84).webm,News
3135,/mnt/hbnas/datasets/video_classification_videos/h264-vp9-150s/trans-150s/Music/T-Series/T-Series(1).webm,Food
3136,/mnt/hbnas/datasets/video_classification_videos/h264-vp9-150s/trans-150s/Music/T-Series/T-Series(135).webm,News
3137,/mnt/hbnas/datasets/video_classification_videos/h264-vp9-150s/trans-150s/Music/T-Series/T-Series(439).webm,News
3138,/mnt/hbnas/datasets/video_classification_videos/h264-vp9-150s/trans-150s/Music/T-Series/T-Series(185).webm,News
3139,/mnt/hbnas/datasets/video_classification_videos/h264-vp9-150s/trans-150s/Music/T-Series/T-Series(397).webm,News
3140,/mnt/hbnas/datasets/video_classification_videos/h264-vp9-150s/trans-150s/Music/T-Series/T-Series(454).webm,News
3141,/mnt/hbnas/datasets/video_classification_videos/h264-vp9-150s/trans-150s/Music/T-Series/T-Series(126).webm,News
3142,/mnt/hbnas/datasets/video_classification_videos/h264-vp9-150s/trans-150s/Music/T-Series/T-Series(353).webm,News
3143,/mnt/hbnas/datasets/video_classification_videos/h264-vp9-150s/trans-150s/Music/T-Series/T-Series(6).webm,News
3144,/mnt/hbnas/datasets/video_classification_videos/h264-vp9-150s/trans-150s/Music/T-Series/T-Series(262).webm,News
3145,/mnt/hbnas/datasets/video_classification_videos/h264-vp9-150s/trans-150s/Music/T-Series/T-Series(459).webm,News
3146,/mnt/hbnas/datasets/video_classification_videos/h264-vp9-150s/trans-150s/Music/T-Series/T-Series(196).webm,News
3147,/mnt/hbnas/datasets/video_classification_videos/h264-vp9-150s/trans-150s/Music/T-Series/T-Series(421).webm,Food
3148,/mnt/hbnas/datasets/video_classification_videos/h264-vp9-150s/trans-150s/Music/T-Series/T-Series(97).webm,Beauty
3149,/mnt/hbnas/datasets/video_classification_videos/h264-vp9-150s/trans-150s/Music/T-Series/T-Series(463).webm,News
3150,/mnt/hbnas/datasets/video_classification_videos/h264-vp9-150s/trans-150s/Music/T-Series/T-Series(91).webm,News
3151,/mnt/hbnas/datasets/video_classification_videos/h264-vp9-150s/trans-150s/Music/T-Series/T-Series(320).webm,Game
3152,/mnt/hbnas/datasets/video_classification_videos/h264-vp9-150s/trans-150s/Music/T-Series/T-Series(318).webm,News
3153,/mnt/hbnas/datasets/video_classification_videos/h264-vp9-150s/trans-150s/Music/T-Series/T-Series(144).webm,News
3154,/mnt/hbnas/datasets/video_classification_videos/h264-vp9-150s/trans-150s/Music/T-Series/T-Series(408).webm,News
3155,/mnt/hbnas/datasets/video_classification_videos/h264-vp9-150s/trans-150s/Music/T-Series/T-Series(39).webm,News
3156,/mnt/hbnas/datasets/video_classification_videos/h264-vp9-150s/trans-150s/Music/T-Series/T-Series(118).webm,Game
3157,/mnt/hbnas/datasets/video_classification_videos/h264-vp9-150s/trans-150s/Music/T-Series/T-Series(178).webm,News
3158,/mnt/hbnas/datasets/video_classification_videos/h264-vp9-150s/trans-150s/Music/T-Series/T-Series(145).webm,Game
3159,/mnt/hbnas/datasets/video_classification_videos/h264-vp9-150s/trans-150s/Music/T-Series/T-Series(197).webm,News
3160,/mnt/hbnas/datasets/video_classification_videos/h264-vp9-150s/trans-150s/Music/T-Series/T-Series(83).webm,Sports
3161,/mnt/hbnas/datasets/video_classification_videos/h264-vp9-150s/trans-150s/Music/T-Series/T-Series(345).webm,Music
3162,/mnt/hbnas/datasets/video_classification_videos/h264-vp9-150s/trans-150s/Music/T-Series/T-Series(442).webm,News
3163,/mnt/hbnas/datasets/video_classification_videos/h264-vp9-150s/trans-150s/Music/T-Series/T-Series(187).webm,Music
3164,/mnt/hbnas/datasets/video_classification_videos/h264-vp9-150s/trans-150s/Music/T-Series/T-Series(2).webm,News
3165,/mnt/hbnas/datasets/video_classification_videos/h264-vp9-150s/trans-150s/Music/T-Series/T-Series(452).webm,News
3166,/mnt/hbnas/datasets/video_classification_videos/h264-vp9-150s/trans-150s/Music/T-Series/T-Series(534).webm,News
3167,/mnt/hbnas/datasets/video_classification_videos/h264-vp9-150s/trans-150s/Music/T-Series/T-Series(253).webm,News
3168,/mnt/hbnas/datasets/video_classification_videos/h264-vp9-150s/trans-150s/Music/T-Series/T-Series(325).webm,News
3169,/mnt/hbnas/datasets/video_classification_videos/h264-vp9-150s/trans-150s/Music/T-Series/T-Series(249).webm,News
3170,/mnt/hbnas/datasets/video_classification_videos/h264-vp9-150s/trans-150s/Music/T-Series/T-Series(357).webm,News
3171,/mnt/hbnas/datasets/video_classification_videos/h264-vp9-150s/trans-150s/Music/T-Series/T-Series(169).webm,News
3172,/mnt/hbnas/datasets/video_classification_videos/h264-vp9-150s/trans-150s/Music/T-Series/T-Series(340).webm,News
3173,/mnt/hbnas/datasets/video_classification_videos/h264-vp9-150s/trans-150s/Music/T-Series/T-Series(23).webm,Music
3174,/mnt/hbnas/datasets/video_classification_videos/h264-vp9-150s/trans-150s/Music/T-Series/T-Series(255).webm,Game
3175,/mnt/hbnas/datasets/video_classification_videos/h264-vp9-150s/trans-150s/Music/T-Series/T-Series(206).webm,News
3176,/mnt/hbnas/datasets/video_classification_videos/h264-vp9-150s/trans-150s/Music/T-Series/T-Series(467).webm,Food
3177,/mnt/hbnas/datasets/video_classification_videos/h264-vp9-150s/trans-150s/Music/T-Series/T-Series(405).webm,Game
3178,/mnt/hbnas/datasets/video_classification_videos/h264-vp9-150s/trans-150s/Music/T-Series/T-Series(478).webm,News
3179,/mnt/hbnas/datasets/video_classification_videos/h264-vp9-150s/trans-150s/Music/T-Series/T-Series(152).webm,News
3180,/mnt/hbnas/datasets/video_classification_videos/h264-vp9-150s/trans-150s/Music/T-Series/T-Series(575).webm,Food
3181,/mnt/hbnas/datasets/video_classification_videos/h264-vp9-150s/trans-150s/Music/T-Series/T-Series(496).webm,News
3182,/mnt/hbnas/datasets/video_classification_videos/h264-vp9-150s/trans-150s/Music/T-Series/T-Series(35).webm,News
3183,/mnt/hbnas/datasets/video_classification_videos/h264-vp9-150s/trans-150s/Music/T-Series/T-Series(170).webm,News
3184,/mnt/hbnas/datasets/video_classification_videos/h264-vp9-150s/trans-150s/Music/T-Series/T-Series(418).webm,Game
3185,/mnt/hbnas/datasets/video_classification_videos/h264-vp9-150s/trans-150s/Music/T-Series/T-Series(450).webm,News
3186,/mnt/hbnas/datasets/video_classification_videos/h264-vp9-150s/trans-150s/Music/T-Series/T-Series(526).webm,News
3187,/mnt/hbnas/datasets/video_classification_videos/h264-vp9-150s/trans-150s/Music/T-Series/T-Series(78).webm,News
3188,/mnt/hbnas/datasets/video_classification_videos/h264-vp9-150s/trans-150s/Music/T-Series/T-Series(469).webm,Food
3189,/mnt/hbnas/datasets/video_classification_videos/h264-vp9-150s/trans-150s/Music/T-Series/T-Series(590).webm,News
3190,/mnt/hbnas/datasets/video_classification_videos/h264-vp9-150s/trans-150s/Music/T-Series/T-Series(28).webm,News
3191,/mnt/hbnas/datasets/video_classification_videos/h264-vp9-150s/trans-150s/Music/T-Series/T-Series(66).webm,Game
3192,/mnt/hbnas/datasets/video_classification_videos/h264-vp9-150s/trans-150s/Music/T-Series/T-Series(192).webm,News
3193,/mnt/hbnas/datasets/video_classification_videos/h264-vp9-150s/trans-150s/Music/T-Series/T-Series(451).webm,News
3194,/mnt/hbnas/datasets/video_classification_videos/h264-vp9-150s/trans-150s/Music/T-Series/T-Series(160).webm,Game
3195,/mnt/hbnas/datasets/video_classification_videos/h264-vp9-150s/trans-150s/Music/T-Series/T-Series(56).webm,News
3196,/mnt/hbnas/datasets/video_classification_videos/h264-vp9-150s/trans-150s/Music/T-Series/T-Series(180).webm,Music
3197,/mnt/hbnas/datasets/video_classification_videos/h264-vp9-150s/trans-150s/Music/T-Series/T-Series(199).webm,News
3198,/mnt/hbnas/datasets/video_classification_videos/h264-vp9-150s/trans-150s/Music/T-Series/T-Series(26).webm,Game
3199,/mnt/hbnas/datasets/video_classification_videos/h264-vp9-150s/trans-150s/Music/T-Series/T-Series(140).webm,Game
3200,/mnt/hbnas/datasets/video_classification_videos/h264-vp9-150s/trans-150s/News/BBC/BBC(94).webm,News
3201,/mnt/hbnas/datasets/video_classification_videos/h264-vp9-150s/trans-150s/News/BBC/BBC(218).webm,News
3202,/mnt/hbnas/datasets/video_classification_videos/h264-vp9-150s/trans-150s/News/BBC/BBC(71).webm,News
3203,/mnt/hbnas/datasets/video_classification_videos/h264-vp9-150s/trans-150s/News/BBC/BBC(146).webm,News
3204,/mnt/hbnas/datasets/video_classification_videos/h264-vp9-150s/trans-150s/News/BBC/BBC(456).webm,Game
3205,/mnt/hbnas/datasets/video_classification_videos/h264-vp9-150s/trans-150s/News/BBC/BBC(701).webm,Game
3206,/mnt/hbnas/datasets/video_classification_videos/h264-vp9-150s/trans-150s/News/BBC/BBC(246).webm,Game
3207,/mnt/hbnas/datasets/video_classification_videos/h264-vp9-150s/trans-150s/News/BBC/BBC(722).webm,Game
3208,/mnt/hbnas/datasets/video_classification_videos/h264-vp9-150s/trans-150s/News/BBC/BBC(31).webm,Game
3209,/mnt/hbnas/datasets/video_classification_videos/h264-vp9-150s/trans-150s/News/BBC/BBC(820).webm,Game
3210,/mnt/hbnas/datasets/video_classification_videos/h264-vp9-150s/trans-150s/News/BBC/BBC(379).webm,Movie
3211,/mnt/hbnas/datasets/video_classification_videos/h264-vp9-150s/trans-150s/News/BBC/BBC(23).webm,News
3212,/mnt/hbnas/datasets/video_classification_videos/h264-vp9-150s/trans-150s/News/BBC/BBC(80).webm,Game
3213,/mnt/hbnas/datasets/video_classification_videos/h264-vp9-150s/trans-150s/News/BBC/BBC(44).webm,News
3214,/mnt/hbnas/datasets/video_classification_videos/h264-vp9-150s/trans-150s/News/BBC/BBC(436).webm,Movie
3215,/mnt/hbnas/datasets/video_classification_videos/h264-vp9-150s/trans-150s/News/BBC/BBC(2).webm,News
3216,/mnt/hbnas/datasets/video_classification_videos/h264-vp9-150s/trans-150s/News/BBC/BBC(778).webm,Game
3217,/mnt/hbnas/datasets/video_classification_videos/h264-vp9-150s/trans-150s/News/BBC/BBC(270).webm,Movie
3218,/mnt/hbnas/datasets/video_classification_videos/h264-vp9-150s/trans-150s/News/BBC/BBC(551).webm,Game
3219,/mnt/hbnas/datasets/video_classification_videos/h264-vp9-150s/trans-150s/News/BBC/BBC(562).webm,Game
3220,/mnt/hbnas/datasets/video_classification_videos/h264-vp9-150s/trans-150s/News/BBC/BBC(532).webm,Game
3221,/mnt/hbnas/datasets/video_classification_videos/h264-vp9-150s/trans-150s/News/BBC/BBC(129).webm,News
3222,/mnt/hbnas/datasets/video_classification_videos/h264-vp9-150s/trans-150s/News/BBC/BBC(30).webm,Game
3223,/mnt/hbnas/datasets/video_classification_videos/h264-vp9-150s/trans-150s/News/BBC/BBC(11).webm,News
3224,/mnt/hbnas/datasets/video_classification_videos/h264-vp9-150s/trans-150s/News/BBC/BBC(618).webm,Game
3225,/mnt/hbnas/datasets/video_classification_videos/h264-vp9-150s/trans-150s/News/BBC/BBC(121).webm,Food
3226,/mnt/hbnas/datasets/video_classification_videos/h264-vp9-150s/trans-150s/News/BBC/BBC(764).webm,Game
3227,/mnt/hbnas/datasets/video_classification_videos/h264-vp9-150s/trans-150s/News/BBC/BBC(466).webm,Game
3228,/mnt/hbnas/datasets/video_classification_videos/h264-vp9-150s/trans-150s/News/BBC/BBC(405).webm,News
3229,/mnt/hbnas/datasets/video_classification_videos/h264-vp9-150s/trans-150s/News/BBC/BBC(777).webm,Game
3230,/mnt/hbnas/datasets/video_classification_videos/h264-vp9-150s/trans-150s/News/BBC/BBC(335).webm,Game
3231,/mnt/hbnas/datasets/video_classification_videos/h264-vp9-150s/trans-150s/News/BBC/BBC(569).webm,Game
3232,/mnt/hbnas/datasets/video_classification_videos/h264-vp9-150s/trans-150s/News/BBC/BBC(148).webm,Movie
3233,/mnt/hbnas/datasets/video_classification_videos/h264-vp9-150s/trans-150s/News/BBC/BBC(510).webm,Game
3234,/mnt/hbnas/datasets/video_classification_videos/h264-vp9-150s/trans-150s/News/BBC/BBC(413).webm,Game
3235,/mnt/hbnas/datasets/video_classification_videos/h264-vp9-150s/trans-150s/News/BBC/BBC(542).webm,Game
3236,/mnt/hbnas/datasets/video_classification_videos/h264-vp9-150s/trans-150s/News/BBC/BBC(166).webm,News
3237,/mnt/hbnas/datasets/video_classification_videos/h264-vp9-150s/trans-150s/News/BBC/BBC(462).webm,Game
3238,/mnt/hbnas/datasets/video_classification_videos/h264-vp9-150s/trans-150s/News/BBC/BBC(474).webm,News
3239,/mnt/hbnas/datasets/video_classification_videos/h264-vp9-150s/trans-150s/News/BBC/BBC(210).webm,News
3240,/mnt/hbnas/datasets/video_classification_videos/h264-vp9-150s/trans-150s/News/BBC/BBC(543).webm,Game
3241,/mnt/hbnas/datasets/video_classification_videos/h264-vp9-150s/trans-150s/News/BBC/BBC(784).webm,Game
3242,/mnt/hbnas/datasets/video_classification_videos/h264-vp9-150s/trans-150s/News/BBC/BBC(772).webm,Game
3243,/mnt/hbnas/datasets/video_classification_videos/h264-vp9-150s/trans-150s/News/BBC/BBC(726).webm,Game
3244,/mnt/hbnas/datasets/video_classification_videos/h264-vp9-150s/trans-150s/News/BBC/BBC(51).webm,Game
3245,/mnt/hbnas/datasets/video_classification_videos/h264-vp9-150s/trans-150s/News/BBC/BBC(597).webm,News
3246,/mnt/hbnas/datasets/video_classification_videos/h264-vp9-150s/trans-150s/News/BBC/BBC(841).webm,Game
3247,/mnt/hbnas/datasets/video_classification_videos/h264-vp9-150s/trans-150s/News/BBC/BBC(254).webm,News
3248,/mnt/hbnas/datasets/video_classification_videos/h264-vp9-150s/trans-150s/News/BBC/BBC(32).webm,News
3249,/mnt/hbnas/datasets/video_classification_videos/h264-vp9-150s/trans-150s/News/BBC/BBC(626).webm,News
3250,/mnt/hbnas/datasets/video_classification_videos/h264-vp9-150s/trans-150s/News/BBC/BBC(381).webm,Game
3251,/mnt/hbnas/datasets/video_classification_videos/h264-vp9-150s/trans-150s/News/BBC/BBC(151).webm,Food
3252,/mnt/hbnas/datasets/video_classification_videos/h264-vp9-150s/trans-150s/News/BBC/BBC(55).webm,News
3253,/mnt/hbnas/datasets/video_classification_videos/h264-vp9-150s/trans-150s/News/BBC/BBC(7).webm,Game
3254,/mnt/hbnas/datasets/video_classification_videos/h264-vp9-150s/trans-150s/News/BBC/BBC(99).webm,Game
3255,/mnt/hbnas/datasets/video_classification_videos/h264-vp9-150s/trans-150s/News/BBC/BBC(153).webm,Game
3256,/mnt/hbnas/datasets/video_classification_videos/h264-vp9-150s/trans-150s/News/BBC/BBC(5).webm,Game
3257,/mnt/hbnas/datasets/video_classification_videos/h264-vp9-150s/trans-150s/News/BBC/BBC(262).webm,Game
3258,/mnt/hbnas/datasets/video_classification_videos/h264-vp9-150s/trans-150s/News/BBC/BBC(740).webm,Game
3259,/mnt/hbnas/datasets/video_classification_videos/h264-vp9-150s/trans-150s/News/BBC/BBC(738).webm,Game
3260,/mnt/hbnas/datasets/video_classification_videos/h264-vp9-150s/trans-150s/News/BBC/BBC(250).webm,News
3261,/mnt/hbnas/datasets/video_classification_videos/h264-vp9-150s/trans-150s/News/BBC/BBC(127).webm,Game
3262,/mnt/hbnas/datasets/video_classification_videos/h264-vp9-150s/trans-150s/News/BBC/BBC(321).webm,News
3263,/mnt/hbnas/datasets/video_classification_videos/h264-vp9-150s/trans-150s/News/BBC/BBC(115).webm,Game
3264,/mnt/hbnas/datasets/video_classification_videos/h264-vp9-150s/trans-150s/News/BBC/BBC(259).webm,Music
3265,/mnt/hbnas/datasets/video_classification_videos/h264-vp9-150s/trans-150s/News/BBC/BBC(201).webm,News
3266,/mnt/hbnas/datasets/video_classification_videos/h264-vp9-150s/trans-150s/News/BBC/BBC(332).webm,Game
3267,/mnt/hbnas/datasets/video_classification_videos/h264-vp9-150s/trans-150s/News/BBC/BBC(154).webm,Game
3268,/mnt/hbnas/datasets/video_classification_videos/h264-vp9-150s/trans-150s/News/BBC/BBC(141).webm,Game
3269,/mnt/hbnas/datasets/video_classification_videos/h264-vp9-150s/trans-150s/News/BBC/BBC(325).webm,Game
3270,/mnt/hbnas/datasets/video_classification_videos/h264-vp9-150s/trans-150s/News/BBC/BBC(287).webm,Game
3271,/mnt/hbnas/datasets/video_classification_videos/h264-vp9-150s/trans-150s/News/BBC/BBC(256).webm,Game
3272,/mnt/hbnas/datasets/video_classification_videos/h264-vp9-150s/trans-150s/News/BBC/BBC(760).webm,Movie
3273,/mnt/hbnas/datasets/video_classification_videos/h264-vp9-150s/trans-150s/News/BBC/BBC(497).webm,Game
3274,/mnt/hbnas/datasets/video_classification_videos/h264-vp9-150s/trans-150s/News/BBC/BBC(382).webm,News
3275,/mnt/hbnas/datasets/video_classification_videos/h264-vp9-150s/trans-150s/News/BBC/BBC(187).webm,News
3276,/mnt/hbnas/datasets/video_classification_videos/h264-vp9-150s/trans-150s/News/BBC/BBC(271).webm,Game
3277,/mnt/hbnas/datasets/video_classification_videos/h264-vp9-150s/trans-150s/News/BBC/BBC(313).webm,Game
3278,/mnt/hbnas/datasets/video_classification_videos/h264-vp9-150s/trans-150s/News/BBC/BBC(45).webm,Game
3279,/mnt/hbnas/datasets/video_classification_videos/h264-vp9-150s/trans-150s/News/BBC/BBC(426).webm,Game
3280,/mnt/hbnas/datasets/video_classification_videos/h264-vp9-150s/trans-150s/News/BBC/BBC(345).webm,Game
3281,/mnt/hbnas/datasets/video_classification_videos/h264-vp9-150s/trans-150s/News/BBC/BBC(613).webm,News
3282,/mnt/hbnas/datasets/video_classification_videos/h264-vp9-150s/trans-150s/News/BBC/BBC(842).webm,Game
3283,/mnt/hbnas/datasets/video_classification_videos/h264-vp9-150s/trans-150s/News/BBC/BBC(534).webm,Game
3284,/mnt/hbnas/datasets/video_classification_videos/h264-vp9-150s/trans-150s/News/BBC/BBC(452).webm,News
3285,/mnt/hbnas/datasets/video_classification_videos/h264-vp9-150s/trans-150s/News/BBC/BBC(366).webm,Game
3286,/mnt/hbnas/datasets/video_classification_videos/h264-vp9-150s/trans-150s/News/BBC/BBC(132).webm,Game
3287,/mnt/hbnas/datasets/video_classification_videos/h264-vp9-150s/trans-150s/News/BBC/BBC(598).webm,Game
3288,/mnt/hbnas/datasets/video_classification_videos/h264-vp9-150s/trans-150s/News/BBC/BBC(78).webm,Game
3289,/mnt/hbnas/datasets/video_classification_videos/h264-vp9-150s/trans-150s/News/BBC/BBC(525).webm,Game
3290,/mnt/hbnas/datasets/video_classification_videos/h264-vp9-150s/trans-150s/News/BBC/BBC(223).webm,Game
3291,/mnt/hbnas/datasets/video_classification_videos/h264-vp9-150s/trans-150s/News/BBC/BBC(589).webm,Game
3292,/mnt/hbnas/datasets/video_classification_videos/h264-vp9-150s/trans-150s/News/BBC/BBC(143).webm,Game
3293,/mnt/hbnas/datasets/video_classification_videos/h264-vp9-150s/trans-150s/News/BBC/BBC(222).webm,Game
3294,/mnt/hbnas/datasets/video_classification_videos/h264-vp9-150s/trans-150s/News/BBC/BBC(571).webm,News
3295,/mnt/hbnas/datasets/video_classification_videos/h264-vp9-150s/trans-150s/News/BBC/BBC(640).webm,Game
3296,/mnt/hbnas/datasets/video_classification_videos/h264-vp9-150s/trans-150s/News/BBC/BBC(114).webm,Game
3297,/mnt/hbnas/datasets/video_classification_videos/h264-vp9-150s/trans-150s/News/BBC/BBC(750).webm,Game
3298,/mnt/hbnas/datasets/video_classification_videos/h264-vp9-150s/trans-150s/News/BBC/BBC(241).webm,Game
3299,/mnt/hbnas/datasets/video_classification_videos/h264-vp9-150s/trans-150s/News/BBC/BBC(235).webm,Game
3300,/mnt/hbnas/datasets/video_classification_videos/h264-vp9-150s/trans-150s/News/BBC/BBC(827).webm,Game
3301,/mnt/hbnas/datasets/video_classification_videos/h264-vp9-150s/trans-150s/News/BBC/BBC(380).webm,Music
3302,/mnt/hbnas/datasets/video_classification_videos/h264-vp9-150s/trans-150s/News/BBC/BBC(416).webm,Game
3303,/mnt/hbnas/datasets/video_classification_videos/h264-vp9-150s/trans-150s/News/BBC/BBC(286).webm,Music
3304,/mnt/hbnas/datasets/video_classification_videos/h264-vp9-150s/trans-150s/News/BBC/BBC(197).webm,Music
3305,/mnt/hbnas/datasets/video_classification_videos/h264-vp9-150s/trans-150s/News/BBC/BBC(399).webm,Game
3306,/mnt/hbnas/datasets/video_classification_videos/h264-vp9-150s/trans-150s/News/BBC/BBC(162).webm,News
3307,/mnt/hbnas/datasets/video_classification_videos/h264-vp9-150s/trans-150s/News/BBC/BBC(73).webm,Food
3308,/mnt/hbnas/datasets/video_classification_videos/h264-vp9-150s/trans-150s/News/BBC/BBC(787).webm,Game
3309,/mnt/hbnas/datasets/video_classification_videos/h264-vp9-150s/trans-150s/News/BBC/BBC(822).webm,Game
3310,/mnt/hbnas/datasets/video_classification_videos/h264-vp9-150s/trans-150s/News/BBC/BBC(299).webm,Game
3311,/mnt/hbnas/datasets/video_classification_videos/h264-vp9-150s/trans-150s/News/BBC/BBC(397).webm,Game
3312,/mnt/hbnas/datasets/video_classification_videos/h264-vp9-150s/trans-150s/News/BBC/BBC(783).webm,Game
3313,/mnt/hbnas/datasets/video_classification_videos/h264-vp9-150s/trans-150s/News/BBC/BBC(634).webm,Music
3314,/mnt/hbnas/datasets/video_classification_videos/h264-vp9-150s/trans-150s/News/BBC/BBC(721).webm,Game
3315,/mnt/hbnas/datasets/video_classification_videos/h264-vp9-150s/trans-150s/News/BBC/BBC(384).webm,Game
3316,/mnt/hbnas/datasets/video_classification_videos/h264-vp9-150s/trans-150s/News/BBC/BBC(570).webm,Game
3317,/mnt/hbnas/datasets/video_classification_videos/h264-vp9-150s/trans-150s/News/BBC/BBC(233).webm,Music
3318,/mnt/hbnas/datasets/video_classification_videos/h264-vp9-150s/trans-150s/News/BBC/BBC(113).webm,News
3319,/mnt/hbnas/datasets/video_classification_videos/h264-vp9-150s/trans-150s/News/BBC/BBC(353).webm,Game
3320,/mnt/hbnas/datasets/video_classification_videos/h264-vp9-150s/trans-150s/News/BBC/BBC(203).webm,News
3321,/mnt/hbnas/datasets/video_classification_videos/h264-vp9-150s/trans-150s/News/BBC/BBC(68).webm,News
3322,/mnt/hbnas/datasets/video_classification_videos/h264-vp9-150s/trans-150s/News/BBC/BBC(697).webm,Game
3323,/mnt/hbnas/datasets/video_classification_videos/h264-vp9-150s/trans-150s/News/BBC/BBC(165).webm,News
3324,/mnt/hbnas/datasets/video_classification_videos/h264-vp9-150s/trans-150s/News/BBC/BBC(611).webm,News
3325,/mnt/hbnas/datasets/video_classification_videos/h264-vp9-150s/trans-150s/News/BBC/BBC(248).webm,Music
3326,/mnt/hbnas/datasets/video_classification_videos/h264-vp9-150s/trans-150s/News/BBC/BBC(363).webm,Game
3327,/mnt/hbnas/datasets/video_classification_videos/h264-vp9-150s/trans-150s/News/BBC/BBC(434).webm,Game
3328,/mnt/hbnas/datasets/video_classification_videos/h264-vp9-150s/trans-150s/News/BBC/BBC(623).webm,Game
3329,/mnt/hbnas/datasets/video_classification_videos/h264-vp9-150s/trans-150s/News/BBC/BBC(62).webm,News
3330,/mnt/hbnas/datasets/video_classification_videos/h264-vp9-150s/trans-150s/News/BBC/BBC(442).webm,Game
3331,/mnt/hbnas/datasets/video_classification_videos/h264-vp9-150s/trans-150s/News/BBC/BBC(100).webm,News
3332,/mnt/hbnas/datasets/video_classification_videos/h264-vp9-150s/trans-150s/News/BBC/BBC(306).webm,Game
3333,/mnt/hbnas/datasets/video_classification_videos/h264-vp9-150s/trans-150s/News/BBC/BBC(339).webm,Game
3334,/mnt/hbnas/datasets/video_classification_videos/h264-vp9-150s/trans-150s/News/BBC/BBC(1).webm,Game
3335,/mnt/hbnas/datasets/video_classification_videos/h264-vp9-150s/trans-150s/News/BBC/BBC(863).webm,Game
3336,/mnt/hbnas/datasets/video_classification_videos/h264-vp9-150s/trans-150s/News/BBC/BBC(481).webm,Game
3337,/mnt/hbnas/datasets/video_classification_videos/h264-vp9-150s/trans-150s/News/BBC/BBC(417).webm,Game
3338,/mnt/hbnas/datasets/video_classification_videos/h264-vp9-150s/trans-150s/News/BBC/BBC(402).webm,Game
3339,/mnt/hbnas/datasets/video_classification_videos/h264-vp9-150s/trans-150s/News/BBC/BBC(376).webm,Game
3340,/mnt/hbnas/datasets/video_classification_videos/h264-vp9-150s/trans-150s/News/BBC/BBC(476).webm,News
3341,/mnt/hbnas/datasets/video_classification_videos/h264-vp9-150s/trans-150s/News/BBC/BBC(800).webm,Game
3342,/mnt/hbnas/datasets/video_classification_videos/h264-vp9-150s/trans-150s/News/BBC/BBC(354).webm,Game
3343,/mnt/hbnas/datasets/video_classification_videos/h264-vp9-150s/trans-150s/News/BBC/BBC(358).webm,Game
3344,/mnt/hbnas/datasets/video_classification_videos/h264-vp9-150s/trans-150s/News/BBC/BBC(314).webm,Game
3345,/mnt/hbnas/datasets/video_classification_videos/h264-vp9-150s/trans-150s/News/BBC/BBC(475).webm,Game
3346,/mnt/hbnas/datasets/video_classification_videos/h264-vp9-150s/trans-150s/News/BBC/BBC(320).webm,Game
3347,/mnt/hbnas/datasets/video_classification_videos/h264-vp9-150s/trans-150s/News/BBC/BBC(704).webm,Game
3348,/mnt/hbnas/datasets/video_classification_videos/h264-vp9-150s/trans-150s/News/BBC/BBC(808).webm,Game
3349,/mnt/hbnas/datasets/video_classification_videos/h264-vp9-150s/trans-150s/News/BBC/BBC(856).webm,Movie
3350,/mnt/hbnas/datasets/video_classification_videos/h264-vp9-150s/trans-150s/News/BBC/BBC(520).webm,Music
3351,/mnt/hbnas/datasets/video_classification_videos/h264-vp9-150s/trans-150s/News/BBC/BBC(303).webm,Game
3352,/mnt/hbnas/datasets/video_classification_videos/h264-vp9-150s/trans-150s/News/BBC/BBC(27).webm,Music
3353,/mnt/hbnas/datasets/video_classification_videos/h264-vp9-150s/trans-150s/News/BBC/BBC(217).webm,News
3354,/mnt/hbnas/datasets/video_classification_videos/h264-vp9-150s/trans-150s/News/BBC/BBC(625).webm,Game
3355,/mnt/hbnas/datasets/video_classification_videos/h264-vp9-150s/trans-150s/News/BBC/BBC(229).webm,Music
3356,/mnt/hbnas/datasets/video_classification_videos/h264-vp9-150s/trans-150s/News/BBC/BBC(698).webm,Music
3357,/mnt/hbnas/datasets/video_classification_videos/h264-vp9-150s/trans-150s/News/BBC/BBC(627).webm,Game
3358,/mnt/hbnas/datasets/video_classification_videos/h264-vp9-150s/trans-150s/News/BBC/BBC(251).webm,Game
3359,/mnt/hbnas/datasets/video_classification_videos/h264-vp9-150s/trans-150s/News/BBC/BBC(496).webm,Game
3360,/mnt/hbnas/datasets/video_classification_videos/h264-vp9-150s/trans-150s/News/BBC/BBC(673).webm,Game
3361,/mnt/hbnas/datasets/video_classification_videos/h264-vp9-150s/trans-150s/News/BBC/BBC(431).webm,Game
3362,/mnt/hbnas/datasets/video_classification_videos/h264-vp9-150s/trans-150s/News/BBC/BBC(437).webm,Food
3363,/mnt/hbnas/datasets/video_classification_videos/h264-vp9-150s/trans-150s/News/BBC/BBC(591).webm,Game
3364,/mnt/hbnas/datasets/video_classification_videos/h264-vp9-150s/trans-150s/News/BBC/BBC(528).webm,Game
3365,/mnt/hbnas/datasets/video_classification_videos/h264-vp9-150s/trans-150s/News/BBC/BBC(176).webm,Game
3366,/mnt/hbnas/datasets/video_classification_videos/h264-vp9-150s/trans-150s/News/BBC/BBC(781).webm,Game
3367,/mnt/hbnas/datasets/video_classification_videos/h264-vp9-150s/trans-150s/News/BBC/BBC(312).webm,Game
3368,/mnt/hbnas/datasets/video_classification_videos/h264-vp9-150s/trans-150s/News/BBC/BBC(158).webm,Food
3369,/mnt/hbnas/datasets/video_classification_videos/h264-vp9-150s/trans-150s/News/BBC/BBC(853).webm,Game
3370,/mnt/hbnas/datasets/video_classification_videos/h264-vp9-150s/trans-150s/News/BBC/BBC(453).webm,Game
3371,/mnt/hbnas/datasets/video_classification_videos/h264-vp9-150s/trans-150s/News/BBC/BBC(216).webm,Music
3372,/mnt/hbnas/datasets/video_classification_videos/h264-vp9-150s/trans-150s/News/BBC/BBC(106).webm,News
3373,/mnt/hbnas/datasets/video_classification_videos/h264-vp9-150s/trans-150s/News/BBC/BBC(478).webm,Game
3374,/mnt/hbnas/datasets/video_classification_videos/h264-vp9-150s/trans-150s/News/BBC/BBC(324).webm,Game
3375,/mnt/hbnas/datasets/video_classification_videos/h264-vp9-150s/trans-150s/News/BBC/BBC(444).webm,Game
3376,/mnt/hbnas/datasets/video_classification_videos/h264-vp9-150s/trans-150s/News/BBC/BBC(505).webm,Game
3377,/mnt/hbnas/datasets/video_classification_videos/h264-vp9-150s/trans-150s/News/BBC/BBC(791).webm,Game
3378,/mnt/hbnas/datasets/video_classification_videos/h264-vp9-150s/trans-150s/News/BBC/BBC(6).webm,Food
3379,/mnt/hbnas/datasets/video_classification_videos/h264-vp9-150s/trans-150s/News/BBC/BBC(555).webm,Game
3380,/mnt/hbnas/datasets/video_classification_videos/h264-vp9-150s/trans-150s/News/BBC/BBC(125).webm,Game
3381,/mnt/hbnas/datasets/video_classification_videos/h264-vp9-150s/trans-150s/News/BBC/BBC(135).webm,Game
3382,/mnt/hbnas/datasets/video_classification_videos/h264-vp9-150s/trans-150s/News/BBC/BBC(209).webm,Game
3383,/mnt/hbnas/datasets/video_classification_videos/h264-vp9-150s/trans-150s/News/BBC/BBC(308).webm,News
3384,/mnt/hbnas/datasets/video_classification_videos/h264-vp9-150s/trans-150s/News/BBC/BBC(400).webm,Game
3385,/mnt/hbnas/datasets/video_classification_videos/h264-vp9-150s/trans-150s/News/BBC/BBC(458).webm,Music
3386,/mnt/hbnas/datasets/video_classification_videos/h264-vp9-150s/trans-150s/News/BBC/BBC(192).webm,News
3387,/mnt/hbnas/datasets/video_classification_videos/h264-vp9-150s/trans-150s/News/BBC/BBC(167).webm,News
3388,/mnt/hbnas/datasets/video_classification_videos/h264-vp9-150s/trans-150s/News/BBC/BBC(423).webm,Movie
3389,/mnt/hbnas/datasets/video_classification_videos/h264-vp9-150s/trans-150s/News/BBC/BBC(111).webm,Game
3390,/mnt/hbnas/datasets/video_classification_videos/h264-vp9-150s/trans-150s/News/BBC/BBC(715).webm,Music
3391,/mnt/hbnas/datasets/video_classification_videos/h264-vp9-150s/trans-150s/News/BBC/BBC(694).webm,Game
3392,/mnt/hbnas/datasets/video_classification_videos/h264-vp9-150s/trans-150s/News/BBC/BBC(766).webm,Movie
3393,/mnt/hbnas/datasets/video_classification_videos/h264-vp9-150s/trans-150s/News/BBC/BBC(317).webm,News
3394,/mnt/hbnas/datasets/video_classification_videos/h264-vp9-150s/trans-150s/News/BBC/BBC(240).webm,News
3395,/mnt/hbnas/datasets/video_classification_videos/h264-vp9-150s/trans-150s/News/BBC/BBC(185).webm,News
3396,/mnt/hbnas/datasets/video_classification_videos/h264-vp9-150s/trans-150s/News/BBC/BBC(17).webm,Movie
3397,/mnt/hbnas/datasets/video_classification_videos/h264-vp9-150s/trans-150s/News/BBC/BBC(409).webm,Game
3398,/mnt/hbnas/datasets/video_classification_videos/h264-vp9-150s/trans-150s/News/BBC/BBC(450).webm,Game
3399,/mnt/hbnas/datasets/video_classification_videos/h264-vp9-150s/trans-150s/News/BBC/BBC(707).webm,Game
3400,/mnt/hbnas/datasets/video_classification_videos/h264-vp9-150s/trans-150s/News/BBC/BBC(103).webm,News
3401,/mnt/hbnas/datasets/video_classification_videos/h264-vp9-150s/trans-150s/News/CNN/CNN(202).webm,News
3402,/mnt/hbnas/datasets/video_classification_videos/h264-vp9-150s/trans-150s/News/CNN/CNN(644).webm,News
3403,/mnt/hbnas/datasets/video_classification_videos/h264-vp9-150s/trans-150s/News/CNN/CNN(116).webm,News
3404,/mnt/hbnas/datasets/video_classification_videos/h264-vp9-150s/trans-150s/News/CNN/CNN(326).webm,News
3405,/mnt/hbnas/datasets/video_classification_videos/h264-vp9-150s/trans-150s/News/CNN/CNN(46).webm,News
3406,/mnt/hbnas/datasets/video_classification_videos/h264-vp9-150s/trans-150s/News/CNN/CNN(222).webm,News
3407,/mnt/hbnas/datasets/video_classification_videos/h264-vp9-150s/trans-150s/News/CNN/CNN(404).webm,Food
3408,/mnt/hbnas/datasets/video_classification_videos/h264-vp9-150s/trans-150s/News/CNN/CNN(29).webm,News
3409,/mnt/hbnas/datasets/video_classification_videos/h264-vp9-150s/trans-150s/News/CNN/CNN(557).webm,Food
3410,/mnt/hbnas/datasets/video_classification_videos/h264-vp9-150s/trans-150s/News/CNN/CNN(714).webm,Food
3411,/mnt/hbnas/datasets/video_classification_videos/h264-vp9-150s/trans-150s/News/CNN/CNN(512).webm,Game
3412,/mnt/hbnas/datasets/video_classification_videos/h264-vp9-150s/trans-150s/News/CNN/CNN(533).webm,News
3413,/mnt/hbnas/datasets/video_classification_videos/h264-vp9-150s/trans-150s/News/CNN/CNN(4).webm,Game
3414,/mnt/hbnas/datasets/video_classification_videos/h264-vp9-150s/trans-150s/News/CNN/CNN(807).webm,News
3415,/mnt/hbnas/datasets/video_classification_videos/h264-vp9-150s/trans-150s/News/CNN/CNN(726).webm,News
3416,/mnt/hbnas/datasets/video_classification_videos/h264-vp9-150s/trans-150s/News/CNN/CNN(823).webm,News
3417,/mnt/hbnas/datasets/video_classification_videos/h264-vp9-150s/trans-150s/News/CNN/CNN(309).webm,News
3418,/mnt/hbnas/datasets/video_classification_videos/h264-vp9-150s/trans-150s/News/CNN/CNN(395).webm,News
3419,/mnt/hbnas/datasets/video_classification_videos/h264-vp9-150s/trans-150s/News/CNN/CNN(200).webm,News
3420,/mnt/hbnas/datasets/video_classification_videos/h264-vp9-150s/trans-150s/News/CNN/CNN(877).webm,Food
3421,/mnt/hbnas/datasets/video_classification_videos/h264-vp9-150s/trans-150s/News/CNN/CNN(681).webm,Food
3422,/mnt/hbnas/datasets/video_classification_videos/h264-vp9-150s/trans-150s/News/CNN/CNN(847).webm,Food
3423,/mnt/hbnas/datasets/video_classification_videos/h264-vp9-150s/trans-150s/News/CNN/CNN(120).webm,News
3424,/mnt/hbnas/datasets/video_classification_videos/h264-vp9-150s/trans-150s/News/CNN/CNN(697).webm,News
3425,/mnt/hbnas/datasets/video_classification_videos/h264-vp9-150s/trans-150s/News/CNN/CNN(118).webm,Food
3426,/mnt/hbnas/datasets/video_classification_videos/h264-vp9-150s/trans-150s/News/CNN/CNN(209).webm,Game
3427,/mnt/hbnas/datasets/video_classification_videos/h264-vp9-150s/trans-150s/News/CNN/CNN(825).webm,Game
3428,/mnt/hbnas/datasets/video_classification_videos/h264-vp9-150s/trans-150s/News/CNN/CNN(613).webm,News
3429,/mnt/hbnas/datasets/video_classification_videos/h264-vp9-150s/trans-150s/News/CNN/CNN(236).webm,News
3430,/mnt/hbnas/datasets/video_classification_videos/h264-vp9-150s/trans-150s/News/CNN/CNN(730).webm,Food
3431,/mnt/hbnas/datasets/video_classification_videos/h264-vp9-150s/trans-150s/News/CNN/CNN(242).webm,Game
3432,/mnt/hbnas/datasets/video_classification_videos/h264-vp9-150s/trans-150s/News/CNN/CNN(727).webm,Food
3433,/mnt/hbnas/datasets/video_classification_videos/h264-vp9-150s/trans-150s/News/CNN/CNN(435).webm,News
3434,/mnt/hbnas/datasets/video_classification_videos/h264-vp9-150s/trans-150s/News/CNN/CNN(562).webm,Game
3435,/mnt/hbnas/datasets/video_classification_videos/h264-vp9-150s/trans-150s/News/CNN/CNN(553).webm,News
3436,/mnt/hbnas/datasets/video_classification_videos/h264-vp9-150s/trans-150s/News/CNN/CNN(24).webm,News
3437,/mnt/hbnas/datasets/video_classification_videos/h264-vp9-150s/trans-150s/News/CNN/CNN(159).webm,News
3438,/mnt/hbnas/datasets/video_classification_videos/h264-vp9-150s/trans-150s/News/CNN/CNN(718).webm,Game
3439,/mnt/hbnas/datasets/video_classification_videos/h264-vp9-150s/trans-150s/News/CNN/CNN(353).webm,Food
3440,/mnt/hbnas/datasets/video_classification_videos/h264-vp9-150s/trans-150s/News/CNN/CNN(532).webm,News
3441,/mnt/hbnas/datasets/video_classification_videos/h264-vp9-150s/trans-150s/News/CNN/CNN(95).webm,News
3442,/mnt/hbnas/datasets/video_classification_videos/h264-vp9-150s/trans-150s/News/CNN/CNN(151).webm,News
3443,/mnt/hbnas/datasets/video_classification_videos/h264-vp9-150s/trans-150s/News/CNN/CNN(133).webm,News
3444,/mnt/hbnas/datasets/video_classification_videos/h264-vp9-150s/trans-150s/News/CNN/CNN(76).webm,Food
3445,/mnt/hbnas/datasets/video_classification_videos/h264-vp9-150s/trans-150s/News/CNN/CNN(699).webm,News
3446,/mnt/hbnas/datasets/video_classification_videos/h264-vp9-150s/trans-150s/News/CNN/CNN(19).webm,Game
3447,/mnt/hbnas/datasets/video_classification_videos/h264-vp9-150s/trans-150s/News/CNN/CNN(887).webm,Food
3448,/mnt/hbnas/datasets/video_classification_videos/h264-vp9-150s/trans-150s/News/CNN/CNN(617).webm,News
3449,/mnt/hbnas/datasets/video_classification_videos/h264-vp9-150s/trans-150s/News/CNN/CNN(652).webm,Game
3450,/mnt/hbnas/datasets/video_classification_videos/h264-vp9-150s/trans-150s/News/CNN/CNN(707).webm,News
3451,/mnt/hbnas/datasets/video_classification_videos/h264-vp9-150s/trans-150s/News/CNN/CNN(653).webm,News
3452,/mnt/hbnas/datasets/video_classification_videos/h264-vp9-150s/trans-150s/News/CNN/CNN(492).webm,News
3453,/mnt/hbnas/datasets/video_classification_videos/h264-vp9-150s/trans-150s/News/CNN/CNN(15).webm,Food
3454,/mnt/hbnas/datasets/video_classification_videos/h264-vp9-150s/trans-150s/News/CNN/CNN(728).webm,News
3455,/mnt/hbnas/datasets/video_classification_videos/h264-vp9-150s/trans-150s/News/CNN/CNN(433).webm,Game
3456,/mnt/hbnas/datasets/video_classification_videos/h264-vp9-150s/trans-150s/News/CNN/CNN(441).webm,Food
3457,/mnt/hbnas/datasets/video_classification_videos/h264-vp9-150s/trans-150s/News/CNN/CNN(229).webm,Food
3458,/mnt/hbnas/datasets/video_classification_videos/h264-vp9-150s/trans-150s/News/CNN/CNN(839).webm,Food
3459,/mnt/hbnas/datasets/video_classification_videos/h264-vp9-150s/trans-150s/News/CNN/CNN(273).webm,News
3460,/mnt/hbnas/datasets/video_classification_videos/h264-vp9-150s/trans-150s/News/CNN/CNN(723).webm,News
3461,/mnt/hbnas/datasets/video_classification_videos/h264-vp9-150s/trans-150s/News/CNN/CNN(621).webm,News
3462,/mnt/hbnas/datasets/video_classification_videos/h264-vp9-150s/trans-150s/News/CNN/CNN(426).webm,News
3463,/mnt/hbnas/datasets/video_classification_videos/h264-vp9-150s/trans-150s/News/CNN/CNN(57).webm,Game
3464,/mnt/hbnas/datasets/video_classification_videos/h264-vp9-150s/trans-150s/News/CNN/CNN(639).webm,News
3465,/mnt/hbnas/datasets/video_classification_videos/h264-vp9-150s/trans-150s/News/CNN/CNN(690).webm,News
3466,/mnt/hbnas/datasets/video_classification_videos/h264-vp9-150s/trans-150s/News/CNN/CNN(369).webm,News
3467,/mnt/hbnas/datasets/video_classification_videos/h264-vp9-150s/trans-150s/News/CNN/CNN(568).webm,Game
3468,/mnt/hbnas/datasets/video_classification_videos/h264-vp9-150s/trans-150s/News/CNN/CNN(10).webm,Game
3469,/mnt/hbnas/datasets/video_classification_videos/h264-vp9-150s/trans-150s/News/CNN/CNN(140).webm,News
3470,/mnt/hbnas/datasets/video_classification_videos/h264-vp9-150s/trans-150s/News/CNN/CNN(535).webm,News
3471,/mnt/hbnas/datasets/video_classification_videos/h264-vp9-150s/trans-150s/News/CNN/CNN(530).webm,Game
3472,/mnt/hbnas/datasets/video_classification_videos/h264-vp9-150s/trans-150s/News/CNN/CNN(383).webm,News
3473,/mnt/hbnas/datasets/video_classification_videos/h264-vp9-150s/trans-150s/News/CNN/CNN(889).webm,News
3474,/mnt/hbnas/datasets/video_classification_videos/h264-vp9-150s/trans-150s/News/CNN/CNN(817).webm,News
3475,/mnt/hbnas/datasets/video_classification_videos/h264-vp9-150s/trans-150s/News/CNN/CNN(592).webm,News
3476,/mnt/hbnas/datasets/video_classification_videos/h264-vp9-150s/trans-150s/News/CNN/CNN(135).webm,News
3477,/mnt/hbnas/datasets/video_classification_videos/h264-vp9-150s/trans-150s/News/CNN/CNN(319).webm,Game
3478,/mnt/hbnas/datasets/video_classification_videos/h264-vp9-150s/trans-150s/News/CNN/CNN(474).webm,News
3479,/mnt/hbnas/datasets/video_classification_videos/h264-vp9-150s/trans-150s/News/CNN/CNN(736).webm,Game
3480,/mnt/hbnas/datasets/video_classification_videos/h264-vp9-150s/trans-150s/News/CNN/CNN(548).webm,News
3481,/mnt/hbnas/datasets/video_classification_videos/h264-vp9-150s/trans-150s/News/CNN/CNN(543).webm,Food
3482,/mnt/hbnas/datasets/video_classification_videos/h264-vp9-150s/trans-150s/News/CNN/CNN(281).webm,Food
3483,/mnt/hbnas/datasets/video_classification_videos/h264-vp9-150s/trans-150s/News/CNN/CNN(174).webm,News
3484,/mnt/hbnas/datasets/video_classification_videos/h264-vp9-150s/trans-150s/News/CNN/CNN(357).webm,News
3485,/mnt/hbnas/datasets/video_classification_videos/h264-vp9-150s/trans-150s/News/CNN/CNN(89).webm,News
3486,/mnt/hbnas/datasets/video_classification_videos/h264-vp9-150s/trans-150s/News/CNN/CNN(425).webm,Game
3487,/mnt/hbnas/datasets/video_classification_videos/h264-vp9-150s/trans-150s/News/CNN/CNN(289).webm,News
3488,/mnt/hbnas/datasets/video_classification_videos/h264-vp9-150s/trans-150s/News/CNN/CNN(312).webm,News
3489,/mnt/hbnas/datasets/video_classification_videos/h264-vp9-150s/trans-150s/News/CNN/CNN(917).webm,News
3490,/mnt/hbnas/datasets/video_classification_videos/h264-vp9-150s/trans-150s/News/CNN/CNN(608).webm,Game
3491,/mnt/hbnas/datasets/video_classification_videos/h264-vp9-150s/trans-150s/News/CNN/CNN(294).webm,Game
3492,/mnt/hbnas/datasets/video_classification_videos/h264-vp9-150s/trans-150s/News/CNN/CNN(65).webm,Game
3493,/mnt/hbnas/datasets/video_classification_videos/h264-vp9-150s/trans-150s/News/CNN/CNN(138).webm,News
3494,/mnt/hbnas/datasets/video_classification_videos/h264-vp9-150s/trans-150s/News/CNN/CNN(9).webm,Game
3495,/mnt/hbnas/datasets/video_classification_videos/h264-vp9-150s/trans-150s/News/CNN/CNN(741).webm,Game
3496,/mnt/hbnas/datasets/video_classification_videos/h264-vp9-150s/trans-150s/News/CNN/CNN(737).webm,News
3497,/mnt/hbnas/datasets/video_classification_videos/h264-vp9-150s/trans-150s/News/CNN/CNN(468).webm,Game
3498,/mnt/hbnas/datasets/video_classification_videos/h264-vp9-150s/trans-150s/News/CNN/CNN(668).webm,News
3499,/mnt/hbnas/datasets/video_classification_videos/h264-vp9-150s/trans-150s/News/CNN/CNN(169).webm,Food
3500,/mnt/hbnas/datasets/video_classification_videos/h264-vp9-150s/trans-150s/News/CNN/CNN(153).webm,Food
3501,/mnt/hbnas/datasets/video_classification_videos/h264-vp9-150s/trans-150s/News/CNN/CNN(389).webm,News
3502,/mnt/hbnas/datasets/video_classification_videos/h264-vp9-150s/trans-150s/News/CNN/CNN(23).webm,News
3503,/mnt/hbnas/datasets/video_classification_videos/h264-vp9-150s/trans-150s/News/CNN/CNN(767).webm,Food
3504,/mnt/hbnas/datasets/video_classification_videos/h264-vp9-150s/trans-150s/News/CNN/CNN(7).webm,News
3505,/mnt/hbnas/datasets/video_classification_videos/h264-vp9-150s/trans-150s/News/CNN/CNN(754).webm,News
3506,/mnt/hbnas/datasets/video_classification_videos/h264-vp9-150s/trans-150s/News/CNN/CNN(687).webm,Game
3507,/mnt/hbnas/datasets/video_classification_videos/h264-vp9-150s/trans-150s/News/CNN/CNN(86).webm,Game
3508,/mnt/hbnas/datasets/video_classification_videos/h264-vp9-150s/trans-150s/News/CNN/CNN(509).webm,Food
3509,/mnt/hbnas/datasets/video_classification_videos/h264-vp9-150s/trans-150s/News/CNN/CNN(341).webm,Game
3510,/mnt/hbnas/datasets/video_classification_videos/h264-vp9-150s/trans-150s/News/CNN/CNN(158).webm,Game
3511,/mnt/hbnas/datasets/video_classification_videos/h264-vp9-150s/trans-150s/News/CNN/CNN(536).webm,News
3512,/mnt/hbnas/datasets/video_classification_videos/h264-vp9-150s/trans-150s/News/CNN/CNN(413).webm,News
3513,/mnt/hbnas/datasets/video_classification_videos/h264-vp9-150s/trans-150s/News/CNN/CNN(605).webm,Food
3514,/mnt/hbnas/datasets/video_classification_videos/h264-vp9-150s/trans-150s/News/CNN/CNN(888).webm,Game
3515,/mnt/hbnas/datasets/video_classification_videos/h264-vp9-150s/trans-150s/News/CNN/CNN(802).webm,News
3516,/mnt/hbnas/datasets/video_classification_videos/h264-vp9-150s/trans-150s/News/CNN/CNN(910).webm,News
3517,/mnt/hbnas/datasets/video_classification_videos/h264-vp9-150s/trans-150s/News/CNN/CNN(795).webm,News
3518,/mnt/hbnas/datasets/video_classification_videos/h264-vp9-150s/trans-150s/News/CNN/CNN(483).webm,News
3519,/mnt/hbnas/datasets/video_classification_videos/h264-vp9-150s/trans-150s/News/CNN/CNN(552).webm,Food
3520,/mnt/hbnas/datasets/video_classification_videos/h264-vp9-150s/trans-150s/News/CNN/CNN(607).webm,Sports
3521,/mnt/hbnas/datasets/video_classification_videos/h264-vp9-150s/trans-150s/News/CNN/CNN(747).webm,Game
3522,/mnt/hbnas/datasets/video_classification_videos/h264-vp9-150s/trans-150s/News/CNN/CNN(495).webm,Game
3523,/mnt/hbnas/datasets/video_classification_videos/h264-vp9-150s/trans-150s/News/CNN/CNN(705).webm,News
3524,/mnt/hbnas/datasets/video_classification_videos/h264-vp9-150s/trans-150s/News/CNN/CNN(809).webm,News
3525,/mnt/hbnas/datasets/video_classification_videos/h264-vp9-150s/trans-150s/News/CNN/CNN(559).webm,News
3526,/mnt/hbnas/datasets/video_classification_videos/h264-vp9-150s/trans-150s/News/CNN/CNN(300).webm,News
3527,/mnt/hbnas/datasets/video_classification_videos/h264-vp9-150s/trans-150s/News/CNN/CNN(735).webm,News
3528,/mnt/hbnas/datasets/video_classification_videos/h264-vp9-150s/trans-150s/News/CNN/CNN(863).webm,News
3529,/mnt/hbnas/datasets/video_classification_videos/h264-vp9-150s/trans-150s/News/CNN/CNN(108).webm,Sports
3530,/mnt/hbnas/datasets/video_classification_videos/h264-vp9-150s/trans-150s/News/CNN/CNN(409).webm,News
3531,/mnt/hbnas/datasets/video_classification_videos/h264-vp9-150s/trans-150s/News/CNN/CNN(638).webm,News
3532,/mnt/hbnas/datasets/video_classification_videos/h264-vp9-150s/trans-150s/News/CNN/CNN(208).webm,News
3533,/mnt/hbnas/datasets/video_classification_videos/h264-vp9-150s/trans-150s/News/CNN/CNN(407).webm,News
3534,/mnt/hbnas/datasets/video_classification_videos/h264-vp9-150s/trans-150s/News/CNN/CNN(97).webm,News
3535,/mnt/hbnas/datasets/video_classification_videos/h264-vp9-150s/trans-150s/News/CNN/CNN(526).webm,News
3536,/mnt/hbnas/datasets/video_classification_videos/h264-vp9-150s/trans-150s/News/CNN/CNN(212).webm,Game
3537,/mnt/hbnas/datasets/video_classification_videos/h264-vp9-150s/trans-150s/News/CNN/CNN(235).webm,News
3538,/mnt/hbnas/datasets/video_classification_videos/h264-vp9-150s/trans-150s/News/CNN/CNN(27).webm,News
3539,/mnt/hbnas/datasets/video_classification_videos/h264-vp9-150s/trans-150s/News/CNN/CNN(909).webm,Food
3540,/mnt/hbnas/datasets/video_classification_videos/h264-vp9-150s/trans-150s/News/CNN/CNN(66).webm,Food
3541,/mnt/hbnas/datasets/video_classification_videos/h264-vp9-150s/trans-150s/News/CNN/CNN(143).webm,News
3542,/mnt/hbnas/datasets/video_classification_videos/h264-vp9-150s/trans-150s/News/CNN/CNN(224).webm,Food
3543,/mnt/hbnas/datasets/video_classification_videos/h264-vp9-150s/trans-150s/News/CNN/CNN(59).webm,News
3544,/mnt/hbnas/datasets/video_classification_videos/h264-vp9-150s/trans-150s/News/CNN/CNN(252).webm,News
3545,/mnt/hbnas/datasets/video_classification_videos/h264-vp9-150s/trans-150s/News/CNN/CNN(870).webm,News
3546,/mnt/hbnas/datasets/video_classification_videos/h264-vp9-150s/trans-150s/News/CNN/CNN(716).webm,News
3547,/mnt/hbnas/datasets/video_classification_videos/h264-vp9-150s/trans-150s/News/CNN/CNN(629).webm,News
3548,/mnt/hbnas/datasets/video_classification_videos/h264-vp9-150s/trans-150s/News/CNN/CNN(176).webm,News
3549,/mnt/hbnas/datasets/video_classification_videos/h264-vp9-150s/trans-150s/News/CNN/CNN(104).webm,News
3550,/mnt/hbnas/datasets/video_classification_videos/h264-vp9-150s/trans-150s/News/CNN/CNN(813).webm,Sports
3551,/mnt/hbnas/datasets/video_classification_videos/h264-vp9-150s/trans-150s/News/CNN/CNN(90).webm,News
3552,/mnt/hbnas/datasets/video_classification_videos/h264-vp9-150s/trans-150s/News/CNN/CNN(680).webm,Food
3553,/mnt/hbnas/datasets/video_classification_videos/h264-vp9-150s/trans-150s/News/CNN/CNN(403).webm,Game
3554,/mnt/hbnas/datasets/video_classification_videos/h264-vp9-150s/trans-150s/News/CNN/CNN(247).webm,News
3555,/mnt/hbnas/datasets/video_classification_videos/h264-vp9-150s/trans-150s/News/CNN/CNN(402).webm,Food
3556,/mnt/hbnas/datasets/video_classification_videos/h264-vp9-150s/trans-150s/News/CNN/CNN(558).webm,News
3557,/mnt/hbnas/datasets/video_classification_videos/h264-vp9-150s/trans-150s/News/CNN/CNN(171).webm,News
3558,/mnt/hbnas/datasets/video_classification_videos/h264-vp9-150s/trans-150s/News/CNN/CNN(619).webm,News
3559,/mnt/hbnas/datasets/video_classification_videos/h264-vp9-150s/trans-150s/News/CNN/CNN(572).webm,News
3560,/mnt/hbnas/datasets/video_classification_videos/h264-vp9-150s/trans-150s/News/CNN/CNN(750).webm,Game
3561,/mnt/hbnas/datasets/video_classification_videos/h264-vp9-150s/trans-150s/News/CNN/CNN(654).webm,News
3562,/mnt/hbnas/datasets/video_classification_videos/h264-vp9-150s/trans-150s/News/CNN/CNN(193).webm,Sports
3563,/mnt/hbnas/datasets/video_classification_videos/h264-vp9-150s/trans-150s/News/CNN/CNN(598).webm,Food
3564,/mnt/hbnas/datasets/video_classification_videos/h264-vp9-150s/trans-150s/News/CNN/CNN(586).webm,Game
3565,/mnt/hbnas/datasets/video_classification_videos/h264-vp9-150s/trans-150s/News/CNN/CNN(905).webm,News
3566,/mnt/hbnas/datasets/video_classification_videos/h264-vp9-150s/trans-150s/News/CNN/CNN(179).webm,News
3567,/mnt/hbnas/datasets/video_classification_videos/h264-vp9-150s/trans-150s/News/CNN/CNN(305).webm,News
3568,/mnt/hbnas/datasets/video_classification_videos/h264-vp9-150s/trans-150s/News/CNN/CNN(505).webm,Game
3569,/mnt/hbnas/datasets/video_classification_videos/h264-vp9-150s/trans-150s/News/CNN/CNN(230).webm,News
3570,/mnt/hbnas/datasets/video_classification_videos/h264-vp9-150s/trans-150s/News/CNN/CNN(380).webm,News
3571,/mnt/hbnas/datasets/video_classification_videos/h264-vp9-150s/trans-150s/News/CNN/CNN(251).webm,Game
3572,/mnt/hbnas/datasets/video_classification_videos/h264-vp9-150s/trans-150s/News/CNN/CNN(306).webm,News
3573,/mnt/hbnas/datasets/video_classification_videos/h264-vp9-150s/trans-150s/News/CNN/CNN(879).webm,Food
3574,/mnt/hbnas/datasets/video_classification_videos/h264-vp9-150s/trans-150s/News/CNN/CNN(542).webm,News
3575,/mnt/hbnas/datasets/video_classification_videos/h264-vp9-150s/trans-150s/News/CNN/CNN(424).webm,News
3576,/mnt/hbnas/datasets/video_classification_videos/h264-vp9-150s/trans-150s/News/CNN/CNN(819).webm,Game
3577,/mnt/hbnas/datasets/video_classification_videos/h264-vp9-150s/trans-150s/News/CNN/CNN(282).webm,Game
3578,/mnt/hbnas/datasets/video_classification_videos/h264-vp9-150s/trans-150s/News/CNN/CNN(588).webm,News
3579,/mnt/hbnas/datasets/video_classification_videos/h264-vp9-150s/trans-150s/News/CNN/CNN(899).webm,Game
3580,/mnt/hbnas/datasets/video_classification_videos/h264-vp9-150s/trans-150s/News/CNN/CNN(683).webm,News
3581,/mnt/hbnas/datasets/video_classification_videos/h264-vp9-150s/trans-150s/News/CNN/CNN(37).webm,News
3582,/mnt/hbnas/datasets/video_classification_videos/h264-vp9-150s/trans-150s/News/CNN/CNN(739).webm,News
3583,/mnt/hbnas/datasets/video_classification_videos/h264-vp9-150s/trans-150s/News/CNN/CNN(494).webm,Game
3584,/mnt/hbnas/datasets/video_classification_videos/h264-vp9-150s/trans-150s/News/CNN/CNN(798).webm,Food
3585,/mnt/hbnas/datasets/video_classification_videos/h264-vp9-150s/trans-150s/News/CNN/CNN(742).webm,News
3586,/mnt/hbnas/datasets/video_classification_videos/h264-vp9-150s/trans-150s/News/CNN/CNN(128).webm,News
3587,/mnt/hbnas/datasets/video_classification_videos/h264-vp9-150s/trans-150s/News/CNN/CNN(365).webm,News
3588,/mnt/hbnas/datasets/video_classification_videos/h264-vp9-150s/trans-150s/News/CNN/CNN(344).webm,Game
3589,/mnt/hbnas/datasets/video_classification_videos/h264-vp9-150s/trans-150s/News/CNN/CNN(393).webm,News
3590,/mnt/hbnas/datasets/video_classification_videos/h264-vp9-150s/trans-150s/News/CNN/CNN(295).webm,News
3591,/mnt/hbnas/datasets/video_classification_videos/h264-vp9-150s/trans-150s/News/CNN/CNN(576).webm,News
3592,/mnt/hbnas/datasets/video_classification_videos/h264-vp9-150s/trans-150s/News/CNN/CNN(836).webm,Food
3593,/mnt/hbnas/datasets/video_classification_videos/h264-vp9-150s/trans-150s/News/CNN/CNN(912).webm,Game
3594,/mnt/hbnas/datasets/video_classification_videos/h264-vp9-150s/trans-150s/News/CNN/CNN(185).webm,News
3595,/mnt/hbnas/datasets/video_classification_videos/h264-vp9-150s/trans-150s/News/CNN/CNN(106).webm,News
3596,/mnt/hbnas/datasets/video_classification_videos/h264-vp9-150s/trans-150s/News/CNN/CNN(765).webm,News
3597,/mnt/hbnas/datasets/video_classification_videos/h264-vp9-150s/trans-150s/News/CNN/CNN(865).webm,Food
3598,/mnt/hbnas/datasets/video_classification_videos/h264-vp9-150s/trans-150s/News/CNN/CNN(288).webm,News
3599,/mnt/hbnas/datasets/video_classification_videos/h264-vp9-150s/trans-150s/News/CNN/CNN(860).webm,News
3600,/mnt/hbnas/datasets/video_classification_videos/h264-vp9-150s/trans-150s/Sports/NBA/NBA(282).webm,News
3601,/mnt/hbnas/datasets/video_classification_videos/h264-vp9-150s/trans-150s/Sports/NBA/NBA(786).webm,News
3602,/mnt/hbnas/datasets/video_classification_videos/h264-vp9-150s/trans-150s/Sports/NBA/NBA(548).webm,Game
3603,/mnt/hbnas/datasets/video_classification_videos/h264-vp9-150s/trans-150s/Sports/NBA/NBA(543).webm,Game
3604,/mnt/hbnas/datasets/video_classification_videos/h264-vp9-150s/trans-150s/Sports/NBA/NBA(886).webm,News
3605,/mnt/hbnas/datasets/video_classification_videos/h264-vp9-150s/trans-150s/Sports/NBA/NBA(953).webm,News
3606,/mnt/hbnas/datasets/video_classification_videos/h264-vp9-150s/trans-150s/Sports/NBA/NBA(686).webm,News
3607,/mnt/hbnas/datasets/video_classification_videos/h264-vp9-150s/trans-150s/Sports/NBA/NBA(142).webm,News
3608,/mnt/hbnas/datasets/video_classification_videos/h264-vp9-150s/trans-150s/Sports/NBA/NBA(158).webm,News
3609,/mnt/hbnas/datasets/video_classification_videos/h264-vp9-150s/trans-150s/Sports/NBA/NBA(237).webm,Music
3610,/mnt/hbnas/datasets/video_classification_videos/h264-vp9-150s/trans-150s/Sports/NBA/NBA(251).webm,Game
3611,/mnt/hbnas/datasets/video_classification_videos/h264-vp9-150s/trans-150s/Sports/NBA/NBA(631).webm,Game
3612,/mnt/hbnas/datasets/video_classification_videos/h264-vp9-150s/trans-150s/Sports/NBA/NBA(994).webm,News
3613,/mnt/hbnas/datasets/video_classification_videos/h264-vp9-150s/trans-150s/Sports/NBA/NBA(629).webm,News
3614,/mnt/hbnas/datasets/video_classification_videos/h264-vp9-150s/trans-150s/Sports/NBA/NBA(911).webm,News
3615,/mnt/hbnas/datasets/video_classification_videos/h264-vp9-150s/trans-150s/Sports/NBA/NBA(475).webm,Game
3616,/mnt/hbnas/datasets/video_classification_videos/h264-vp9-150s/trans-150s/Sports/NBA/NBA(482).webm,Game
3617,/mnt/hbnas/datasets/video_classification_videos/h264-vp9-150s/trans-150s/Sports/NBA/NBA(335).webm,Game
3618,/mnt/hbnas/datasets/video_classification_videos/h264-vp9-150s/trans-150s/Sports/NBA/NBA(899).webm,News
3619,/mnt/hbnas/datasets/video_classification_videos/h264-vp9-150s/trans-150s/Sports/NBA/NBA(771).webm,News
3620,/mnt/hbnas/datasets/video_classification_videos/h264-vp9-150s/trans-150s/Sports/NBA/NBA(942).webm,News
3621,/mnt/hbnas/datasets/video_classification_videos/h264-vp9-150s/trans-150s/Sports/NBA/NBA(952).webm,News
3622,/mnt/hbnas/datasets/video_classification_videos/h264-vp9-150s/trans-150s/Sports/NBA/NBA(836).webm,News
3623,/mnt/hbnas/datasets/video_classification_videos/h264-vp9-150s/trans-150s/Sports/NBA/NBA(409).webm,News
3624,/mnt/hbnas/datasets/video_classification_videos/h264-vp9-150s/trans-150s/Sports/NBA/NBA(589).webm,News
3625,/mnt/hbnas/datasets/video_classification_videos/h264-vp9-150s/trans-150s/Sports/NBA/NBA(125).webm,News
3626,/mnt/hbnas/datasets/video_classification_videos/h264-vp9-150s/trans-150s/Sports/NBA/NBA(646).webm,News
3627,/mnt/hbnas/datasets/video_classification_videos/h264-vp9-150s/trans-150s/Sports/NBA/NBA(634).webm,News
3628,/mnt/hbnas/datasets/video_classification_videos/h264-vp9-150s/trans-150s/Sports/NBA/NBA(170).webm,News
3629,/mnt/hbnas/datasets/video_classification_videos/h264-vp9-150s/trans-150s/Sports/NBA/NBA(454).webm,News
3630,/mnt/hbnas/datasets/video_classification_videos/h264-vp9-150s/trans-150s/Sports/NBA/NBA(429).webm,Game
3631,/mnt/hbnas/datasets/video_classification_videos/h264-vp9-150s/trans-150s/Sports/NBA/NBA(797).webm,News
3632,/mnt/hbnas/datasets/video_classification_videos/h264-vp9-150s/trans-150s/Sports/NBA/NBA(690).webm,Game
3633,/mnt/hbnas/datasets/video_classification_videos/h264-vp9-150s/trans-150s/Sports/NBA/NBA(397).webm,News
3634,/mnt/hbnas/datasets/video_classification_videos/h264-vp9-150s/trans-150s/Sports/NBA/NBA(137).webm,News
3635,/mnt/hbnas/datasets/video_classification_videos/h264-vp9-150s/trans-150s/Sports/NBA/NBA(566).webm,Game
3636,/mnt/hbnas/datasets/video_classification_videos/h264-vp9-150s/trans-150s/Sports/NBA/NBA(981).webm,News
3637,/mnt/hbnas/datasets/video_classification_videos/h264-vp9-150s/trans-150s/Sports/NBA/NBA(381).webm,Music
3638,/mnt/hbnas/datasets/video_classification_videos/h264-vp9-150s/trans-150s/Sports/NBA/NBA(326).webm,News
3639,/mnt/hbnas/datasets/video_classification_videos/h264-vp9-150s/trans-150s/Sports/NBA/NBA(873).webm,News
3640,/mnt/hbnas/datasets/video_classification_videos/h264-vp9-150s/trans-150s/Sports/NBA/NBA(959).webm,News
3641,/mnt/hbnas/datasets/video_classification_videos/h264-vp9-150s/trans-150s/Sports/NBA/NBA(219).webm,Game
3642,/mnt/hbnas/datasets/video_classification_videos/h264-vp9-150s/trans-150s/Sports/NBA/NBA(905).webm,News
3643,/mnt/hbnas/datasets/video_classification_videos/h264-vp9-150s/trans-150s/Sports/NBA/NBA(998).webm,News
3644,/mnt/hbnas/datasets/video_classification_videos/h264-vp9-150s/trans-150s/Sports/NBA/NBA(750).webm,News
3645,/mnt/hbnas/datasets/video_classification_videos/h264-vp9-150s/trans-150s/Sports/NBA/NBA(913).webm,News
3646,/mnt/hbnas/datasets/video_classification_videos/h264-vp9-150s/trans-150s/Sports/NBA/NBA(177).webm,News
3647,/mnt/hbnas/datasets/video_classification_videos/h264-vp9-150s/trans-150s/Sports/NBA/NBA(928).webm,News
3648,/mnt/hbnas/datasets/video_classification_videos/h264-vp9-150s/trans-150s/Sports/NBA/NBA(588).webm,News
3649,/mnt/hbnas/datasets/video_classification_videos/h264-vp9-150s/trans-150s/Sports/NBA/NBA(254).webm,Music
3650,/mnt/hbnas/datasets/video_classification_videos/h264-vp9-150s/trans-150s/Sports/NBA/NBA(434).webm,News
3651,/mnt/hbnas/datasets/video_classification_videos/h264-vp9-150s/trans-150s/Sports/NBA/NBA(576).webm,Music
3652,/mnt/hbnas/datasets/video_classification_videos/h264-vp9-150s/trans-150s/Sports/NBA/NBA(882).webm,News
3653,/mnt/hbnas/datasets/video_classification_videos/h264-vp9-150s/trans-150s/Sports/NBA/NBA(196).webm,Movie
3654,/mnt/hbnas/datasets/video_classification_videos/h264-vp9-150s/trans-150s/Sports/NBA/NBA(284).webm,Game
3655,/mnt/hbnas/datasets/video_classification_videos/h264-vp9-150s/trans-150s/Sports/NBA/NBA(446).webm,Game
3656,/mnt/hbnas/datasets/video_classification_videos/h264-vp9-150s/trans-150s/Sports/NBA/NBA(640).webm,Game
3657,/mnt/hbnas/datasets/video_classification_videos/h264-vp9-150s/trans-150s/Sports/NBA/NBA(723).webm,News
3658,/mnt/hbnas/datasets/video_classification_videos/h264-vp9-150s/trans-150s/Sports/NBA/NBA(802).webm,Sports
3659,/mnt/hbnas/datasets/video_classification_videos/h264-vp9-150s/trans-150s/Sports/NBA/NBA(583).webm,News
3660,/mnt/hbnas/datasets/video_classification_videos/h264-vp9-150s/trans-150s/Sports/NBA/NBA(571).webm,Sports
3661,/mnt/hbnas/datasets/video_classification_videos/h264-vp9-150s/trans-150s/Sports/NBA/NBA(615).webm,Game
3662,/mnt/hbnas/datasets/video_classification_videos/h264-vp9-150s/trans-150s/Sports/NBA/NBA(975).webm,News
3663,/mnt/hbnas/datasets/video_classification_videos/h264-vp9-150s/trans-150s/Sports/NBA/NBA(373).webm,Game
3664,/mnt/hbnas/datasets/video_classification_videos/h264-vp9-150s/trans-150s/Sports/NBA/NBA(413).webm,News
3665,/mnt/hbnas/datasets/video_classification_videos/h264-vp9-150s/trans-150s/Sports/NBA/NBA(276).webm,News
3666,/mnt/hbnas/datasets/video_classification_videos/h264-vp9-150s/trans-150s/Sports/NBA/NBA(136).webm,News
3667,/mnt/hbnas/datasets/video_classification_videos/h264-vp9-150s/trans-150s/Sports/NBA/NBA(976).webm,News
3668,/mnt/hbnas/datasets/video_classification_videos/h264-vp9-150s/trans-150s/Sports/NBA/NBA(517).webm,Movie
3669,/mnt/hbnas/datasets/video_classification_videos/h264-vp9-150s/trans-150s/Sports/NBA/NBA(549).webm,Game
3670,/mnt/hbnas/datasets/video_classification_videos/h264-vp9-150s/trans-150s/Sports/NBA/NBA(703).webm,News
3671,/mnt/hbnas/datasets/video_classification_videos/h264-vp9-150s/trans-150s/Sports/NBA/NBA(962).webm,News
3672,/mnt/hbnas/datasets/video_classification_videos/h264-vp9-150s/trans-150s/Sports/NBA/NBA(210).webm,News
3673,/mnt/hbnas/datasets/video_classification_videos/h264-vp9-150s/trans-150s/Sports/NBA/NBA(138).webm,News
3674,/mnt/hbnas/datasets/video_classification_videos/h264-vp9-150s/trans-150s/Sports/NBA/NBA(761).webm,News
3675,/mnt/hbnas/datasets/video_classification_videos/h264-vp9-150s/trans-150s/Sports/NBA/NBA(465).webm,News
3676,/mnt/hbnas/datasets/video_classification_videos/h264-vp9-150s/trans-150s/Sports/NBA/NBA(305).webm,News
3677,/mnt/hbnas/datasets/video_classification_videos/h264-vp9-150s/trans-150s/Sports/NBA/NBA(396).webm,Music
3678,/mnt/hbnas/datasets/video_classification_videos/h264-vp9-150s/trans-150s/Sports/NBA/NBA(704).webm,Game
3679,/mnt/hbnas/datasets/video_classification_videos/h264-vp9-150s/trans-150s/Sports/NBA/NBA(568).webm,Sports
3680,/mnt/hbnas/datasets/video_classification_videos/h264-vp9-150s/trans-150s/Sports/NBA/NBA(983).webm,News
3681,/mnt/hbnas/datasets/video_classification_videos/h264-vp9-150s/trans-150s/Sports/NBA/NBA(355).webm,News
3682,/mnt/hbnas/datasets/video_classification_videos/h264-vp9-150s/trans-150s/Sports/NBA/NBA(917).webm,News
3683,/mnt/hbnas/datasets/video_classification_videos/h264-vp9-150s/trans-150s/Sports/NBA/NBA(262).webm,News
3684,/mnt/hbnas/datasets/video_classification_videos/h264-vp9-150s/trans-150s/Sports/NBA/NBA(129).webm,News
3685,/mnt/hbnas/datasets/video_classification_videos/h264-vp9-150s/trans-150s/Sports/NBA/NBA(361).webm,News
3686,/mnt/hbnas/datasets/video_classification_videos/h264-vp9-150s/trans-150s/Sports/NBA/NBA(859).webm,Movie
3687,/mnt/hbnas/datasets/video_classification_videos/h264-vp9-150s/trans-150s/Sports/NBA/NBA(288).webm,Game
3688,/mnt/hbnas/datasets/video_classification_videos/h264-vp9-150s/trans-150s/Sports/NBA/NBA(357).webm,Game
3689,/mnt/hbnas/datasets/video_classification_videos/h264-vp9-150s/trans-150s/Sports/NBA/NBA(858).webm,News
3690,/mnt/hbnas/datasets/video_classification_videos/h264-vp9-150s/trans-150s/Sports/NBA/NBA(496).webm,News
3691,/mnt/hbnas/datasets/video_classification_videos/h264-vp9-150s/trans-150s/Sports/NBA/NBA(149).webm,News
3692,/mnt/hbnas/datasets/video_classification_videos/h264-vp9-150s/trans-150s/Sports/NBA/NBA(769).webm,News
3693,/mnt/hbnas/datasets/video_classification_videos/h264-vp9-150s/trans-150s/Sports/NBA/NBA(961).webm,News
3694,/mnt/hbnas/datasets/video_classification_videos/h264-vp9-150s/trans-150s/Sports/NBA/NBA(816).webm,News
3695,/mnt/hbnas/datasets/video_classification_videos/h264-vp9-150s/trans-150s/Sports/NBA/NBA(849).webm,News
3696,/mnt/hbnas/datasets/video_classification_videos/h264-vp9-150s/trans-150s/Sports/NBA/NBA(559).webm,Game
3697,/mnt/hbnas/datasets/video_classification_videos/h264-vp9-150s/trans-150s/Sports/NBA/NBA(658).webm,Game
3698,/mnt/hbnas/datasets/video_classification_videos/h264-vp9-150s/trans-150s/Sports/NBA/NBA(280).webm,News
3699,/mnt/hbnas/datasets/video_classification_videos/h264-vp9-150s/trans-150s/Sports/NBA/NBA(275).webm,Game
3700,/mnt/hbnas/datasets/video_classification_videos/h264-vp9-150s/trans-150s/Sports/NBA/NBA(483).webm,News
3701,/mnt/hbnas/datasets/video_classification_videos/h264-vp9-150s/trans-150s/Sports/NBA/NBA(342).webm,News
3702,/mnt/hbnas/datasets/video_classification_videos/h264-vp9-150s/trans-150s/Sports/NBA/NBA(912).webm,News
3703,/mnt/hbnas/datasets/video_classification_videos/h264-vp9-150s/trans-150s/Sports/NBA/NBA(458).webm,Music
3704,/mnt/hbnas/datasets/video_classification_videos/h264-vp9-150s/trans-150s/Sports/NBA/NBA(455).webm,Music
3705,/mnt/hbnas/datasets/video_classification_videos/h264-vp9-150s/trans-150s/Sports/NBA/NBA(299).webm,News
3706,/mnt/hbnas/datasets/video_classification_videos/h264-vp9-150s/trans-150s/Sports/NBA/NBA(654).webm,News
3707,/mnt/hbnas/datasets/video_classification_videos/h264-vp9-150s/trans-150s/Sports/NBA/NBA(597).webm,Game
3708,/mnt/hbnas/datasets/video_classification_videos/h264-vp9-150s/trans-150s/Sports/NBA/NBA(582).webm,Game
3709,/mnt/hbnas/datasets/video_classification_videos/h264-vp9-150s/trans-150s/Sports/NBA/NBA(608).webm,News
3710,/mnt/hbnas/datasets/video_classification_videos/h264-vp9-150s/trans-150s/Sports/NBA/NBA(579).webm,News
3711,/mnt/hbnas/datasets/video_classification_videos/h264-vp9-150s/trans-150s/Sports/NBA/NBA(832).webm,News
3712,/mnt/hbnas/datasets/video_classification_videos/h264-vp9-150s/trans-150s/Sports/NBA/NBA(934).webm,Game
3713,/mnt/hbnas/datasets/video_classification_videos/h264-vp9-150s/trans-150s/Sports/NBA/NBA(205).webm,News
3714,/mnt/hbnas/datasets/video_classification_videos/h264-vp9-150s/trans-150s/Sports/NBA/NBA(697).webm,News
3715,/mnt/hbnas/datasets/video_classification_videos/h264-vp9-150s/trans-150s/Sports/NBA/NBA(371).webm,Game
3716,/mnt/hbnas/datasets/video_classification_videos/h264-vp9-150s/trans-150s/Sports/NBA/NBA(256).webm,Game
3717,/mnt/hbnas/datasets/video_classification_videos/h264-vp9-150s/trans-150s/Sports/NBA/NBA(900).webm,News
3718,/mnt/hbnas/datasets/video_classification_videos/h264-vp9-150s/trans-150s/Sports/NBA/NBA(544).webm,Game
3719,/mnt/hbnas/datasets/video_classification_videos/h264-vp9-150s/trans-150s/Sports/NBA/NBA(352).webm,News
3720,/mnt/hbnas/datasets/video_classification_videos/h264-vp9-150s/trans-150s/Sports/NBA/NBA(525).webm,Game
3721,/mnt/hbnas/datasets/video_classification_videos/h264-vp9-150s/trans-150s/Sports/NBA/NBA(469).webm,Game
3722,/mnt/hbnas/datasets/video_classification_videos/h264-vp9-150s/trans-150s/Sports/NBA/NBA(809).webm,News
3723,/mnt/hbnas/datasets/video_classification_videos/h264-vp9-150s/trans-150s/Sports/NBA/NBA(437).webm,Game
3724,/mnt/hbnas/datasets/video_classification_videos/h264-vp9-150s/trans-150s/Sports/NBA/NBA(612).webm,Game
3725,/mnt/hbnas/datasets/video_classification_videos/h264-vp9-150s/trans-150s/Sports/NBA/NBA(921).webm,News
3726,/mnt/hbnas/datasets/video_classification_videos/h264-vp9-150s/trans-150s/Sports/NBA/NBA(599).webm,News
3727,/mnt/hbnas/datasets/video_classification_videos/h264-vp9-150s/trans-150s/Sports/NBA/NBA(871).webm,News
3728,/mnt/hbnas/datasets/video_classification_videos/h264-vp9-150s/trans-150s/Sports/NBA/NBA(257).webm,Game
3729,/mnt/hbnas/datasets/video_classification_videos/h264-vp9-150s/trans-150s/Sports/NBA/NBA(267).webm,Game
3730,/mnt/hbnas/datasets/video_classification_videos/h264-vp9-150s/trans-150s/Sports/NBA/NBA(674).webm,News
3731,/mnt/hbnas/datasets/video_classification_videos/h264-vp9-150s/trans-150s/Sports/NBA/NBA(733).webm,News
3732,/mnt/hbnas/datasets/video_classification_videos/h264-vp9-150s/trans-150s/Sports/NBA/NBA(753).webm,News
3733,/mnt/hbnas/datasets/video_classification_videos/h264-vp9-150s/trans-150s/Sports/NBA/NBA(936).webm,News
3734,/mnt/hbnas/datasets/video_classification_videos/h264-vp9-150s/trans-150s/Sports/NBA/NBA(538).webm,News
3735,/mnt/hbnas/datasets/video_classification_videos/h264-vp9-150s/trans-150s/Sports/NBA/NBA(864).webm,Game
3736,/mnt/hbnas/datasets/video_classification_videos/h264-vp9-150s/trans-150s/Sports/NBA/NBA(395).webm,Game
3737,/mnt/hbnas/datasets/video_classification_videos/h264-vp9-150s/trans-150s/Sports/NBA/NBA(159).webm,News
3738,/mnt/hbnas/datasets/video_classification_videos/h264-vp9-150s/trans-150s/Sports/NBA/NBA(382).webm,Game
3739,/mnt/hbnas/datasets/video_classification_videos/h264-vp9-150s/trans-150s/Sports/NBA/NBA(963).webm,News
3740,/mnt/hbnas/datasets/video_classification_videos/h264-vp9-150s/trans-150s/Sports/NBA/NBA(989).webm,News
3741,/mnt/hbnas/datasets/video_classification_videos/h264-vp9-150s/trans-150s/Sports/NBA/NBA(574).webm,Game
3742,/mnt/hbnas/datasets/video_classification_videos/h264-vp9-150s/trans-150s/Sports/NBA/NBA(439).webm,Game
3743,/mnt/hbnas/datasets/video_classification_videos/h264-vp9-150s/trans-150s/Sports/NBA/NBA(630).webm,Sports
3744,/mnt/hbnas/datasets/video_classification_videos/h264-vp9-150s/trans-150s/Sports/NBA/NBA(977).webm,News
3745,/mnt/hbnas/datasets/video_classification_videos/h264-vp9-150s/trans-150s/Sports/NBA/NBA(955).webm,News
3746,/mnt/hbnas/datasets/video_classification_videos/h264-vp9-150s/trans-150s/Sports/NBA/NBA(370).webm,News
3747,/mnt/hbnas/datasets/video_classification_videos/h264-vp9-150s/trans-150s/Sports/NBA/NBA(838).webm,News
3748,/mnt/hbnas/datasets/video_classification_videos/h264-vp9-150s/trans-150s/Sports/NBA/NBA(519).webm,Game
3749,/mnt/hbnas/datasets/video_classification_videos/h264-vp9-150s/trans-150s/Sports/NBA/NBA(331).webm,Game
3750,/mnt/hbnas/datasets/video_classification_videos/h264-vp9-150s/trans-150s/Sports/NBA/NBA(775).webm,News
3751,/mnt/hbnas/datasets/video_classification_videos/h264-vp9-150s/trans-150s/Sports/NBA/NBA(997).webm,News
3752,/mnt/hbnas/datasets/video_classification_videos/h264-vp9-150s/trans-150s/Sports/NBA/NBA(202).webm,News
3753,/mnt/hbnas/datasets/video_classification_videos/h264-vp9-150s/trans-150s/Sports/NBA/NBA(732).webm,News
3754,/mnt/hbnas/datasets/video_classification_videos/h264-vp9-150s/trans-150s/Sports/NBA/NBA(644).webm,News
3755,/mnt/hbnas/datasets/video_classification_videos/h264-vp9-150s/trans-150s/Sports/NBA/NBA(339).webm,Game
3756,/mnt/hbnas/datasets/video_classification_videos/h264-vp9-150s/trans-150s/Sports/NBA/NBA(925).webm,Game
3757,/mnt/hbnas/datasets/video_classification_videos/h264-vp9-150s/trans-150s/Sports/NBA/NBA(300).webm,News
3758,/mnt/hbnas/datasets/video_classification_videos/h264-vp9-150s/trans-150s/Sports/NBA/NBA(719).webm,News
3759,/mnt/hbnas/datasets/video_classification_videos/h264-vp9-150s/trans-150s/Sports/NBA/NBA(965).webm,News
3760,/mnt/hbnas/datasets/video_classification_videos/h264-vp9-150s/trans-150s/Sports/NBA/NBA(875).webm,News
3761,/mnt/hbnas/datasets/video_classification_videos/h264-vp9-150s/trans-150s/Sports/NBA/NBA(567).webm,Music
3762,/mnt/hbnas/datasets/video_classification_videos/h264-vp9-150s/trans-150s/Sports/NBA/NBA(647).webm,Music
3763,/mnt/hbnas/datasets/video_classification_videos/h264-vp9-150s/trans-150s/Sports/NBA/NBA(668).webm,Game
3764,/mnt/hbnas/datasets/video_classification_videos/h264-vp9-150s/trans-150s/Sports/NBA/NBA(126).webm,News
3765,/mnt/hbnas/datasets/video_classification_videos/h264-vp9-150s/trans-150s/Sports/NBA/NBA(133).webm,News
3766,/mnt/hbnas/datasets/video_classification_videos/h264-vp9-150s/trans-150s/Sports/NBA/NBA(564).webm,Music
3767,/mnt/hbnas/datasets/video_classification_videos/h264-vp9-150s/trans-150s/Sports/NBA/NBA(472).webm,News
3768,/mnt/hbnas/datasets/video_classification_videos/h264-vp9-150s/trans-150s/Sports/NBA/NBA(987).webm,News
3769,/mnt/hbnas/datasets/video_classification_videos/h264-vp9-150s/trans-150s/Sports/NBA/NBA(870).webm,News
3770,/mnt/hbnas/datasets/video_classification_videos/h264-vp9-150s/trans-150s/Sports/NBA/NBA(412).webm,Game
3771,/mnt/hbnas/datasets/video_classification_videos/h264-vp9-150s/trans-150s/Sports/NBA/NBA(845).webm,Movie
3772,/mnt/hbnas/datasets/video_classification_videos/h264-vp9-150s/trans-150s/Sports/NBA/NBA(139).webm,Game
3773,/mnt/hbnas/datasets/video_classification_videos/h264-vp9-150s/trans-150s/Sports/NBA/NBA(861).webm,News
3774,/mnt/hbnas/datasets/video_classification_videos/h264-vp9-150s/trans-150s/Sports/NBA/NBA(828).webm,News
3775,/mnt/hbnas/datasets/video_classification_videos/h264-vp9-150s/trans-150s/Sports/NBA/NBA(374).webm,Game
3776,/mnt/hbnas/datasets/video_classification_videos/h264-vp9-150s/trans-150s/Sports/NBA/NBA(246).webm,News
3777,/mnt/hbnas/datasets/video_classification_videos/h264-vp9-150s/trans-150s/Sports/NBA/NBA(794).webm,News
3778,/mnt/hbnas/datasets/video_classification_videos/h264-vp9-150s/trans-150s/Sports/NBA/NBA(524).webm,News
3779,/mnt/hbnas/datasets/video_classification_videos/h264-vp9-150s/trans-150s/Sports/ThrasherMagazine/ThrasherMagazine1/ThrasherMagazine390.webm,News
3780,/mnt/hbnas/datasets/video_classification_videos/h264-vp9-150s/trans-150s/Sports/ThrasherMagazine/ThrasherMagazine1/ThrasherMagazine774.webm,News
3781,/mnt/hbnas/datasets/video_classification_videos/h264-vp9-150s/trans-150s/Sports/ThrasherMagazine/ThrasherMagazine1/ThrasherMagazine466.webm,Food
3782,/mnt/hbnas/datasets/video_classification_videos/h264-vp9-150s/trans-150s/Sports/ThrasherMagazine/ThrasherMagazine1/ThrasherMagazine203.webm,News
3783,/mnt/hbnas/datasets/video_classification_videos/h264-vp9-150s/trans-150s/Sports/ThrasherMagazine/ThrasherMagazine1/ThrasherMagazine809.webm,News
3784,/mnt/hbnas/datasets/video_classification_videos/h264-vp9-150s/trans-150s/Sports/ThrasherMagazine/ThrasherMagazine1/ThrasherMagazine374.webm,News
3785,/mnt/hbnas/datasets/video_classification_videos/h264-vp9-150s/trans-150s/Sports/ThrasherMagazine/ThrasherMagazine1/ThrasherMagazine263.webm,News
3786,/mnt/hbnas/datasets/video_classification_videos/h264-vp9-150s/trans-150s/Sports/ThrasherMagazine/ThrasherMagazine1/ThrasherMagazine62.webm,News
3787,/mnt/hbnas/datasets/video_classification_videos/h264-vp9-150s/trans-150s/Sports/ThrasherMagazine/ThrasherMagazine1/ThrasherMagazine418.webm,Music
3788,/mnt/hbnas/datasets/video_classification_videos/h264-vp9-150s/trans-150s/Sports/ThrasherMagazine/ThrasherMagazine1/ThrasherMagazine787.webm,News
3789,/mnt/hbnas/datasets/video_classification_videos/h264-vp9-150s/trans-150s/Sports/ThrasherMagazine/ThrasherMagazine1/ThrasherMagazine205.webm,Music
3790,/mnt/hbnas/datasets/video_classification_videos/h264-vp9-150s/trans-150s/Sports/ThrasherMagazine/ThrasherMagazine1/ThrasherMagazine443.webm,News
3791,/mnt/hbnas/datasets/video_classification_videos/h264-vp9-150s/trans-150s/Sports/ThrasherMagazine/ThrasherMagazine1/ThrasherMagazine64.webm,News
3792,/mnt/hbnas/datasets/video_classification_videos/h264-vp9-150s/trans-150s/Sports/ThrasherMagazine/ThrasherMagazine1/ThrasherMagazine790.webm,Music
3793,/mnt/hbnas/datasets/video_classification_videos/h264-vp9-150s/trans-150s/Sports/ThrasherMagazine/ThrasherMagazine1/ThrasherMagazine808.webm,Music
3794,/mnt/hbnas/datasets/video_classification_videos/h264-vp9-150s/trans-150s/Sports/ThrasherMagazine/ThrasherMagazine1/ThrasherMagazine381.webm,News
3795,/mnt/hbnas/datasets/video_classification_videos/h264-vp9-150s/trans-150s/Sports/ThrasherMagazine/ThrasherMagazine1/ThrasherMagazine52.webm,News
3796,/mnt/hbnas/datasets/video_classification_videos/h264-vp9-150s/trans-150s/Sports/ThrasherMagazine/ThrasherMagazine1/ThrasherMagazine811.webm,Music
3797,/mnt/hbnas/datasets/video_classification_videos/h264-vp9-150s/trans-150s/Sports/ThrasherMagazine/ThrasherMagazine1/ThrasherMagazine510.webm,News
3798,/mnt/hbnas/datasets/video_classification_videos/h264-vp9-150s/trans-150s/Sports/ThrasherMagazine/ThrasherMagazine1/ThrasherMagazine373.webm,News
3799,/mnt/hbnas/datasets/video_classification_videos/h264-vp9-150s/trans-150s/Sports/ThrasherMagazine/ThrasherMagazine1/ThrasherMagazine800.webm,Food
3800,/mnt/hbnas/datasets/video_classification_videos/h264-vp9-150s/trans-150s/Sports/ThrasherMagazine/ThrasherMagazine1/ThrasherMagazine686.webm,Music
3801,/mnt/hbnas/datasets/video_classification_videos/h264-vp9-150s/trans-150s/Sports/ThrasherMagazine/ThrasherMagazine1/ThrasherMagazine652.webm,News
3802,/mnt/hbnas/datasets/video_classification_videos/h264-vp9-150s/trans-150s/Sports/ThrasherMagazine/ThrasherMagazine1/ThrasherMagazine653.webm,News
3803,/mnt/hbnas/datasets/video_classification_videos/h264-vp9-150s/trans-150s/Sports/ThrasherMagazine/ThrasherMagazine1/ThrasherMagazine230.webm,Music
3804,/mnt/hbnas/datasets/video_classification_videos/h264-vp9-150s/trans-150s/Sports/ThrasherMagazine/ThrasherMagazine1/ThrasherMagazine394.webm,News
3805,/mnt/hbnas/datasets/video_classification_videos/h264-vp9-150s/trans-150s/Sports/ThrasherMagazine/ThrasherMagazine1/ThrasherMagazine211.webm,News
3806,/mnt/hbnas/datasets/video_classification_videos/h264-vp9-150s/trans-150s/Sports/ThrasherMagazine/ThrasherMagazine1/ThrasherMagazine281.webm,News
3807,/mnt/hbnas/datasets/video_classification_videos/h264-vp9-150s/trans-150s/Sports/ThrasherMagazine/ThrasherMagazine1/ThrasherMagazine343.webm,News
3808,/mnt/hbnas/datasets/video_classification_videos/h264-vp9-150s/trans-150s/Sports/ThrasherMagazine/ThrasherMagazine1/ThrasherMagazine357.webm,News
3809,/mnt/hbnas/datasets/video_classification_videos/h264-vp9-150s/trans-150s/Sports/ThrasherMagazine/ThrasherMagazine1/ThrasherMagazine197.webm,News
3810,/mnt/hbnas/datasets/video_classification_videos/h264-vp9-150s/trans-150s/Sports/ThrasherMagazine/ThrasherMagazine1/ThrasherMagazine195.webm,News
3811,/mnt/hbnas/datasets/video_classification_videos/h264-vp9-150s/trans-150s/Sports/ThrasherMagazine/ThrasherMagazine1/ThrasherMagazine330.webm,News
3812,/mnt/hbnas/datasets/video_classification_videos/h264-vp9-150s/trans-150s/Sports/ThrasherMagazine/ThrasherMagazine1/ThrasherMagazine682.webm,News
3813,/mnt/hbnas/datasets/video_classification_videos/h264-vp9-150s/trans-150s/Sports/ThrasherMagazine/ThrasherMagazine1/ThrasherMagazine401.webm,News
3814,/mnt/hbnas/datasets/video_classification_videos/h264-vp9-150s/trans-150s/Sports/ThrasherMagazine/ThrasherMagazine1/ThrasherMagazine120.webm,Music
3815,/mnt/hbnas/datasets/video_classification_videos/h264-vp9-150s/trans-150s/Sports/ThrasherMagazine/ThrasherMagazine1/ThrasherMagazine69.webm,News
3816,/mnt/hbnas/datasets/video_classification_videos/h264-vp9-150s/trans-150s/Sports/ThrasherMagazine/ThrasherMagazine1/ThrasherMagazine183.webm,Music
3817,/mnt/hbnas/datasets/video_classification_videos/h264-vp9-150s/trans-150s/Sports/ThrasherMagazine/ThrasherMagazine1/ThrasherMagazine815.webm,News
3818,/mnt/hbnas/datasets/video_classification_videos/h264-vp9-150s/trans-150s/Sports/ThrasherMagazine/ThrasherMagazine1/ThrasherMagazine526.webm,Music
3819,/mnt/hbnas/datasets/video_classification_videos/h264-vp9-150s/trans-150s/Sports/ThrasherMagazine/ThrasherMagazine1/ThrasherMagazine728.webm,News
3820,/mnt/hbnas/datasets/video_classification_videos/h264-vp9-150s/trans-150s/Sports/ThrasherMagazine/ThrasherMagazine1/ThrasherMagazine685.webm,News
3821,/mnt/hbnas/datasets/video_classification_videos/h264-vp9-150s/trans-150s/Sports/ThrasherMagazine/ThrasherMagazine2/ThrasherMagazine938.webm,Game
3822,/mnt/hbnas/datasets/video_classification_videos/h264-vp9-150s/trans-150s/Sports/ThrasherMagazine/ThrasherMagazine2/ThrasherMagazine957.webm,Food
3823,/mnt/hbnas/datasets/video_classification_videos/h264-vp9-150s/trans-150s/Sports/ThrasherMagazine/ThrasherMagazine2/ThrasherMagazine929.webm,News
3824,/mnt/hbnas/datasets/video_classification_videos/h264-vp9-150s/trans-150s/Sports/ThrasherMagazine/ThrasherMagazine2/ThrasherMagazine925.webm,Music
3825,/mnt/hbnas/datasets/video_classification_videos/h264-vp9-150s/trans-150s/Sports/ThrasherMagazine/ThrasherMagazine2/ThrasherMagazine951.webm,News
3826,/mnt/hbnas/datasets/video_classification_videos/h264-vp9-150s/trans-150s/Sports/ThrasherMagazine/ThrasherMagazine2/ThrasherMagazine982.webm,News
3827,/mnt/hbnas/datasets/video_classification_videos/h264-vp9-150s/trans-150s/Sports/ThrasherMagazine/ThrasherMagazine2/ThrasherMagazine959.webm,News
3828,/mnt/hbnas/datasets/video_classification_videos/h264-vp9-150s/trans-150s/Sports/ThrasherMagazine/ThrasherMagazine2/ThrasherMagazine928.webm,News
3829,/mnt/hbnas/datasets/video_classification_videos/h264-vp9-150s/trans-150s/Sports/ThrasherMagazine/ThrasherMagazine2/ThrasherMagazine962.webm,News
3830,/mnt/hbnas/datasets/video_classification_videos/h264-vp9-150s/trans-150s/Sports/ThrasherMagazine/ThrasherMagazine2/ThrasherMagazine919.webm,Music
3831,/mnt/hbnas/datasets/video_classification_videos/h264-vp9-150s/trans-150s/Sports/ThrasherMagazine/ThrasherMagazine2/ThrasherMagazine942.webm,News
3832,/mnt/hbnas/datasets/video_classification_videos/h264-vp9-150s/trans-150s/Sports/ThrasherMagazine/ThrasherMagazine2/ThrasherMagazine914.webm,News
3833,/mnt/hbnas/datasets/video_classification_videos/h264-vp9-150s/trans-150s/Sports/ThrasherMagazine/ThrasherMagazine2/ThrasherMagazine953.webm,News
3834,/mnt/hbnas/datasets/video_classification_videos/h264-vp9-150s/trans-150s/Sports/ThrasherMagazine/ThrasherMagazine2/ThrasherMagazine913.webm,News
3835,/mnt/hbnas/datasets/video_classification_videos/h264-vp9-150s/trans-150s/Sports/ThrasherMagazine/ThrasherMagazine2/ThrasherMagazine933.webm,Music
3836,/mnt/hbnas/datasets/video_classification_videos/h264-vp9-150s/trans-150s/Sports/ThrasherMagazine/ThrasherMagazine2/ThrasherMagazine917.webm,News
3837,/mnt/hbnas/datasets/video_classification_videos/h264-vp9-150s/trans-150s/Sports/ThrasherMagazine/ThrasherMagazine2/ThrasherMagazine909.webm,News
3838,/mnt/hbnas/datasets/video_classification_videos/h264-vp9-150s/trans-150s/Sports/Football/football_test/football(190).webm,News
3839,/mnt/hbnas/datasets/video_classification_videos/h264-vp9-150s/trans-150s/Sports/Football/football_test/football(127).webm,News
3840,/mnt/hbnas/datasets/video_classification_videos/h264-vp9-150s/trans-150s/Sports/Football/football_test/football(119).webm,News
3841,/mnt/hbnas/datasets/video_classification_videos/h264-vp9-150s/trans-150s/Sports/Football/football_test/football(137).webm,News
3842,/mnt/hbnas/datasets/video_classification_videos/h264-vp9-150s/trans-150s/Sports/Football/football_test/football(168).webm,Music
3843,/mnt/hbnas/datasets/video_classification_videos/h264-vp9-150s/trans-150s/Sports/Football/football_test/football(148).webm,News
3844,/mnt/hbnas/datasets/video_classification_videos/h264-vp9-150s/trans-150s/Sports/Football/football_test/football(166).webm,News
3845,/mnt/hbnas/datasets/video_classification_videos/h264-vp9-150s/trans-150s/Sports/Football/football_test/football(126).webm,News
3846,/mnt/hbnas/datasets/video_classification_videos/h264-vp9-150s/trans-150s/Sports/Football/football_test/football(106).webm,News
3847,/mnt/hbnas/datasets/video_classification_videos/h264-vp9-150s/trans-150s/Sports/Football/football_test/football(177).webm,News
3848,/mnt/hbnas/datasets/video_classification_videos/h264-vp9-150s/trans-150s/Sports/Football/football_test/football(156).webm,News
3849,/mnt/hbnas/datasets/video_classification_videos/h264-vp9-150s/trans-150s/Sports/Football/football_test/football(180).webm,News
3850,/mnt/hbnas/datasets/video_classification_videos/h264-vp9-150s/trans-150s/Sports/Football/football_test/football(193).webm,News
3851,/mnt/hbnas/datasets/video_classification_videos/h264-vp9-150s/trans-150s/Sports/Football/football_test/football(112).webm,News
3852,/mnt/hbnas/datasets/video_classification_videos/h264-vp9-150s/trans-150s/Sports/Football/football_test/football(183).webm,Game
3853,/mnt/hbnas/datasets/video_classification_videos/h264-vp9-150s/trans-150s/Sports/Football/football_test/football(136).webm,News
3854,/mnt/hbnas/datasets/video_classification_videos/h264-vp9-150s/trans-150s/Sports/Football/football_test/football(204).webm,News
3855,/mnt/hbnas/datasets/video_classification_videos/h264-vp9-150s/trans-150s/Sports/Football/football_new/football(1076).webm,News
3856,/mnt/hbnas/datasets/video_classification_videos/h264-vp9-150s/trans-150s/Sports/Football/football_new/football(1026).webm,News
3857,/mnt/hbnas/datasets/video_classification_videos/h264-vp9-150s/trans-150s/Sports/Football/football_new/football(1069).webm,News
3858,/mnt/hbnas/datasets/video_classification_videos/h264-vp9-150s/trans-150s/Sports/Football/football_new/football(1059).webm,News
3859,/mnt/hbnas/datasets/video_classification_videos/h264-vp9-150s/trans-150s/Sports/Football/football_new/football(1126).webm,News
3860,/mnt/hbnas/datasets/video_classification_videos/h264-vp9-150s/trans-150s/Sports/Football/football_new/football(1139).webm,News
3861,/mnt/hbnas/datasets/video_classification_videos/h264-vp9-150s/trans-150s/Sports/Football/football_new/football(1053).webm,News
3862,/mnt/hbnas/datasets/video_classification_videos/h264-vp9-150s/trans-150s/Sports/Football/football_new/football(1030).webm,News
3863,/mnt/hbnas/datasets/video_classification_videos/h264-vp9-150s/trans-150s/Sports/Football/football_new/football(1103).webm,News
3864,/mnt/hbnas/datasets/video_classification_videos/h264-vp9-150s/trans-150s/Sports/Football/football_new/football(1086).webm,News
3865,/mnt/hbnas/datasets/video_classification_videos/h264-vp9-150s/trans-150s/Sports/Football/football_new/football(1115).webm,News
3866,/mnt/hbnas/datasets/video_classification_videos/h264-vp9-150s/trans-150s/Sports/Football/football_new/football(1047).webm,News
3867,/mnt/hbnas/datasets/video_classification_videos/h264-vp9-150s/trans-150s/Sports/Football/football_new/football(1038).webm,News
3868,/mnt/hbnas/datasets/video_classification_videos/h264-vp9-150s/trans-150s/Sports/Football/football_new/football(1010).webm,News
3869,/mnt/hbnas/datasets/video_classification_videos/h264-vp9-150s/trans-150s/Sports/Football/football_new/football(1006).webm,News
3870,/mnt/hbnas/datasets/video_classification_videos/h264-vp9-150s/trans-150s/Sports/Football/football_new/football(1012).webm,News
3871,/mnt/hbnas/datasets/video_classification_videos/h264-vp9-150s/trans-150s/Sports/Football/football_new/football(1152).webm,Music
3872,/mnt/hbnas/datasets/video_classification_videos/h264-vp9-150s/trans-150s/Sports/Football/football_new/football(1063).webm,News
3873,/mnt/hbnas/datasets/video_classification_videos/h264-vp9-150s/trans-150s/Sports/Football/football_new/football(1072).webm,News
3874,/mnt/hbnas/datasets/video_classification_videos/h264-vp9-150s/trans-150s/Sports/Football/football_new/football(1145).webm,Sports
3875,/mnt/hbnas/datasets/video_classification_videos/h264-vp9-150s/trans-150s/Sports/Football/football_new/football(1070).webm,News
3876,/mnt/hbnas/datasets/video_classification_videos/h264-vp9-150s/trans-150s/Sports/Football/football_new/football(1098).webm,News
3877,/mnt/hbnas/datasets/video_classification_videos/h264-vp9-150s/trans-150s/Sports/Football/football_new/football(1040).webm,Music
3878,/mnt/hbnas/datasets/video_classification_videos/h264-vp9-150s/trans-150s/Sports/Football/football_new/football(1057).webm,News
3879,/mnt/hbnas/datasets/video_classification_videos/h264-vp9-150s/trans-150s/Sports/Football/football_new/football(1150).webm,News
3880,/mnt/hbnas/datasets/video_classification_videos/h264-vp9-150s/trans-150s/Sports/Football/football_new/football(1066).webm,News
3881,/mnt/hbnas/datasets/video_classification_videos/h264-vp9-150s/trans-150s/Sports/Football/football_new/football(1131).webm,Sports
3882,/mnt/hbnas/datasets/video_classification_videos/h264-vp9-150s/trans-150s/Sports/Football/football/football(329).webm,News
3883,/mnt/hbnas/datasets/video_classification_videos/h264-vp9-150s/trans-150s/Sports/Football/football/football(383).webm,News
3884,/mnt/hbnas/datasets/video_classification_videos/h264-vp9-150s/trans-150s/Sports/Football/football/football(253).webm,News
3885,/mnt/hbnas/datasets/video_classification_videos/h264-vp9-150s/trans-150s/Sports/Football/football/football(326).webm,News
3886,/mnt/hbnas/datasets/video_classification_videos/h264-vp9-150s/trans-150s/Sports/Football/football/football(235).webm,News
3887,/mnt/hbnas/datasets/video_classification_videos/h264-vp9-150s/trans-150s/Sports/Football/football/football(372).webm,News
3888,/mnt/hbnas/datasets/video_classification_videos/h264-vp9-150s/trans-150s/Sports/Football/football/football(294).webm,News
3889,/mnt/hbnas/datasets/video_classification_videos/h264-vp9-150s/trans-150s/Sports/Football/football/football(403).webm,News
3890,/mnt/hbnas/datasets/video_classification_videos/h264-vp9-150s/trans-150s/Sports/Football/football/football(238).webm,News
3891,/mnt/hbnas/datasets/video_classification_videos/h264-vp9-150s/trans-150s/Sports/Football/football/football(216).webm,Music
3892,/mnt/hbnas/datasets/video_classification_videos/h264-vp9-150s/trans-150s/Sports/Football/football/football(335).webm,Game
3893,/mnt/hbnas/datasets/video_classification_videos/h264-vp9-150s/trans-150s/Sports/Football/football/football(373).webm,News
3894,/mnt/hbnas/datasets/video_classification_videos/h264-vp9-150s/trans-150s/Sports/Football/football/football(362).webm,News
3895,/mnt/hbnas/datasets/video_classification_videos/h264-vp9-150s/trans-150s/Sports/Football/football/football(209).webm,Music
3896,/mnt/hbnas/datasets/video_classification_videos/h264-vp9-150s/trans-150s/Sports/Football/football/football(236).webm,News
3897,/mnt/hbnas/datasets/video_classification_videos/h264-vp9-150s/trans-150s/Sports/Football/football/football(230).webm,News
3898,/mnt/hbnas/datasets/video_classification_videos/h264-vp9-150s/trans-150s/Sports/Football/football/football(384).webm,News
3899,/mnt/hbnas/datasets/video_classification_videos/h264-vp9-150s/trans-150s/Sports/Football/football/football(241).webm,News
3900,/mnt/hbnas/datasets/video_classification_videos/h264-vp9-150s/trans-150s/Sports/Football/football/football(418).webm,News
3901,/mnt/hbnas/datasets/video_classification_videos/h264-vp9-150s/trans-150s/Sports/Football/football/football(242).webm,News
3902,/mnt/hbnas/datasets/video_classification_videos/h264-vp9-150s/trans-150s/Sports/Football/football/football(310).webm,Music
3903,/mnt/hbnas/datasets/video_classification_videos/h264-vp9-150s/trans-150s/Sports/Football/football/football(226).webm,News
3904,/mnt/hbnas/datasets/video_classification_videos/h264-vp9-150s/trans-150s/Sports/Football/football/football(257).webm,News
3905,/mnt/hbnas/datasets/video_classification_videos/h264-vp9-150s/trans-150s/Sports/Football/football/football(417).webm,News
3906,/mnt/hbnas/datasets/video_classification_videos/h264-vp9-150s/trans-150s/Sports/Football/football/football(237).webm,News
3907,/mnt/hbnas/datasets/video_classification_videos/h264-vp9-150s/trans-150s/Sports/Football/football/football(411).webm,News
3908,/mnt/hbnas/datasets/video_classification_videos/h264-vp9-150s/trans-150s/Sports/Football/football/football(290).webm,News
3909,/mnt/hbnas/datasets/video_classification_videos/h264-vp9-150s/trans-150s/Sports/Football/football/football(392).webm,News
3910,/mnt/hbnas/datasets/video_classification_videos/h264-vp9-150s/trans-150s/Sports/Football/football/football(207).webm,News
3911,/mnt/hbnas/datasets/video_classification_videos/h264-vp9-150s/trans-150s/Sports/Football/football/football(309).webm,News
3912,/mnt/hbnas/datasets/video_classification_videos/h264-vp9-150s/trans-150s/Sports/Football/football/football(312).webm,News
3913,/mnt/hbnas/datasets/video_classification_videos/h264-vp9-150s/trans-150s/Sports/Football/football/football(298).webm,News
3914,/mnt/hbnas/datasets/video_classification_videos/h264-vp9-150s/trans-150s/Sports/Football/football/football(219).webm,News
3915,/mnt/hbnas/datasets/video_classification_videos/h264-vp9-150s/trans-150s/Sports/Football/football/football(276).webm,Music
3916,/mnt/hbnas/datasets/video_classification_videos/h264-vp9-150s/trans-150s/Sports/Football/football/football(387).webm,News
3917,/mnt/hbnas/datasets/video_classification_videos/h264-vp9-150s/trans-150s/Sports/Football/football/football(225).webm,News
3918,/mnt/hbnas/datasets/video_classification_videos/h264-vp9-150s/trans-150s/Sports/Football/football/football(314).webm,Music
3919,/mnt/hbnas/datasets/video_classification_videos/h264-vp9-150s/trans-150s/Sports/Football/football/football(342).webm,News
3920,/mnt/hbnas/datasets/video_classification_videos/h264-vp9-150s/trans-150s/Sports/MLB/MLB366.webm,News
3921,/mnt/hbnas/datasets/video_classification_videos/h264-vp9-150s/trans-150s/Sports/MLB/MLB593.webm,News
3922,/mnt/hbnas/datasets/video_classification_videos/h264-vp9-150s/trans-150s/Sports/MLB/MLB569.webm,News
3923,/mnt/hbnas/datasets/video_classification_videos/h264-vp9-150s/trans-150s/Sports/MLB/MLB435.webm,News
3924,/mnt/hbnas/datasets/video_classification_videos/h264-vp9-150s/trans-150s/Sports/MLB/MLB313.webm,Game
3925,/mnt/hbnas/datasets/video_classification_videos/h264-vp9-150s/trans-150s/Sports/MLB/MLB479.webm,News
3926,/mnt/hbnas/datasets/video_classification_videos/h264-vp9-150s/trans-150s/Sports/MLB/MLB379.webm,News
3927,/mnt/hbnas/datasets/video_classification_videos/h264-vp9-150s/trans-150s/Sports/MLB/MLB365.webm,News
3928,/mnt/hbnas/datasets/video_classification_videos/h264-vp9-150s/trans-150s/Sports/MLB/MLB133.webm,Food
3929,/mnt/hbnas/datasets/video_classification_videos/h264-vp9-150s/trans-150s/Sports/MLB/MLB125.webm,News
3930,/mnt/hbnas/datasets/video_classification_videos/h264-vp9-150s/trans-150s/Sports/MLB/MLB288.webm,News
3931,/mnt/hbnas/datasets/video_classification_videos/h264-vp9-150s/trans-150s/Sports/MLB/MLB408.webm,News
3932,/mnt/hbnas/datasets/video_classification_videos/h264-vp9-150s/trans-150s/Sports/MLB/MLB597.webm,News
3933,/mnt/hbnas/datasets/video_classification_videos/h264-vp9-150s/trans-150s/Sports/MLB/MLB371.webm,News
3934,/mnt/hbnas/datasets/video_classification_videos/h264-vp9-150s/trans-150s/Sports/MLB/MLB259.webm,News
3935,/mnt/hbnas/datasets/video_classification_videos/h264-vp9-150s/trans-150s/Sports/MLB/MLB368.webm,News
3936,/mnt/hbnas/datasets/video_classification_videos/h264-vp9-150s/trans-150s/Sports/MLB/MLB359.webm,News
3937,/mnt/hbnas/datasets/video_classification_videos/h264-vp9-150s/trans-150s/Sports/MLB/MLB677.webm,News
3938,/mnt/hbnas/datasets/video_classification_videos/h264-vp9-150s/trans-150s/Sports/MLB/MLB210.webm,Food
3939,/mnt/hbnas/datasets/video_classification_videos/h264-vp9-150s/trans-150s/Sports/MLB/MLB577.webm,News
3940,/mnt/hbnas/datasets/video_classification_videos/h264-vp9-150s/trans-150s/Sports/MLB/MLB407.webm,News
3941,/mnt/hbnas/datasets/video_classification_videos/h264-vp9-150s/trans-150s/Sports/MLB/MLB255.webm,News
3942,/mnt/hbnas/datasets/video_classification_videos/h264-vp9-150s/trans-150s/Sports/MLB/MLB691.webm,News
3943,/mnt/hbnas/datasets/video_classification_videos/h264-vp9-150s/trans-150s/Sports/MLB/MLB373.webm,News
3944,/mnt/hbnas/datasets/video_classification_videos/h264-vp9-150s/trans-150s/Sports/MLB/MLB576.webm,Music
3945,/mnt/hbnas/datasets/video_classification_videos/h264-vp9-150s/trans-150s/Sports/MLB/MLB413.webm,News
3946,/mnt/hbnas/datasets/video_classification_videos/h264-vp9-150s/trans-150s/Sports/MLB/MLB30.webm,News
3947,/mnt/hbnas/datasets/video_classification_videos/h264-vp9-150s/trans-150s/Sports/Watch WWE/WEE124.webm,News
3948,/mnt/hbnas/datasets/video_classification_videos/h264-vp9-150s/trans-150s/Sports/Watch WWE/WEE245.webm,Food
3949,/mnt/hbnas/datasets/video_classification_videos/h264-vp9-150s/trans-150s/Sports/Watch WWE/WEE257.webm,Game
3950,/mnt/hbnas/datasets/video_classification_videos/h264-vp9-150s/trans-150s/Sports/Watch WWE/WEE52.webm,News
3951,/mnt/hbnas/datasets/video_classification_videos/h264-vp9-150s/trans-150s/Sports/Watch WWE/WEE303.webm,Food
3952,/mnt/hbnas/datasets/video_classification_videos/h264-vp9-150s/trans-150s/Sports/Watch WWE/WEE170.webm,News
3953,/mnt/hbnas/datasets/video_classification_videos/h264-vp9-150s/trans-150s/Sports/Watch WWE/WEE283.webm,Food
3954,/mnt/hbnas/datasets/video_classification_videos/h264-vp9-150s/trans-150s/Sports/Watch WWE/WEE28.webm,News
3955,/mnt/hbnas/datasets/video_classification_videos/h264-vp9-150s/trans-150s/Sports/Watch WWE/WEE183.webm,News
3956,/mnt/hbnas/datasets/video_classification_videos/h264-vp9-150s/trans-150s/Sports/Watch WWE/WEE24.webm,Food
3957,/mnt/hbnas/datasets/video_classification_videos/h264-vp9-150s/trans-150s/Sports/Watch WWE/WEE71.webm,News
3958,/mnt/hbnas/datasets/video_classification_videos/h264-vp9-150s/trans-150s/Sports/Watch WWE/WEE59.webm,Food
3959,/mnt/hbnas/datasets/video_classification_videos/h264-vp9-150s/trans-150s/Sports/Watch WWE/WEE255.webm,Game
3960,/mnt/hbnas/datasets/video_classification_videos/h264-vp9-150s/trans-150s/Sports/Watch WWE/WEE17.webm,Game
3961,/mnt/hbnas/datasets/video_classification_videos/h264-vp9-150s/trans-150s/Sports/Watch WWE/WEE180.webm,News
3962,/mnt/hbnas/datasets/video_classification_videos/h264-vp9-150s/trans-150s/Sports/Watch WWE/WEE221.webm,News
3963,/mnt/hbnas/datasets/video_classification_videos/h264-vp9-150s/trans-150s/Sports/Watch WWE/WEE160.webm,News
3964,/mnt/hbnas/datasets/video_classification_videos/h264-vp9-150s/trans-150s/Sports/Watch WWE/WEE135.webm,News
3965,/mnt/hbnas/datasets/video_classification_videos/h264-vp9-150s/trans-150s/Sports/Watch WWE/WEE300.webm,News
3966,/mnt/hbnas/datasets/video_classification_videos/h264-vp9-150s/trans-150s/Sports/Watch WWE/WEE157.webm,News
3967,/mnt/hbnas/datasets/video_classification_videos/h264-vp9-150s/trans-150s/Sports/Watch WWE/WEE50.webm,News
3968,/mnt/hbnas/datasets/video_classification_videos/h264-vp9-150s/trans-150s/Sports/Watch WWE/WEE167.webm,Food
3969,/mnt/hbnas/datasets/video_classification_videos/h264-vp9-150s/trans-150s/Sports/Watch WWE/WEE298.webm,News
3970,/mnt/hbnas/datasets/video_classification_videos/h264-vp9-150s/trans-150s/Sports/Watch WWE/WEE25.webm,News
3971,/mnt/hbnas/datasets/video_classification_videos/h264-vp9-150s/trans-150s/Sports/Watch WWE/WEE209.webm,News
3972,/mnt/hbnas/datasets/video_classification_videos/h264-vp9-150s/trans-150s/Sports/Watch WWE/WEE228.webm,News
3973,/mnt/hbnas/datasets/video_classification_videos/h264-vp9-150s/trans-150s/Sports/Watch WWE/WEE91.webm,News
3974,/mnt/hbnas/datasets/video_classification_videos/h264-vp9-150s/trans-150s/Sports/Watch WWE/WEE111.webm,News
3975,/mnt/hbnas/datasets/video_classification_videos/h264-vp9-150s/trans-150s/Sports/Watch WWE/WEE47.webm,News
3976,/mnt/hbnas/datasets/video_classification_videos/h264-vp9-150s/trans-150s/Sports/Watch WWE/WEE249.webm,News
3977,/mnt/hbnas/datasets/video_classification_videos/h264-vp9-150s/trans-150s/Sports/Watch WWE/WEE198.webm,Food
3978,/mnt/hbnas/datasets/video_classification_videos/h264-vp9-150s/trans-150s/Sports/Watch WWE/WEE141.webm,News
3979,/mnt/hbnas/datasets/video_classification_videos/h264-vp9-150s/trans-150s/Sports/Watch WWE/WEE126.webm,News
3980,/mnt/hbnas/datasets/video_classification_videos/h264-vp9-150s/trans-150s/Sports/Watch WWE/WEE287.webm,News
3981,/mnt/hbnas/datasets/video_classification_videos/h264-vp9-150s/trans-150s/Sports/Watch WWE/WEE177.webm,News
3982,/mnt/hbnas/datasets/video_classification_videos/h264-vp9-150s/trans-150s/Sports/Watch WWE/WEE284.webm,News
3983,/mnt/hbnas/datasets/video_classification_videos/h264-vp9-150s/trans-150s/Sports/Watch WWE/WEE57.webm,News
3984,/mnt/hbnas/datasets/video_classification_videos/h264-vp9-150s/trans-150s/Sports/Watch WWE/WEE159.webm,News
3985,/mnt/hbnas/datasets/video_classification_videos/h264-vp9-150s/trans-150s/Sports/Watch WWE/WEE271.webm,Game
3986,/mnt/hbnas/datasets/video_classification_videos/h264-vp9-150s/trans-150s/Sports/Watch WWE/WEE253.webm,News
3987,/mnt/hbnas/datasets/video_classification_videos/h264-vp9-150s/trans-150s/Sports/Watch WWE/WEE95.webm,Food
3988,/mnt/hbnas/datasets/video_classification_videos/h264-vp9-150s/trans-150s/Sports/Watch WWE/WEE149.webm,News
3989,/mnt/hbnas/datasets/video_classification_videos/h264-vp9-150s/trans-150s/Sports/Watch WWE/WEE199.webm,Food
3990,/mnt/hbnas/datasets/video_classification_videos/h264-vp9-150s/trans-150s/Sports/Watch WWE/WEE156.webm,News
3991,/mnt/hbnas/datasets/video_classification_videos/h264-vp9-150s/trans-150s/Sports/Watch WWE/WEE2.webm,News
3992,/mnt/hbnas/datasets/video_classification_videos/h264-vp9-150s/trans-150s/Sports/Watch WWE/WEE145.webm,News
3993,/mnt/hbnas/datasets/video_classification_videos/h264-vp9-150s/trans-150s/Sports/Watch WWE/WEE225.webm,Food
3994,/mnt/hbnas/datasets/video_classification_videos/h264-vp9-150s/trans-150s/Sports/Watch WWE/WEE73.webm,Food
3995,/mnt/hbnas/datasets/video_classification_videos/h264-vp9-150s/trans-150s/Sports/Watch WWE/WEE158.webm,News
3996,/mnt/hbnas/datasets/video_classification_videos/h264-vp9-150s/trans-150s/Sports/Watch WWE/WEE144.webm,News
3997,/mnt/hbnas/datasets/video_classification_videos/h264-vp9-150s/trans-150s/Sports/Watch WWE/WEE143.webm,Food
3998,/mnt/hbnas/datasets/video_classification_videos/h264-vp9-150s/trans-150s/Sports/Watch WWE/WEE12.webm,News
3999,/mnt/hbnas/datasets/video_classification_videos/h264-vp9-150s/trans-150s/Sports/Watch WWE/WEE27.webm,News
4000,/mnt/hbnas/datasets/video_classification_videos/h264-vp9-150s/trans-150s/Technology/Marques Brownlee/Marques590.webm,News
4001,/mnt/hbnas/datasets/video_classification_videos/h264-vp9-150s/trans-150s/Technology/Marques Brownlee/Marques102.webm,News
4002,/mnt/hbnas/datasets/video_classification_videos/h264-vp9-150s/trans-150s/Technology/Marques Brownlee/Marques628.webm,News
4003,/mnt/hbnas/datasets/video_classification_videos/h264-vp9-150s/trans-150s/Technology/Marques Brownlee/Marques300.webm,News
4004,/mnt/hbnas/datasets/video_classification_videos/h264-vp9-150s/trans-150s/Technology/Marques Brownlee/Marques14.webm,News
4005,/mnt/hbnas/datasets/video_classification_videos/h264-vp9-150s/trans-150s/Technology/Marques Brownlee/Marques276.webm,Food
4006,/mnt/hbnas/datasets/video_classification_videos/h264-vp9-150s/trans-150s/Technology/Marques Brownlee/Marques211.webm,News
4007,/mnt/hbnas/datasets/video_classification_videos/h264-vp9-150s/trans-150s/Technology/Marques Brownlee/Marques676.webm,News
4008,/mnt/hbnas/datasets/video_classification_videos/h264-vp9-150s/trans-150s/Technology/Marques Brownlee/Marques313.webm,Game
4009,/mnt/hbnas/datasets/video_classification_videos/h264-vp9-150s/trans-150s/Technology/Marques Brownlee/Marques165.webm,News
4010,/mnt/hbnas/datasets/video_classification_videos/h264-vp9-150s/trans-150s/Technology/Marques Brownlee/Marques457.webm,News
4011,/mnt/hbnas/datasets/video_classification_videos/h264-vp9-150s/trans-150s/Technology/Marques Brownlee/Marques301.webm,News
4012,/mnt/hbnas/datasets/video_classification_videos/h264-vp9-150s/trans-150s/Technology/Marques Brownlee/Marques432.webm,Food
4013,/mnt/hbnas/datasets/video_classification_videos/h264-vp9-150s/trans-150s/Technology/Marques Brownlee/Marques80.webm,News
4014,/mnt/hbnas/datasets/video_classification_videos/h264-vp9-150s/trans-150s/Technology/Marques Brownlee/Marques556.webm,News
4015,/mnt/hbnas/datasets/video_classification_videos/h264-vp9-150s/trans-150s/Technology/Marques Brownlee/Marques19.webm,News
4016,/mnt/hbnas/datasets/video_classification_videos/h264-vp9-150s/trans-150s/Technology/Marques Brownlee/Marques37.webm,Game
4017,/mnt/hbnas/datasets/video_classification_videos/h264-vp9-150s/trans-150s/Technology/Marques Brownlee/Marques584.webm,News
4018,/mnt/hbnas/datasets/video_classification_videos/h264-vp9-150s/trans-150s/Technology/Marques Brownlee/Marques521.webm,News
4019,/mnt/hbnas/datasets/video_classification_videos/h264-vp9-150s/trans-150s/Technology/Marques Brownlee/Marques478.webm,News
4020,/mnt/hbnas/datasets/video_classification_videos/h264-vp9-150s/trans-150s/Technology/Marques Brownlee/Marques615.webm,News
4021,/mnt/hbnas/datasets/video_classification_videos/h264-vp9-150s/trans-150s/Technology/Marques Brownlee/Marques531.webm,Food
4022,/mnt/hbnas/datasets/video_classification_videos/h264-vp9-150s/trans-150s/Technology/Marques Brownlee/Marques393.webm,News
4023,/mnt/hbnas/datasets/video_classification_videos/h264-vp9-150s/trans-150s/Technology/Marques Brownlee/Marques317.webm,News
4024,/mnt/hbnas/datasets/video_classification_videos/h264-vp9-150s/trans-150s/Technology/Marques Brownlee/Marques99.webm,News
4025,/mnt/hbnas/datasets/video_classification_videos/h264-vp9-150s/trans-150s/Technology/Marques Brownlee/Marques71.webm,News
4026,/mnt/hbnas/datasets/video_classification_videos/h264-vp9-150s/trans-150s/Technology/Marques Brownlee/Marques645.webm,News
4027,/mnt/hbnas/datasets/video_classification_videos/h264-vp9-150s/trans-150s/Technology/Marques Brownlee/Marques83.webm,News
4028,/mnt/hbnas/datasets/video_classification_videos/h264-vp9-150s/trans-150s/Technology/Marques Brownlee/Marques387.webm,News
4029,/mnt/hbnas/datasets/video_classification_videos/h264-vp9-150s/trans-150s/Technology/Marques Brownlee/Marques548.webm,News
4030,/mnt/hbnas/datasets/video_classification_videos/h264-vp9-150s/trans-150s/Technology/Marques Brownlee/Marques597.webm,News
4031,/mnt/hbnas/datasets/video_classification_videos/h264-vp9-150s/trans-150s/Technology/Marques Brownlee/Marques493.webm,News
4032,/mnt/hbnas/datasets/video_classification_videos/h264-vp9-150s/trans-150s/Technology/Marques Brownlee/Marques661.webm,News
4033,/mnt/hbnas/datasets/video_classification_videos/h264-vp9-150s/trans-150s/Technology/Marques Brownlee/Marques507.webm,News
4034,/mnt/hbnas/datasets/video_classification_videos/h264-vp9-150s/trans-150s/Technology/Marques Brownlee/Marques455.webm,News
4035,/mnt/hbnas/datasets/video_classification_videos/h264-vp9-150s/trans-150s/Technology/Marques Brownlee/Marques665.webm,News
4036,/mnt/hbnas/datasets/video_classification_videos/h264-vp9-150s/trans-150s/Technology/Marques Brownlee/Marques484.webm,News
4037,/mnt/hbnas/datasets/video_classification_videos/h264-vp9-150s/trans-150s/Technology/Marques Brownlee/Marques159.webm,News
4038,/mnt/hbnas/datasets/video_classification_videos/h264-vp9-150s/trans-150s/Technology/Marques Brownlee/Marques231.webm,News
4039,/mnt/hbnas/datasets/video_classification_videos/h264-vp9-150s/trans-150s/Technology/Marques Brownlee/Marques535.webm,News
4040,/mnt/hbnas/datasets/video_classification_videos/h264-vp9-150s/trans-150s/Technology/Marques Brownlee/Marques62.webm,News
4041,/mnt/hbnas/datasets/video_classification_videos/h264-vp9-150s/trans-150s/Technology/Marques Brownlee/Marques139.webm,News
4042,/mnt/hbnas/datasets/video_classification_videos/h264-vp9-150s/trans-150s/Technology/Marques Brownlee/Marques219.webm,News
4043,/mnt/hbnas/datasets/video_classification_videos/h264-vp9-150s/trans-150s/Technology/Marques Brownlee/Marques656.webm,News
4044,/mnt/hbnas/datasets/video_classification_videos/h264-vp9-150s/trans-150s/Technology/Marques Brownlee/Marques21.webm,News
4045,/mnt/hbnas/datasets/video_classification_videos/h264-vp9-150s/trans-150s/Technology/Marques Brownlee/Marques638.webm,News
4046,/mnt/hbnas/datasets/video_classification_videos/h264-vp9-150s/trans-150s/Technology/Marques Brownlee/Marques121.webm,Game
4047,/mnt/hbnas/datasets/video_classification_videos/h264-vp9-150s/trans-150s/Technology/Marques Brownlee/Marques395.webm,News
4048,/mnt/hbnas/datasets/video_classification_videos/h264-vp9-150s/trans-150s/Technology/Marques Brownlee/Marques376.webm,News
4049,/mnt/hbnas/datasets/video_classification_videos/h264-vp9-150s/trans-150s/Technology/Marques Brownlee/Marques370.webm,News
4050,/mnt/hbnas/datasets/video_classification_videos/h264-vp9-150s/trans-150s/Technology/Marques Brownlee/Marques362.webm,News
4051,/mnt/hbnas/datasets/video_classification_videos/h264-vp9-150s/trans-150s/Technology/Marques Brownlee/Marques337.webm,Food
4052,/mnt/hbnas/datasets/video_classification_videos/h264-vp9-150s/trans-150s/Technology/Marques Brownlee/Marques704.webm,News
4053,/mnt/hbnas/datasets/video_classification_videos/h264-vp9-150s/trans-150s/Technology/Marques Brownlee/Marques266.webm,News
4054,/mnt/hbnas/datasets/video_classification_videos/h264-vp9-150s/trans-150s/Technology/Marques Brownlee/Marques368.webm,News
4055,/mnt/hbnas/datasets/video_classification_videos/h264-vp9-150s/trans-150s/Technology/Marques Brownlee/Marques24.webm,News
4056,/mnt/hbnas/datasets/video_classification_videos/h264-vp9-150s/trans-150s/Technology/Marques Brownlee/Marques616.webm,News
4057,/mnt/hbnas/datasets/video_classification_videos/h264-vp9-150s/trans-150s/Technology/Marques Brownlee/Marques178.webm,News
4058,/mnt/hbnas/datasets/video_classification_videos/h264-vp9-150s/trans-150s/Technology/Marques Brownlee/Marques727.webm,News
4059,/mnt/hbnas/datasets/video_classification_videos/h264-vp9-150s/trans-150s/Technology/Marques Brownlee/Marques436.webm,Food
4060,/mnt/hbnas/datasets/video_classification_videos/h264-vp9-150s/trans-150s/Technology/Marques Brownlee/Marques237.webm,News
4061,/mnt/hbnas/datasets/video_classification_videos/h264-vp9-150s/trans-150s/Technology/Marques Brownlee/Marques252.webm,News
4062,/mnt/hbnas/datasets/video_classification_videos/h264-vp9-150s/trans-150s/Technology/Marques Brownlee/Marques631.webm,News
4063,/mnt/hbnas/datasets/video_classification_videos/h264-vp9-150s/trans-150s/Technology/Marques Brownlee/Marques701.webm,News
4064,/mnt/hbnas/datasets/video_classification_videos/h264-vp9-150s/trans-150s/Technology/Marques Brownlee/Marques15.webm,News
4065,/mnt/hbnas/datasets/video_classification_videos/h264-vp9-150s/trans-150s/Technology/Marques Brownlee/Marques69.webm,News
4066,/mnt/hbnas/datasets/video_classification_videos/h264-vp9-150s/trans-150s/Technology/Marques Brownlee/Marques424.webm,News
4067,/mnt/hbnas/datasets/video_classification_videos/h264-vp9-150s/trans-150s/Technology/Marques Brownlee/Marques593.webm,News
4068,/mnt/hbnas/datasets/video_classification_videos/h264-vp9-150s/trans-150s/Technology/Marques Brownlee/Marques7.webm,News
4069,/mnt/hbnas/datasets/video_classification_videos/h264-vp9-150s/trans-150s/Technology/Marques Brownlee/Marques592.webm,News
4070,/mnt/hbnas/datasets/video_classification_videos/h264-vp9-150s/trans-150s/Technology/Marques Brownlee/Marques618.webm,Game
4071,/mnt/hbnas/datasets/video_classification_videos/h264-vp9-150s/trans-150s/Technology/Marques Brownlee/Marques444.webm,News
4072,/mnt/hbnas/datasets/video_classification_videos/h264-vp9-150s/trans-150s/Technology/Marques Brownlee/Marques52.webm,News
4073,/mnt/hbnas/datasets/video_classification_videos/h264-vp9-150s/trans-150s/Technology/Marques Brownlee/Marques279.webm,News
4074,/mnt/hbnas/datasets/video_classification_videos/h264-vp9-150s/trans-150s/Technology/Marques Brownlee/Marques490.webm,Food
4075,/mnt/hbnas/datasets/video_classification_videos/h264-vp9-150s/trans-150s/Technology/Marques Brownlee/Marques663.webm,News
4076,/mnt/hbnas/datasets/video_classification_videos/h264-vp9-150s/trans-150s/Technology/Marques Brownlee/Marques603.webm,News
4077,/mnt/hbnas/datasets/video_classification_videos/h264-vp9-150s/trans-150s/Technology/Marques Brownlee/Marques142.webm,News
4078,/mnt/hbnas/datasets/video_classification_videos/h264-vp9-150s/trans-150s/Technology/Marques Brownlee/Marques18.webm,News
4079,/mnt/hbnas/datasets/video_classification_videos/h264-vp9-150s/trans-150s/Technology/Marques Brownlee/Marques220.webm,News
4080,/mnt/hbnas/datasets/video_classification_videos/h264-vp9-150s/trans-150s/Technology/Marques Brownlee/Marques476.webm,News
4081,/mnt/hbnas/datasets/video_classification_videos/h264-vp9-150s/trans-150s/Technology/Marques Brownlee/Marques95.webm,News
4082,/mnt/hbnas/datasets/video_classification_videos/h264-vp9-150s/trans-150s/Technology/Marques Brownlee/Marques243.webm,News
4083,/mnt/hbnas/datasets/video_classification_videos/h264-vp9-150s/trans-150s/Technology/Marques Brownlee/Marques295.webm,News
4084,/mnt/hbnas/datasets/video_classification_videos/h264-vp9-150s/trans-150s/Technology/Marques Brownlee/Marques371.webm,News
4085,/mnt/hbnas/datasets/video_classification_videos/h264-vp9-150s/trans-150s/Technology/Marques Brownlee/Marques390.webm,News
4086,/mnt/hbnas/datasets/video_classification_videos/h264-vp9-150s/trans-150s/Technology/Marques Brownlee/Marques1.webm,News
4087,/mnt/hbnas/datasets/video_classification_videos/h264-vp9-150s/trans-150s/Technology/Marques Brownlee/Marques209.webm,News
4088,/mnt/hbnas/datasets/video_classification_videos/h264-vp9-150s/trans-150s/Technology/Marques Brownlee/Marques468.webm,News
4089,/mnt/hbnas/datasets/video_classification_videos/h264-vp9-150s/trans-150s/Technology/Marques Brownlee/Marques320.webm,News
4090,/mnt/hbnas/datasets/video_classification_videos/h264-vp9-150s/trans-150s/Technology/Marques Brownlee/Marques497.webm,Food
4091,/mnt/hbnas/datasets/video_classification_videos/h264-vp9-150s/trans-150s/Technology/Marques Brownlee/Marques463.webm,News
4092,/mnt/hbnas/datasets/video_classification_videos/h264-vp9-150s/trans-150s/Technology/Marques Brownlee/Marques686.webm,News
4093,/mnt/hbnas/datasets/video_classification_videos/h264-vp9-150s/trans-150s/Technology/Marques Brownlee/Marques115.webm,News
4094,/mnt/hbnas/datasets/video_classification_videos/h264-vp9-150s/trans-150s/Technology/Marques Brownlee/Marques682.webm,News
4095,/mnt/hbnas/datasets/video_classification_videos/h264-vp9-150s/trans-150s/Technology/Marques Brownlee/Marques596.webm,News
4096,/mnt/hbnas/datasets/video_classification_videos/h264-vp9-150s/trans-150s/Technology/Marques Brownlee/Marques181.webm,News
4097,/mnt/hbnas/datasets/video_classification_videos/h264-vp9-150s/trans-150s/Technology/Marques Brownlee/Marques137.webm,News
4098,/mnt/hbnas/datasets/video_classification_videos/h264-vp9-150s/trans-150s/Technology/Marques Brownlee/Marques344.webm,News
4099,/mnt/hbnas/datasets/video_classification_videos/h264-vp9-150s/trans-150s/Technology/Marques Brownlee/Marques30.webm,News
4100,/mnt/hbnas/datasets/video_classification_videos/h264-vp9-150s/trans-150s/Technology/Marques Brownlee/Marques410.webm,News
4101,/mnt/hbnas/datasets/video_classification_videos/h264-vp9-150s/trans-150s/Technology/Marques Brownlee/Marques85.webm,Food
4102,/mnt/hbnas/datasets/video_classification_videos/h264-vp9-150s/trans-150s/Technology/Marques Brownlee/Marques683.webm,Game
4103,/mnt/hbnas/datasets/video_classification_videos/h264-vp9-150s/trans-150s/Technology/Marques Brownlee/Marques259.webm,News
4104,/mnt/hbnas/datasets/video_classification_videos/h264-vp9-150s/trans-150s/Technology/Marques Brownlee/Marques499.webm,News
4105,/mnt/hbnas/datasets/video_classification_videos/h264-vp9-150s/trans-150s/Technology/Marques Brownlee/Marques407.webm,Game
4106,/mnt/hbnas/datasets/video_classification_videos/h264-vp9-150s/trans-150s/Technology/Marques Brownlee/Marques31.webm,News
4107,/mnt/hbnas/datasets/video_classification_videos/h264-vp9-150s/trans-150s/Technology/Marques Brownlee/Marques100.webm,News
4108,/mnt/hbnas/datasets/video_classification_videos/h264-vp9-150s/trans-150s/Technology/Marques Brownlee/Marques573.webm,News
4109,/mnt/hbnas/datasets/video_classification_videos/h264-vp9-150s/trans-150s/Technology/Marques Brownlee/Marques725.webm,News
4110,/mnt/hbnas/datasets/video_classification_videos/h264-vp9-150s/trans-150s/Technology/Marques Brownlee/Marques491.webm,Food
4111,/mnt/hbnas/datasets/video_classification_videos/h264-vp9-150s/trans-150s/Technology/Marques Brownlee/Marques118.webm,News
4112,/mnt/hbnas/datasets/video_classification_videos/h264-vp9-150s/trans-150s/Technology/Marques Brownlee/Marques509.webm,Game
4113,/mnt/hbnas/datasets/video_classification_videos/h264-vp9-150s/trans-150s/Technology/Marques Brownlee/Marques652.webm,News
4114,/mnt/hbnas/datasets/video_classification_videos/h264-vp9-150s/trans-150s/Technology/Marques Brownlee/Marques552.webm,News
4115,/mnt/hbnas/datasets/video_classification_videos/h264-vp9-150s/trans-150s/Technology/Marques Brownlee/Marques280.webm,News
4116,/mnt/hbnas/datasets/video_classification_videos/h264-vp9-150s/trans-150s/Technology/Marques Brownlee/Marques286.webm,News
4117,/mnt/hbnas/datasets/video_classification_videos/h264-vp9-150s/trans-150s/Technology/Marques Brownlee/Marques519.webm,News
4118,/mnt/hbnas/datasets/video_classification_videos/h264-vp9-150s/trans-150s/Technology/Marques Brownlee/Marques475.webm,News
4119,/mnt/hbnas/datasets/video_classification_videos/h264-vp9-150s/trans-150s/Technology/Marques Brownlee/Marques568.webm,News
4120,/mnt/hbnas/datasets/video_classification_videos/h264-vp9-150s/trans-150s/Technology/Marques Brownlee/Marques464.webm,News
4121,/mnt/hbnas/datasets/video_classification_videos/h264-vp9-150s/trans-150s/Technology/Marques Brownlee/Marques360.webm,News
4122,/mnt/hbnas/datasets/video_classification_videos/h264-vp9-150s/trans-150s/Technology/Marques Brownlee/Marques698.webm,News
4123,/mnt/hbnas/datasets/video_classification_videos/h264-vp9-150s/trans-150s/Technology/Marques Brownlee/Marques710.webm,News
4124,/mnt/hbnas/datasets/video_classification_videos/h264-vp9-150s/trans-150s/Technology/Marques Brownlee/Marques197.webm,News
4125,/mnt/hbnas/datasets/video_classification_videos/h264-vp9-150s/trans-150s/Technology/Marques Brownlee/Marques559.webm,News
4126,/mnt/hbnas/datasets/video_classification_videos/h264-vp9-150s/trans-150s/Technology/Marques Brownlee/Marques11.webm,News
4127,/mnt/hbnas/datasets/video_classification_videos/h264-vp9-150s/trans-150s/Technology/Marques Brownlee/Marques20.webm,News
4128,/mnt/hbnas/datasets/video_classification_videos/h264-vp9-150s/trans-150s/Technology/Marques Brownlee/Marques614.webm,News
4129,/mnt/hbnas/datasets/video_classification_videos/h264-vp9-150s/trans-150s/Technology/Marques Brownlee/Marques377.webm,News
4130,/mnt/hbnas/datasets/video_classification_videos/h264-vp9-150s/trans-150s/Technology/Marques Brownlee/Marques249.webm,News
4131,/mnt/hbnas/datasets/video_classification_videos/h264-vp9-150s/trans-150s/Technology/Marques Brownlee/Marques271.webm,News
4132,/mnt/hbnas/datasets/video_classification_videos/h264-vp9-150s/trans-150s/Technology/Marques Brownlee/Marques264.webm,News
4133,/mnt/hbnas/datasets/video_classification_videos/h264-vp9-150s/trans-150s/Technology/Marques Brownlee/Marques714.webm,News
4134,/mnt/hbnas/datasets/video_classification_videos/h264-vp9-150s/trans-150s/Technology/Marques Brownlee/Marques460.webm,News
4135,/mnt/hbnas/datasets/video_classification_videos/h264-vp9-150s/trans-150s/Technology/Marques Brownlee/Marques67.webm,News
4136,/mnt/hbnas/datasets/video_classification_videos/h264-vp9-150s/trans-150s/Technology/Marques Brownlee/Marques201.webm,News
4137,/mnt/hbnas/datasets/video_classification_videos/h264-vp9-150s/trans-150s/Technology/Marques Brownlee/Marques622.webm,News
4138,/mnt/hbnas/datasets/video_classification_videos/h264-vp9-150s/trans-150s/Technology/Marques Brownlee/Marques627.webm,News
4139,/mnt/hbnas/datasets/video_classification_videos/h264-vp9-150s/trans-150s/Technology/Marques Brownlee/Marques619.webm,News
4140,/mnt/hbnas/datasets/video_classification_videos/h264-vp9-150s/trans-150s/Technology/Marques Brownlee/Marques171.webm,News
4141,/mnt/hbnas/datasets/video_classification_videos/h264-vp9-150s/trans-150s/Technology/Marques Brownlee/Marques327.webm,News
4142,/mnt/hbnas/datasets/video_classification_videos/h264-vp9-150s/trans-150s/Technology/Marques Brownlee/Marques290.webm,Game
4143,/mnt/hbnas/datasets/video_classification_videos/h264-vp9-150s/trans-150s/Technology/Marques Brownlee/Marques75.webm,News
4144,/mnt/hbnas/datasets/video_classification_videos/h264-vp9-150s/trans-150s/Technology/Marques Brownlee/Marques675.webm,News
4145,/mnt/hbnas/datasets/video_classification_videos/h264-vp9-150s/trans-150s/Technology/Marques Brownlee/Marques234.webm,News
4146,/mnt/hbnas/datasets/video_classification_videos/h264-vp9-150s/trans-150s/Technology/Marques Brownlee/Marques364.webm,News
4147,/mnt/hbnas/datasets/video_classification_videos/h264-vp9-150s/trans-150s/Technology/Marques Brownlee/Marques427.webm,News
4148,/mnt/hbnas/datasets/video_classification_videos/h264-vp9-150s/trans-150s/Technology/Marques Brownlee/Marques633.webm,News
4149,/mnt/hbnas/datasets/video_classification_videos/h264-vp9-150s/trans-150s/Technology/Marques Brownlee/Marques117.webm,Food
4150,/mnt/hbnas/datasets/video_classification_videos/h264-vp9-150s/trans-150s/Technology/Marques Brownlee/Marques244.webm,News
4151,/mnt/hbnas/datasets/video_classification_videos/h264-vp9-150s/trans-150s/Technology/Marques Brownlee/Marques428.webm,News
4152,/mnt/hbnas/datasets/video_classification_videos/h264-vp9-150s/trans-150s/Technology/Marques Brownlee/Marques684.webm,News
4153,/mnt/hbnas/datasets/video_classification_videos/h264-vp9-150s/trans-150s/Technology/Marques Brownlee/Marques461.webm,News
4154,/mnt/hbnas/datasets/video_classification_videos/h264-vp9-150s/trans-150s/Technology/Marques Brownlee/Marques167.webm,News
4155,/mnt/hbnas/datasets/video_classification_videos/h264-vp9-150s/trans-150s/Technology/Marques Brownlee/Marques669.webm,News
4156,/mnt/hbnas/datasets/video_classification_videos/h264-vp9-150s/trans-150s/Technology/Marques Brownlee/Marques156.webm,News
4157,/mnt/hbnas/datasets/video_classification_videos/h264-vp9-150s/trans-150s/Technology/Marques Brownlee/Marques396.webm,Food
4158,/mnt/hbnas/datasets/video_classification_videos/h264-vp9-150s/trans-150s/Technology/Marques Brownlee/Marques60.webm,News
4159,/mnt/hbnas/datasets/video_classification_videos/h264-vp9-150s/trans-150s/Technology/Marques Brownlee/Marques97.webm,News
4160,/mnt/hbnas/datasets/video_classification_videos/h264-vp9-150s/trans-150s/Technology/Marques Brownlee/Marques583.webm,News
4161,/mnt/hbnas/datasets/video_classification_videos/h264-vp9-150s/trans-150s/Technology/Marques Brownlee/Marques260.webm,News
4162,/mnt/hbnas/datasets/video_classification_videos/h264-vp9-150s/trans-150s/Technology/Marques Brownlee/Marques298.webm,News
4163,/mnt/hbnas/datasets/video_classification_videos/h264-vp9-150s/trans-150s/Technology/Marques Brownlee/Marques635.webm,News
4164,/mnt/hbnas/datasets/video_classification_videos/h264-vp9-150s/trans-150s/Technology/Marques Brownlee/Marques524.webm,News
4165,/mnt/hbnas/datasets/video_classification_videos/h264-vp9-150s/trans-150s/Technology/Marques Brownlee/Marques334.webm,News
4166,/mnt/hbnas/datasets/video_classification_videos/h264-vp9-150s/trans-150s/Technology/Marques Brownlee/Marques526.webm,Game
4167,/mnt/hbnas/datasets/video_classification_videos/h264-vp9-150s/trans-150s/Technology/Marques Brownlee/Marques696.webm,News
4168,/mnt/hbnas/datasets/video_classification_videos/h264-vp9-150s/trans-150s/Technology/Marques Brownlee/Marques692.webm,News
4169,/mnt/hbnas/datasets/video_classification_videos/h264-vp9-150s/trans-150s/Technology/Marques Brownlee/Marques325.webm,News
4170,/mnt/hbnas/datasets/video_classification_videos/h264-vp9-150s/trans-150s/Technology/Marques Brownlee/Marques466.webm,News
4171,/mnt/hbnas/datasets/video_classification_videos/h264-vp9-150s/trans-150s/Technology/Marques Brownlee/Marques382.webm,News
4172,/mnt/hbnas/datasets/video_classification_videos/h264-vp9-150s/trans-150s/Technology/Marques Brownlee/Marques594.webm,News
4173,/mnt/hbnas/datasets/video_classification_videos/h264-vp9-150s/trans-150s/Technology/Marques Brownlee/Marques504.webm,News
4174,/mnt/hbnas/datasets/video_classification_videos/h264-vp9-150s/trans-150s/Technology/Marques Brownlee/Marques668.webm,News
4175,/mnt/hbnas/datasets/video_classification_videos/h264-vp9-150s/trans-150s/Technology/Marques Brownlee/Marques525.webm,News
4176,/mnt/hbnas/datasets/video_classification_videos/h264-vp9-150s/trans-150s/Technology/Marques Brownlee/Marques480.webm,News
4177,/mnt/hbnas/datasets/video_classification_videos/h264-vp9-150s/trans-150s/Technology/Marques Brownlee/Marques108.webm,News
4178,/mnt/hbnas/datasets/video_classification_videos/h264-vp9-150s/trans-150s/Technology/Marques Brownlee/Marques189.webm,Game
4179,/mnt/hbnas/datasets/video_classification_videos/h264-vp9-150s/trans-150s/Technology/Marques Brownlee/Marques420.webm,News
4180,/mnt/hbnas/datasets/video_classification_videos/h264-vp9-150s/trans-150s/Technology/Marques Brownlee/Marques659.webm,Game
4181,/mnt/hbnas/datasets/video_classification_videos/h264-vp9-150s/trans-150s/Technology/Marques Brownlee/Marques218.webm,News
4182,/mnt/hbnas/datasets/video_classification_videos/h264-vp9-150s/trans-150s/Technology/Marques Brownlee/Marques246.webm,News
4183,/mnt/hbnas/datasets/video_classification_videos/h264-vp9-150s/trans-150s/Technology/CrazyRussianHacker/CrazyRussianHacker252.webm,News
4184,/mnt/hbnas/datasets/video_classification_videos/h264-vp9-150s/trans-150s/Technology/CrazyRussianHacker/CrazyRussianHacker55.webm,Music
4185,/mnt/hbnas/datasets/video_classification_videos/h264-vp9-150s/trans-150s/Technology/CrazyRussianHacker/CrazyRussianHacker133.webm,News
4186,/mnt/hbnas/datasets/video_classification_videos/h264-vp9-150s/trans-150s/Technology/CrazyRussianHacker/CrazyRussianHacker363.webm,News
4187,/mnt/hbnas/datasets/video_classification_videos/h264-vp9-150s/trans-150s/Technology/CrazyRussianHacker/CrazyRussianHacker18.webm,Game
4188,/mnt/hbnas/datasets/video_classification_videos/h264-vp9-150s/trans-150s/Technology/CrazyRussianHacker/CrazyRussianHacker33.webm,News
4189,/mnt/hbnas/datasets/video_classification_videos/h264-vp9-150s/trans-150s/Technology/CrazyRussianHacker/CrazyRussianHacker66.webm,News
4190,/mnt/hbnas/datasets/video_classification_videos/h264-vp9-150s/trans-150s/Technology/CrazyRussianHacker/CrazyRussianHacker421.webm,News
4191,/mnt/hbnas/datasets/video_classification_videos/h264-vp9-150s/trans-150s/Technology/CrazyRussianHacker/CrazyRussianHacker449.webm,Game
4192,/mnt/hbnas/datasets/video_classification_videos/h264-vp9-150s/trans-150s/Technology/CrazyRussianHacker/CrazyRussianHacker231.webm,News
4193,/mnt/hbnas/datasets/video_classification_videos/h264-vp9-150s/trans-150s/Technology/CrazyRussianHacker/CrazyRussianHacker37.webm,News
4194,/mnt/hbnas/datasets/video_classification_videos/h264-vp9-150s/trans-150s/Technology/CrazyRussianHacker/CrazyRussianHacker139.webm,News
4195,/mnt/hbnas/datasets/video_classification_videos/h264-vp9-150s/trans-150s/Technology/CrazyRussianHacker/CrazyRussianHacker275.webm,News
4196,/mnt/hbnas/datasets/video_classification_videos/h264-vp9-150s/trans-150s/Technology/CrazyRussianHacker/CrazyRussianHacker317.webm,News
4197,/mnt/hbnas/datasets/video_classification_videos/h264-vp9-150s/trans-150s/Technology/CrazyRussianHacker/CrazyRussianHacker198.webm,News
4198,/mnt/hbnas/datasets/video_classification_videos/h264-vp9-150s/trans-150s/Technology/CrazyRussianHacker/CrazyRussianHacker48.webm,News
4199,/mnt/hbnas/datasets/video_classification_videos/h264-vp9-150s/trans-150s/Technology/CrazyRussianHacker/CrazyRussianHacker182.webm,News
4200,/mnt/hbnas/datasets/video_classification_videos/h264-vp9-150s/trans-150s/Technology/CrazyRussianHacker/CrazyRussianHacker400.webm,News
4201,/mnt/hbnas/datasets/video_classification_videos/h264-vp9-150s/trans-150s/Technology/CrazyRussianHacker/CrazyRussianHacker438.webm,News
4202,/mnt/hbnas/datasets/video_classification_videos/h264-vp9-150s/trans-150s/Technology/CrazyRussianHacker/CrazyRussianHacker104.webm,News
4203,/mnt/hbnas/datasets/video_classification_videos/h264-vp9-150s/trans-150s/Technology/CrazyRussianHacker/CrazyRussianHacker413.webm,News
4204,/mnt/hbnas/datasets/video_classification_videos/h264-vp9-150s/trans-150s/Technology/CrazyRussianHacker/CrazyRussianHacker329.webm,News
4205,/mnt/hbnas/datasets/video_classification_videos/h264-vp9-150s/trans-150s/Technology/CrazyRussianHacker/CrazyRussianHacker78.webm,News
4206,/mnt/hbnas/datasets/video_classification_videos/h264-vp9-150s/trans-150s/Technology/CrazyRussianHacker/CrazyRussianHacker433.webm,News
4207,/mnt/hbnas/datasets/video_classification_videos/h264-vp9-150s/trans-150s/Technology/CrazyRussianHacker/CrazyRussianHacker510.webm,News
4208,/mnt/hbnas/datasets/video_classification_videos/h264-vp9-150s/trans-150s/Technology/CrazyRussianHacker/CrazyRussianHacker54.webm,News
4209,/mnt/hbnas/datasets/video_classification_videos/h264-vp9-150s/trans-150s/Technology/CrazyRussianHacker/CrazyRussianHacker497.webm,News
4210,/mnt/hbnas/datasets/video_classification_videos/h264-vp9-150s/trans-150s/Technology/CrazyRussianHacker/CrazyRussianHacker466.webm,Movie
4211,/mnt/hbnas/datasets/video_classification_videos/h264-vp9-150s/trans-150s/Technology/CrazyRussianHacker/CrazyRussianHacker463.webm,News
4212,/mnt/hbnas/datasets/video_classification_videos/h264-vp9-150s/trans-150s/Technology/CrazyRussianHacker/CrazyRussianHacker5.webm,Music
4213,/mnt/hbnas/datasets/video_classification_videos/h264-vp9-150s/trans-150s/Technology/CrazyRussianHacker/CrazyRussianHacker287.webm,Game
4214,/mnt/hbnas/datasets/video_classification_videos/h264-vp9-150s/trans-150s/Technology/CrazyRussianHacker/CrazyRussianHacker138.webm,News
4215,/mnt/hbnas/datasets/video_classification_videos/h264-vp9-150s/trans-150s/Technology/CrazyRussianHacker/CrazyRussianHacker15.webm,News
4216,/mnt/hbnas/datasets/video_classification_videos/h264-vp9-150s/trans-150s/Technology/CrazyRussianHacker/CrazyRussianHacker482.webm,News
4217,/mnt/hbnas/datasets/video_classification_videos/h264-vp9-150s/trans-150s/Technology/CrazyRussianHacker/CrazyRussianHacker426.webm,News
4218,/mnt/hbnas/datasets/video_classification_videos/h264-vp9-150s/trans-150s/Technology/CrazyRussianHacker/CrazyRussianHacker394.webm,News
4219,/mnt/hbnas/datasets/video_classification_videos/h264-vp9-150s/trans-150s/Technology/CrazyRussianHacker/CrazyRussianHacker425.webm,Game
4220,/mnt/hbnas/datasets/video_classification_videos/h264-vp9-150s/trans-150s/Technology/CrazyRussianHacker/CrazyRussianHacker53.webm,News
4221,/mnt/hbnas/datasets/video_classification_videos/h264-vp9-150s/trans-150s/Technology/CrazyRussianHacker/CrazyRussianHacker326.webm,News
4222,/mnt/hbnas/datasets/video_classification_videos/h264-vp9-150s/trans-150s/Technology/CrazyRussianHacker/CrazyRussianHacker135.webm,Game
4223,/mnt/hbnas/datasets/video_classification_videos/h264-vp9-150s/trans-150s/Technology/CrazyRussianHacker/CrazyRussianHacker16.webm,News
4224,/mnt/hbnas/datasets/video_classification_videos/h264-vp9-150s/trans-150s/Technology/CrazyRussianHacker/CrazyRussianHacker128.webm,News
4225,/mnt/hbnas/datasets/video_classification_videos/h264-vp9-150s/trans-150s/Technology/CrazyRussianHacker/CrazyRussianHacker71.webm,News
4226,/mnt/hbnas/datasets/video_classification_videos/h264-vp9-150s/trans-150s/Technology/CrazyRussianHacker/CrazyRussianHacker27.webm,Music
4227,/mnt/hbnas/datasets/video_classification_videos/h264-vp9-150s/trans-150s/Technology/CrazyRussianHacker/CrazyRussianHacker512.webm,News
4228,/mnt/hbnas/datasets/video_classification_videos/h264-vp9-150s/trans-150s/Technology/CrazyRussianHacker/CrazyRussianHacker294.webm,News
4229,/mnt/hbnas/datasets/video_classification_videos/h264-vp9-150s/trans-150s/Technology/CrazyRussianHacker/CrazyRussianHacker301.webm,News
4230,/mnt/hbnas/datasets/video_classification_videos/h264-vp9-150s/trans-150s/Technology/CrazyRussianHacker/CrazyRussianHacker233.webm,Game
4231,/mnt/hbnas/datasets/video_classification_videos/h264-vp9-150s/trans-150s/Technology/CrazyRussianHacker/CrazyRussianHacker419.webm,News
4232,/mnt/hbnas/datasets/video_classification_videos/h264-vp9-150s/trans-150s/Technology/CrazyRussianHacker/CrazyRussianHacker380.webm,Game
4233,/mnt/hbnas/datasets/video_classification_videos/h264-vp9-150s/trans-150s/Technology/CrazyRussianHacker/CrazyRussianHacker514.webm,News
4234,/mnt/hbnas/datasets/video_classification_videos/h264-vp9-150s/trans-150s/Technology/CrazyRussianHacker/CrazyRussianHacker3.webm,News
4235,/mnt/hbnas/datasets/video_classification_videos/h264-vp9-150s/trans-150s/Technology/CrazyRussianHacker/CrazyRussianHacker308.webm,News
4236,/mnt/hbnas/datasets/video_classification_videos/h264-vp9-150s/trans-150s/Technology/CrazyRussianHacker/CrazyRussianHacker504.webm,News
4237,/mnt/hbnas/datasets/video_classification_videos/h264-vp9-150s/trans-150s/Technology/CrazyRussianHacker/CrazyRussianHacker174.webm,News
4238,/mnt/hbnas/datasets/video_classification_videos/h264-vp9-150s/trans-150s/Technology/CrazyRussianHacker/CrazyRussianHacker60.webm,News
4239,/mnt/hbnas/datasets/video_classification_videos/h264-vp9-150s/trans-150s/Technology/CrazyRussianHacker/CrazyRussianHacker403.webm,News
4240,/mnt/hbnas/datasets/video_classification_videos/h264-vp9-150s/trans-150s/Technology/CrazyRussianHacker/CrazyRussianHacker300.webm,News
4241,/mnt/hbnas/datasets/video_classification_videos/h264-vp9-150s/trans-150s/Technology/CrazyRussianHacker/CrazyRussianHacker184.webm,News
4242,/mnt/hbnas/datasets/video_classification_videos/h264-vp9-150s/trans-150s/Technology/CrazyRussianHacker/CrazyRussianHacker340.webm,News
4243,/mnt/hbnas/datasets/video_classification_videos/h264-vp9-150s/trans-150s/Technology/CrazyRussianHacker/CrazyRussianHacker143.webm,News
4244,/mnt/hbnas/datasets/video_classification_videos/h264-vp9-150s/trans-150s/Technology/CrazyRussianHacker/CrazyRussianHacker335.webm,Movie
4245,/mnt/hbnas/datasets/video_classification_videos/h264-vp9-150s/trans-150s/Technology/CrazyRussianHacker/CrazyRussianHacker247.webm,News
4246,/mnt/hbnas/datasets/video_classification_videos/h264-vp9-150s/trans-150s/Technology/CrazyRussianHacker/CrazyRussianHacker11.webm,News
4247,/mnt/hbnas/datasets/video_classification_videos/h264-vp9-150s/trans-150s/Technology/Unbox Therapy/Unbox154.webm,News
4248,/mnt/hbnas/datasets/video_classification_videos/h264-vp9-150s/trans-150s/Technology/Unbox Therapy/Unbox315.webm,News
4249,/mnt/hbnas/datasets/video_classification_videos/h264-vp9-150s/trans-150s/Technology/Unbox Therapy/Unbox64.webm,News
4250,/mnt/hbnas/datasets/video_classification_videos/h264-vp9-150s/trans-150s/Technology/Unbox Therapy/Unbox227.webm,News
4251,/mnt/hbnas/datasets/video_classification_videos/h264-vp9-150s/trans-150s/Technology/Unbox Therapy/Unbox45.webm,News
4252,/mnt/hbnas/datasets/video_classification_videos/h264-vp9-150s/trans-150s/Technology/Unbox Therapy/Unbox51.webm,Game
4253,/mnt/hbnas/datasets/video_classification_videos/h264-vp9-150s/trans-150s/Technology/Unbox Therapy/Unbox39.webm,Game
4254,/mnt/hbnas/datasets/video_classification_videos/h264-vp9-150s/trans-150s/Technology/Unbox Therapy/Unbox365.webm,News
4255,/mnt/hbnas/datasets/video_classification_videos/h264-vp9-150s/trans-150s/Technology/Unbox Therapy/Unbox181.webm,Game
4256,/mnt/hbnas/datasets/video_classification_videos/h264-vp9-150s/trans-150s/Technology/Unbox Therapy/Unbox200.webm,Game
4257,/mnt/hbnas/datasets/video_classification_videos/h264-vp9-150s/trans-150s/Technology/Unbox Therapy/Unbox303.webm,Food
4258,/mnt/hbnas/datasets/video_classification_videos/h264-vp9-150s/trans-150s/Technology/Unbox Therapy/Unbox441.webm,Game
4259,/mnt/hbnas/datasets/video_classification_videos/h264-vp9-150s/trans-150s/Technology/Unbox Therapy/Unbox106.webm,News
4260,/mnt/hbnas/datasets/video_classification_videos/h264-vp9-150s/trans-150s/Technology/Unbox Therapy/Unbox283.webm,News
4261,/mnt/hbnas/datasets/video_classification_videos/h264-vp9-150s/trans-150s/Technology/Unbox Therapy/Unbox322.webm,News
4262,/mnt/hbnas/datasets/video_classification_videos/h264-vp9-150s/trans-150s/Technology/Unbox Therapy/Unbox38.webm,Game
4263,/mnt/hbnas/datasets/video_classification_videos/h264-vp9-150s/trans-150s/Technology/Unbox Therapy/Unbox94.webm,Game
4264,/mnt/hbnas/datasets/video_classification_videos/h264-vp9-150s/trans-150s/Technology/Unbox Therapy/Unbox79.webm,Game
4265,/mnt/hbnas/datasets/video_classification_videos/h264-vp9-150s/trans-150s/Technology/Unbox Therapy/Unbox403.webm,Music
4266,/mnt/hbnas/datasets/video_classification_videos/h264-vp9-150s/trans-150s/Technology/Unbox Therapy/Unbox78.webm,News
4267,/mnt/hbnas/datasets/video_classification_videos/h264-vp9-150s/trans-150s/Technology/Unbox Therapy/Unbox151.webm,News
4268,/mnt/hbnas/datasets/video_classification_videos/h264-vp9-150s/trans-150s/Technology/Unbox Therapy/Unbox153.webm,News
4269,/mnt/hbnas/datasets/video_classification_videos/h264-vp9-150s/trans-150s/Technology/Unbox Therapy/Unbox282.webm,Game
4270,/mnt/hbnas/datasets/video_classification_videos/h264-vp9-150s/trans-150s/Technology/Unbox Therapy/Unbox131.webm,Game
4271,/mnt/hbnas/datasets/video_classification_videos/h264-vp9-150s/trans-150s/Technology/Unbox Therapy/Unbox161.webm,Game
4272,/mnt/hbnas/datasets/video_classification_videos/h264-vp9-150s/trans-150s/Technology/Unbox Therapy/Unbox226.webm,News
4273,/mnt/hbnas/datasets/video_classification_videos/h264-vp9-150s/trans-150s/Technology/Unbox Therapy/Unbox245.webm,News
4274,/mnt/hbnas/datasets/video_classification_videos/h264-vp9-150s/trans-150s/Technology/Unbox Therapy/Unbox284.webm,News
4275,/mnt/hbnas/datasets/video_classification_videos/h264-vp9-150s/trans-150s/Technology/Unbox Therapy/Unbox331.webm,News
4276,/mnt/hbnas/datasets/video_classification_videos/h264-vp9-150s/trans-150s/Technology/Unbox Therapy/Unbox48.webm,Food
4277,/mnt/hbnas/datasets/video_classification_videos/h264-vp9-150s/trans-150s/Technology/Unbox Therapy/Unbox61.webm,Game
4278,/mnt/hbnas/datasets/video_classification_videos/h264-vp9-150s/trans-150s/Technology/Unbox Therapy/Unbox269.webm,News
4279,/mnt/hbnas/datasets/video_classification_videos/h264-vp9-150s/trans-150s/Technology/Unbox Therapy/Unbox286.webm,News
4280,/mnt/hbnas/datasets/video_classification_videos/h264-vp9-150s/trans-150s/Technology/Unbox Therapy/Unbox320.webm,News
4281,/mnt/hbnas/datasets/video_classification_videos/h264-vp9-150s/trans-150s/Technology/Unbox Therapy/Unbox145.webm,News
4282,/mnt/hbnas/datasets/video_classification_videos/h264-vp9-150s/trans-150s/Technology/Unbox Therapy/Unbox136.webm,News
4283,/mnt/hbnas/datasets/video_classification_videos/h264-vp9-150s/trans-150s/Technology/Unbox Therapy/Unbox390.webm,News
4284,/mnt/hbnas/datasets/video_classification_videos/h264-vp9-150s/trans-150s/Technology/Unbox Therapy/Unbox185.webm,News
4285,/mnt/hbnas/datasets/video_classification_videos/h264-vp9-150s/trans-150s/Technology/Unbox Therapy/Unbox436.webm,Game
4286,/mnt/hbnas/datasets/video_classification_videos/h264-vp9-150s/trans-150s/Technology/Unbox Therapy/Unbox95.webm,Game
4287,/mnt/hbnas/datasets/video_classification_videos/h264-vp9-150s/trans-150s/Technology/Unbox Therapy/Unbox311.webm,Game
4288,/mnt/hbnas/datasets/video_classification_videos/h264-vp9-150s/trans-150s/Technology/Unbox Therapy/Unbox439.webm,Game
4289,/mnt/hbnas/datasets/video_classification_videos/h264-vp9-150s/trans-150s/Technology/Unbox Therapy/Unbox116.webm,Food
4290,/mnt/hbnas/datasets/video_classification_videos/h264-vp9-150s/trans-150s/Technology/Unbox Therapy/Unbox190.webm,Food
4291,/mnt/hbnas/datasets/video_classification_videos/h264-vp9-150s/trans-150s/Technology/Unbox Therapy/Unbox354.webm,News
4292,/mnt/hbnas/datasets/video_classification_videos/h264-vp9-150s/trans-150s/Technology/Unbox Therapy/Unbox172.webm,News
4293,/mnt/hbnas/datasets/video_classification_videos/h264-vp9-150s/trans-150s/Technology/Unbox Therapy/Unbox1.webm,Game
4294,/mnt/hbnas/datasets/video_classification_videos/h264-vp9-150s/trans-150s/Technology/Unbox Therapy/Unbox82.webm,News
4295,/mnt/hbnas/datasets/video_classification_videos/h264-vp9-150s/trans-150s/Technology/Unbox Therapy/Unbox459.webm,News
4296,/mnt/hbnas/datasets/video_classification_videos/h264-vp9-150s/trans-150s/Technology/Unbox Therapy/Unbox394.webm,Game
4297,/mnt/hbnas/datasets/video_classification_videos/h264-vp9-150s/trans-150s/Technology/Unbox Therapy/Unbox176.webm,Game
4298,/mnt/hbnas/datasets/video_classification_videos/h264-vp9-150s/trans-150s/Technology/Unbox Therapy/Unbox378.webm,News
4299,/mnt/hbnas/datasets/video_classification_videos/h264-vp9-150s/trans-150s/Technology/Unbox Therapy/Unbox430.webm,News
4300,/mnt/hbnas/datasets/video_classification_videos/h264-vp9-150s/trans-150s/Technology/Unbox Therapy/Unbox103.webm,Game
4301,/mnt/hbnas/datasets/video_classification_videos/h264-vp9-150s/trans-150s/Technology/Unbox Therapy/Unbox433.webm,Game
4302,/mnt/hbnas/datasets/video_classification_videos/h264-vp9-150s/trans-150s/Technology/Unbox Therapy/Unbox238.webm,News
4303,/mnt/hbnas/datasets/video_classification_videos/h264-vp9-150s/trans-150s/Technology/Unbox Therapy/Unbox235.webm,Game
4304,/mnt/hbnas/datasets/video_classification_videos/h264-vp9-150s/trans-150s/Technology/Unbox Therapy/Unbox387.webm,Food
4305,/mnt/hbnas/datasets/video_classification_videos/h264-vp9-150s/trans-150s/Technology/Unbox Therapy/Unbox110.webm,News
4306,/mnt/hbnas/datasets/video_classification_videos/h264-vp9-150s/trans-150s/Technology/Unbox Therapy/Unbox57.webm,News
4307,/mnt/hbnas/datasets/video_classification_videos/h264-vp9-150s/trans-150s/Technology/Unbox Therapy/Unbox229.webm,Game
4308,/mnt/hbnas/datasets/video_classification_videos/h264-vp9-150s/trans-150s/Technology/Unbox Therapy/Unbox31.webm,News
4309,/mnt/hbnas/datasets/video_classification_videos/h264-vp9-150s/trans-150s/Technology/Unbox Therapy/Unbox206.webm,News
4310,/mnt/hbnas/datasets/video_classification_videos/h264-vp9-150s/trans-150s/Technology/Unbox Therapy/Unbox119.webm,News
4311,/mnt/hbnas/datasets/video_classification_videos/h264-vp9-150s/trans-150s/Technology/Unbox Therapy/Unbox12.webm,News
4312,/mnt/hbnas/datasets/video_classification_videos/h264-vp9-150s/trans-150s/Technology/Unbox Therapy/Unbox330.webm,News
4313,/mnt/hbnas/datasets/video_classification_videos/h264-vp9-150s/trans-150s/Technology/Unbox Therapy/Unbox210.webm,News
4314,/mnt/hbnas/datasets/video_classification_videos/h264-vp9-150s/trans-150s/Technology/Unbox Therapy/Unbox183.webm,Game
4315,/mnt/hbnas/datasets/video_classification_videos/h264-vp9-150s/trans-150s/Technology/Unbox Therapy/Unbox26.webm,Music
4316,/mnt/hbnas/datasets/video_classification_videos/h264-vp9-150s/trans-150s/Technology/Unbox Therapy/Unbox344.webm,Game
4317,/mnt/hbnas/datasets/video_classification_videos/h264-vp9-150s/trans-150s/Technology/Unbox Therapy/Unbox11.webm,News
4318,/mnt/hbnas/datasets/video_classification_videos/h264-vp9-150s/trans-150s/Technology/Unbox Therapy/Unbox15.webm,Game
4319,/mnt/hbnas/datasets/video_classification_videos/h264-vp9-150s/trans-150s/Technology/Unbox Therapy/Unbox23.webm,News
4320,/mnt/hbnas/datasets/video_classification_videos/h264-vp9-150s/trans-150s/Technology/Unbox Therapy/Unbox319.webm,News
4321,/mnt/hbnas/datasets/video_classification_videos/h264-vp9-150s/trans-150s/Technology/Unbox Therapy/Unbox398.webm,Game
4322,/mnt/hbnas/datasets/video_classification_videos/h264-vp9-150s/trans-150s/Technology/Unbox Therapy/Unbox360.webm,News
4323,/mnt/hbnas/datasets/video_classification_videos/h264-vp9-150s/trans-150s/Technology/Unbox Therapy/Unbox405.webm,Food
4324,/mnt/hbnas/datasets/video_classification_videos/h264-vp9-150s/trans-150s/Technology/Unbox Therapy/Unbox240.webm,Game
4325,/mnt/hbnas/datasets/video_classification_videos/h264-vp9-150s/trans-150s/Technology/Unbox Therapy/Unbox162.webm,Game
4326,/mnt/hbnas/datasets/video_classification_videos/h264-vp9-150s/trans-150s/Technology/Unbox Therapy/Unbox125.webm,News
4327,/mnt/hbnas/datasets/video_classification_videos/h264-vp9-150s/trans-150s/Technology/Unbox Therapy/Unbox421.webm,Game
4328,/mnt/hbnas/datasets/video_classification_videos/h264-vp9-150s/trans-150s/Technology/Unbox Therapy/Unbox429.webm,News
4329,/mnt/hbnas/datasets/video_classification_videos/h264-vp9-150s/trans-150s/Technology/Unbox Therapy/Unbox479.webm,Game
4330,/mnt/hbnas/datasets/video_classification_videos/h264-vp9-150s/trans-150s/Technology/Unbox Therapy/Unbox249.webm,Game
4331,/mnt/hbnas/datasets/video_classification_videos/h264-vp9-150s/trans-150s/Technology/Unbox Therapy/Unbox155.webm,News
4332,/mnt/hbnas/datasets/video_classification_videos/h264-vp9-150s/trans-150s/Technology/Unbox Therapy/Unbox157.webm,News
4333,/mnt/hbnas/datasets/video_classification_videos/h264-vp9-150s/trans-150s/Technology/Unbox Therapy/Unbox371.webm,Food
4334,/mnt/hbnas/datasets/video_classification_videos/h264-vp9-150s/trans-150s/Technology/Unbox Therapy/Unbox431.webm,Music
4335,/mnt/hbnas/datasets/video_classification_videos/h264-vp9-150s/trans-150s/Technology/Unbox Therapy/Unbox392.webm,Game
4336,/mnt/hbnas/datasets/video_classification_videos/h264-vp9-150s/trans-150s/Technology/Unbox Therapy/Unbox410.webm,Game
4337,/mnt/hbnas/datasets/video_classification_videos/h264-vp9-150s/trans-150s/Technology/Unbox Therapy/Unbox28.webm,Game
4338,/mnt/hbnas/datasets/video_classification_videos/h264-vp9-150s/trans-150s/Technology/Unbox Therapy/Unbox268.webm,News
4339,/mnt/hbnas/datasets/video_classification_videos/h264-vp9-150s/trans-150s/Technology/Unbox Therapy/Unbox193.webm,News
4340,/mnt/hbnas/datasets/video_classification_videos/h264-vp9-150s/trans-150s/Technology/Unbox Therapy/Unbox383.webm,Game
4341,/mnt/hbnas/datasets/video_classification_videos/h264-vp9-150s/trans-150s/Technology/Unbox Therapy/Unbox40.webm,News
4342,/mnt/hbnas/datasets/video_classification_videos/h264-vp9-150s/trans-150s/Technology/Unbox Therapy/Unbox225.webm,News
4343,/mnt/hbnas/datasets/video_classification_videos/h264-vp9-150s/trans-150s/Technology/Unbox Therapy/Unbox255.webm,News
4344,/mnt/hbnas/datasets/video_classification_videos/h264-vp9-150s/trans-150s/Technology/Unbox Therapy/Unbox120.webm,News
4345,/mnt/hbnas/datasets/video_classification_videos/h264-vp9-150s/trans-150s/Technology/Unbox Therapy/Unbox460.webm,Game
4346,/mnt/hbnas/datasets/video_classification_videos/h264-vp9-150s/trans-150s/Technology/Unbox Therapy/Unbox233.webm,Game
4347,/mnt/hbnas/datasets/video_classification_videos/h264-vp9-150s/trans-150s/Technology/Unbox Therapy/Unbox138.webm,News
4348,/mnt/hbnas/datasets/video_classification_videos/h264-vp9-150s/trans-150s/Technology/Unbox Therapy/Unbox196.webm,Game
4349,/mnt/hbnas/datasets/video_classification_videos/h264-vp9-150s/trans-150s/Technology/Unbox Therapy/Unbox85.webm,News
4350,/mnt/hbnas/datasets/video_classification_videos/h264-vp9-150s/trans-150s/Technology/Unbox Therapy/Unbox408.webm,Food
4351,/mnt/hbnas/datasets/video_classification_videos/h264-vp9-150s/trans-150s/Technology/Unbox Therapy/Unbox139.webm,News
4352,/mnt/hbnas/datasets/video_classification_videos/h264-vp9-150s/trans-150s/Technology/Unbox Therapy/Unbox413.webm,Game
4353,/mnt/hbnas/datasets/video_classification_videos/h264-vp9-150s/trans-150s/Technology/Unbox Therapy/Unbox388.webm,Game
4354,/mnt/hbnas/datasets/video_classification_videos/h264-vp9-150s/trans-150s/Technology/Unbox Therapy/Unbox43.webm,News
4355,/mnt/hbnas/datasets/video_classification_videos/h264-vp9-150s/trans-150s/Technology/Unbox Therapy/Unbox464.webm,News
4356,/mnt/hbnas/datasets/video_classification_videos/h264-vp9-150s/trans-150s/Technology/Unbox Therapy/Unbox350.webm,Food
4357,/mnt/hbnas/datasets/video_classification_videos/h264-vp9-150s/trans-150s/Technology/Unbox Therapy/Unbox293.webm,Food
4358,/mnt/hbnas/datasets/video_classification_videos/h264-vp9-150s/trans-150s/Technology/Unbox Therapy/Unbox215.webm,Game
4359,/mnt/hbnas/datasets/video_classification_videos/h264-vp9-150s/trans-150s/Technology/Unbox Therapy/Unbox393.webm,News
4360,/mnt/hbnas/datasets/video_classification_videos/h264-vp9-150s/trans-150s/Technology/Unbox Therapy/Unbox402.webm,Food
4361,/mnt/hbnas/datasets/video_classification_videos/h264-vp9-150s/trans-150s/Technology/Unbox Therapy/Unbox179.webm,News
4362,/mnt/hbnas/datasets/video_classification_videos/h264-vp9-150s/trans-150s/Technology/Unbox Therapy/Unbox310.webm,Game
4363,/mnt/hbnas/datasets/video_classification_videos/h264-vp9-150s/trans-150s/Technology/Unbox Therapy/Unbox343.webm,Game
4364,/mnt/hbnas/datasets/video_classification_videos/h264-vp9-150s/trans-150s/Technology/Unbox Therapy/Unbox17.webm,News
4365,/mnt/hbnas/datasets/video_classification_videos/h264-vp9-150s/trans-150s/Technology/Unbox Therapy/Unbox443.webm,News
4366,/mnt/hbnas/datasets/video_classification_videos/h264-vp9-150s/trans-150s/Technology/Unbox Therapy/Unbox86.webm,News
4367,/mnt/hbnas/datasets/video_classification_videos/h264-vp9-150s/trans-150s/Technology/Unbox Therapy/Unbox149.webm,Game
4368,/mnt/hbnas/datasets/video_classification_videos/h264-vp9-150s/trans-150s/Technology/Unbox Therapy/Unbox241.webm,Game
4369,/mnt/hbnas/datasets/video_classification_videos/h264-vp9-150s/trans-150s/Technology/Unbox Therapy/Unbox89.webm,Game
4370,/mnt/hbnas/datasets/video_classification_videos/h264-vp9-150s/trans-150s/Technology/Unbox Therapy/Unbox297.webm,News
4371,/mnt/hbnas/datasets/video_classification_videos/h264-vp9-150s/trans-150s/Technology/Unbox Therapy/Unbox417.webm,Game
4372,/mnt/hbnas/datasets/video_classification_videos/h264-vp9-150s/trans-150s/Technology/Unbox Therapy/Unbox194.webm,Game
4373,/mnt/hbnas/datasets/video_classification_videos/h264-vp9-150s/trans-150s/Technology/Unbox Therapy/Unbox239.webm,News
4374,/mnt/hbnas/datasets/video_classification_videos/h264-vp9-150s/trans-150s/Technology/Unbox Therapy/Unbox432.webm,Food
4375,/mnt/hbnas/datasets/video_classification_videos/h264-vp9-150s/trans-150s/Technology/Unbox Therapy/Unbox224.webm,Game
4376,/mnt/hbnas/datasets/video_classification_videos/h264-vp9-150s/trans-150s/Technology/Unbox Therapy/Unbox435.webm,Game
4377,/mnt/hbnas/datasets/video_classification_videos/h264-vp9-150s/trans-150s/Technology/Unbox Therapy/Unbox351.webm,News
4378,/mnt/hbnas/datasets/video_classification_videos/h264-vp9-150s/trans-150s/Technology/Unbox Therapy/Unbox21.webm,News
4379,/mnt/hbnas/datasets/video_classification_videos/h264-vp9-150s/trans-150s/Technology/Unbox Therapy/Unbox465.webm,Game
4380,/mnt/hbnas/datasets/video_classification_videos/h264-vp9-150s/trans-150s/Technology/Unbox Therapy/Unbox114.webm,Game
4381,/mnt/hbnas/datasets/video_classification_videos/h264-vp9-150s/trans-150s/Technology/Unbox Therapy/Unbox454.webm,News
4382,/mnt/hbnas/datasets/video_classification_videos/h264-vp9-150s/trans-150s/Technology/Unbox Therapy/Unbox142.webm,News
4383,/mnt/hbnas/datasets/video_classification_videos/h264-vp9-150s/trans-150s/Technology/Unbox Therapy/Unbox6.webm,News
4384,/mnt/hbnas/datasets/video_classification_videos/h264-vp9-150s/trans-150s/Technology/Unbox Therapy/Unbox212.webm,News
4385,/mnt/hbnas/datasets/video_classification_videos/h264-vp9-150s/trans-150s/Technology/Unbox Therapy/Unbox4.webm,News
4386,/mnt/hbnas/datasets/video_classification_videos/h264-vp9-150s/trans-150s/Technology/Unbox Therapy/Unbox159.webm,Game
4387,/mnt/hbnas/datasets/video_classification_videos/h264-vp9-150s/trans-150s/Technology/Unbox Therapy/Unbox349.webm,Game
4388,/mnt/hbnas/datasets/video_classification_videos/h264-vp9-150s/trans-150s/Technology/Unbox Therapy/Unbox452.webm,News
4389,/mnt/hbnas/datasets/video_classification_videos/h264-vp9-150s/trans-150s/Technology/Unbox Therapy/Unbox440.webm,News
4390,/mnt/hbnas/datasets/video_classification_videos/h264-vp9-150s/trans-150s/Technology/Unbox Therapy/Unbox122.webm,News
4391,/mnt/hbnas/datasets/video_classification_videos/h264-vp9-150s/trans-150s/Technology/Unbox Therapy/Unbox278.webm,News
4392,/mnt/hbnas/datasets/video_classification_videos/h264-vp9-150s/trans-150s/Technology/Unbox Therapy/Unbox84.webm,News
4393,/mnt/hbnas/datasets/video_classification_videos/h264-vp9-150s/trans-150s/Technology/Unbox Therapy/Unbox144.webm,News
4394,/mnt/hbnas/datasets/video_classification_videos/h264-vp9-150s/trans-150s/Technology/Unbox Therapy/Unbox257.webm,Game
4395,/mnt/hbnas/datasets/video_classification_videos/h264-vp9-150s/trans-150s/Technology/Unbox Therapy/Unbox462.webm,Game
4396,/mnt/hbnas/datasets/video_classification_videos/h264-vp9-150s/trans-150s/Technology/Unbox Therapy/Unbox143.webm,News
4397,/mnt/hbnas/datasets/video_classification_videos/h264-vp9-150s/trans-150s/Technology/Unbox Therapy/Unbox188.webm,News
4398,/mnt/hbnas/datasets/video_classification_videos/h264-vp9-150s/trans-150s/Technology/Unbox Therapy/Unbox87.webm,Game
4399,/mnt/hbnas/datasets/video_classification_videos/h264-vp9-150s/trans-150s/Technology/Unbox Therapy/Unbox72.webm,News
